--
-- PostgreSQL database dump
--

-- Dumped from database version 12.4 (Ubuntu 12.4-1.pgdg18.04+1)
-- Dumped by pg_dump version 12.4 (Ubuntu 12.4-1.pgdg18.04+1)

SET statement_timeout = 0;
SET lock_timeout = 0;
SET idle_in_transaction_session_timeout = 0;
SET client_encoding = 'UTF8';
SET standard_conforming_strings = on;
SELECT pg_catalog.set_config('search_path', '', false);
SET check_function_bodies = false;
SET xmloption = content;
SET client_min_messages = warning;
SET row_security = off;

ALTER TABLE ONLY public.sales DROP CONSTRAINT sales_store_id_fkey;
ALTER TABLE ONLY public.sales DROP CONSTRAINT sales_product_id_fkey;
ALTER TABLE ONLY public.prices DROP CONSTRAINT prices_product_id_fkey;
DROP INDEX public.sales_prod_ind;
DROP INDEX public.prices_prod_ind;
ALTER TABLE ONLY public.stores DROP CONSTRAINT stores_pkey;
ALTER TABLE ONLY public.stores DROP CONSTRAINT stores_address_key;
ALTER TABLE ONLY public.sales DROP CONSTRAINT sales_pkey;
ALTER TABLE ONLY public.products DROP CONSTRAINT products_pkey;
ALTER TABLE ONLY public.prices DROP CONSTRAINT prices_pkey;
ALTER TABLE public.prices DROP CONSTRAINT positive_price;
ALTER TABLE public.sales DROP CONSTRAINT amount_positive;
ALTER TABLE public.stores ALTER COLUMN id DROP DEFAULT;
ALTER TABLE public.sales ALTER COLUMN id DROP DEFAULT;
ALTER TABLE public.products ALTER COLUMN id DROP DEFAULT;
ALTER TABLE public.prices ALTER COLUMN id DROP DEFAULT;
DROP SEQUENCE public.stores_id_seq;
DROP TABLE public.stores;
DROP SEQUENCE public.sales_id_seq;
DROP TABLE public.sales;
DROP SEQUENCE public.products_id_seq;
DROP TABLE public.products;
DROP SEQUENCE public.prices_id_seq;
DROP TABLE public.prices;
SET default_tablespace = '';

SET default_table_access_method = heap;

--
-- Name: prices; Type: TABLE; Schema: public; Owner: postgres
--

CREATE TABLE public.prices (
    id integer NOT NULL,
    product_id integer NOT NULL,
    price money NOT NULL,
    date date NOT NULL
);


ALTER TABLE public.prices OWNER TO postgres;

--
-- Name: prices_id_seq; Type: SEQUENCE; Schema: public; Owner: postgres
--

CREATE SEQUENCE public.prices_id_seq
    AS integer
    START WITH 1
    INCREMENT BY 1
    NO MINVALUE
    NO MAXVALUE
    CACHE 1;


ALTER TABLE public.prices_id_seq OWNER TO postgres;

--
-- Name: prices_id_seq; Type: SEQUENCE OWNED BY; Schema: public; Owner: postgres
--

ALTER SEQUENCE public.prices_id_seq OWNED BY public.prices.id;


--
-- Name: products; Type: TABLE; Schema: public; Owner: postgres
--

CREATE TABLE public.products (
    id integer NOT NULL,
    name text NOT NULL,
    category text NOT NULL
);


ALTER TABLE public.products OWNER TO postgres;

--
-- Name: products_id_seq; Type: SEQUENCE; Schema: public; Owner: postgres
--

CREATE SEQUENCE public.products_id_seq
    AS integer
    START WITH 1
    INCREMENT BY 1
    NO MINVALUE
    NO MAXVALUE
    CACHE 1;


ALTER TABLE public.products_id_seq OWNER TO postgres;

--
-- Name: products_id_seq; Type: SEQUENCE OWNED BY; Schema: public; Owner: postgres
--

ALTER SEQUENCE public.products_id_seq OWNED BY public.products.id;


--
-- Name: sales; Type: TABLE; Schema: public; Owner: postgres
--

CREATE TABLE public.sales (
    id integer NOT NULL,
    store_id integer NOT NULL,
    product_id integer NOT NULL,
    amount integer NOT NULL,
    date date NOT NULL
);


ALTER TABLE public.sales OWNER TO postgres;

--
-- Name: sales_id_seq; Type: SEQUENCE; Schema: public; Owner: postgres
--

CREATE SEQUENCE public.sales_id_seq
    AS integer
    START WITH 1
    INCREMENT BY 1
    NO MINVALUE
    NO MAXVALUE
    CACHE 1;


ALTER TABLE public.sales_id_seq OWNER TO postgres;

--
-- Name: sales_id_seq; Type: SEQUENCE OWNED BY; Schema: public; Owner: postgres
--

ALTER SEQUENCE public.sales_id_seq OWNED BY public.sales.id;


--
-- Name: stores; Type: TABLE; Schema: public; Owner: postgres
--

CREATE TABLE public.stores (
    id integer NOT NULL,
    address text NOT NULL
);


ALTER TABLE public.stores OWNER TO postgres;

--
-- Name: stores_id_seq; Type: SEQUENCE; Schema: public; Owner: postgres
--

CREATE SEQUENCE public.stores_id_seq
    AS integer
    START WITH 1
    INCREMENT BY 1
    NO MINVALUE
    NO MAXVALUE
    CACHE 1;


ALTER TABLE public.stores_id_seq OWNER TO postgres;

--
-- Name: stores_id_seq; Type: SEQUENCE OWNED BY; Schema: public; Owner: postgres
--

ALTER SEQUENCE public.stores_id_seq OWNED BY public.stores.id;


--
-- Name: prices id; Type: DEFAULT; Schema: public; Owner: postgres
--

ALTER TABLE ONLY public.prices ALTER COLUMN id SET DEFAULT nextval('public.prices_id_seq'::regclass);


--
-- Name: products id; Type: DEFAULT; Schema: public; Owner: postgres
--

ALTER TABLE ONLY public.products ALTER COLUMN id SET DEFAULT nextval('public.products_id_seq'::regclass);


--
-- Name: sales id; Type: DEFAULT; Schema: public; Owner: postgres
--

ALTER TABLE ONLY public.sales ALTER COLUMN id SET DEFAULT nextval('public.sales_id_seq'::regclass);


--
-- Name: stores id; Type: DEFAULT; Schema: public; Owner: postgres
--

ALTER TABLE ONLY public.stores ALTER COLUMN id SET DEFAULT nextval('public.stores_id_seq'::regclass);


--
-- Data for Name: prices; Type: TABLE DATA; Schema: public; Owner: postgres
--

COPY public.prices (id, product_id, price, date) FROM stdin;
1	1065	 30,32грн.	2020-09-22
2	1137	 70,86грн.	2020-08-01
3	2032	 122,48грн.	2020-05-20
4	1947	 186,84грн.	2020-08-11
5	1256	 178,54грн.	2020-11-27
6	1117	 130,67грн.	2020-05-08
7	322	 125,02грн.	2020-12-09
8	1548	 75,36грн.	2020-02-09
9	1750	 68,57грн.	2020-05-14
10	1000	 176,22грн.	2020-09-04
11	594	 202,69грн.	2020-06-15
12	1633	 52,19грн.	2020-12-21
13	600	 78,29грн.	2020-05-01
14	2084	 32,19грн.	2020-12-10
15	1714	 56,63грн.	2020-12-05
16	382	 83,40грн.	2020-11-01
17	945	 51,29грн.	2020-02-09
18	2001	 112,05грн.	2020-01-06
19	1197	 46,98грн.	2020-08-27
20	1440	 124,14грн.	2020-01-03
21	1216	 133,92грн.	2020-03-27
22	4	 86,70грн.	2020-09-12
23	508	 75,05грн.	2020-02-16
24	501	 170,99грн.	2020-04-18
25	440	 44,50грн.	2020-07-06
26	26	 235,95грн.	2020-11-18
27	576	 197,82грн.	2020-07-31
28	557	 47,25грн.	2020-10-28
29	1220	 205,55грн.	2020-09-13
30	574	 10,76грн.	2020-05-24
31	689	 177,67грн.	2020-12-30
32	583	 184,79грн.	2020-04-21
33	323	 120,61грн.	2020-10-12
34	1258	 129,05грн.	2020-03-08
35	1563	 125,27грн.	2020-03-13
36	471	 228,19грн.	2020-09-27
37	1909	 140,13грн.	2020-10-05
38	1024	 196,48грн.	2020-11-16
39	1001	 90,20грн.	2020-03-03
40	348	 61,80грн.	2020-03-06
41	1009	 149,66грн.	2020-08-18
42	588	 162,62грн.	2020-08-16
43	242	 203,80грн.	2020-03-09
44	501	 120,69грн.	2020-10-18
45	284	 128,12грн.	2020-02-26
46	2042	 283,48грн.	2020-05-27
47	12	 47,29грн.	2020-11-16
48	1928	 228,02грн.	2020-08-11
49	2079	 92,56грн.	2020-07-05
50	155	 273,06грн.	2020-11-04
51	1389	 106,21грн.	2020-06-01
52	659	 71,74грн.	2020-11-19
53	360	 237,32грн.	2020-05-26
54	1007	 227,80грн.	2020-11-18
55	1005	 191,05грн.	2020-08-13
56	1974	 197,95грн.	2020-01-26
57	1902	 128,58грн.	2020-05-21
58	1822	 177,46грн.	2020-09-26
59	1529	 201,33грн.	2020-07-27
60	412	 70,34грн.	2020-10-11
61	1781	 140,41грн.	2020-02-07
62	922	 222,03грн.	2020-06-05
63	599	 30,21грн.	2020-01-14
64	453	 32,40грн.	2020-08-04
65	1624	 70,67грн.	2020-09-19
66	1234	 170,73грн.	2020-11-21
67	1493	 175,68грн.	2020-07-01
68	1474	 152,89грн.	2020-03-03
69	1	 66,81грн.	2020-11-22
70	1838	 123,10грн.	2020-11-19
71	61	 100,03грн.	2020-08-20
72	1544	 203,87грн.	2020-11-14
73	1048	 211,71грн.	2020-02-09
74	398	 92,25грн.	2020-09-13
75	215	 145,93грн.	2020-05-01
76	1400	 134,45грн.	2020-09-12
77	1521	 123,78грн.	2020-06-03
78	1543	 194,55грн.	2020-03-16
79	966	 136,98грн.	2020-06-19
80	1094	 151,51грн.	2020-12-19
81	1437	 176,98грн.	2020-04-06
82	42	 279,88грн.	2020-01-22
83	133	 215,12грн.	2020-12-31
84	1021	 79,42грн.	2020-09-09
85	285	 41,87грн.	2020-03-03
86	1234	 91,01грн.	2020-01-26
87	2044	 132,53грн.	2020-12-30
88	1201	 175,25грн.	2020-03-30
89	714	 158,62грн.	2020-09-08
90	982	 105,48грн.	2020-01-13
91	1397	 51,95грн.	2020-05-18
92	931	 88,53грн.	2020-12-22
93	136	 173,21грн.	2020-05-05
94	475	 67,42грн.	2020-04-11
95	285	 75,80грн.	2020-07-15
96	1711	 51,23грн.	2020-03-17
97	324	 86,47грн.	2020-01-28
98	1396	 120,05грн.	2020-06-14
99	827	 140,18грн.	2020-07-29
100	168	 212,85грн.	2020-04-18
101	1344	 57,93грн.	2020-10-31
102	1817	 211,02грн.	2020-02-21
103	1987	 186,97грн.	2020-05-30
104	1123	 227,30грн.	2020-09-18
105	659	 57,61грн.	2020-05-11
106	1062	 127,45грн.	2020-12-13
107	308	 163,59грн.	2020-04-10
108	1380	 98,32грн.	2020-01-25
109	1978	 184,55грн.	2020-01-10
110	1144	 102,71грн.	2020-05-01
111	1731	 10,88грн.	2020-03-29
112	2102	 159,42грн.	2020-08-17
113	1001	 242,07грн.	2020-04-25
114	423	 104,04грн.	2020-06-22
115	194	 151,64грн.	2020-04-12
116	1918	 197,27грн.	2020-12-29
117	588	 53,69грн.	2020-03-05
118	191	 105,11грн.	2020-03-16
119	444	 154,13грн.	2020-03-04
120	1507	 215,93грн.	2020-06-27
121	90	 76,84грн.	2020-11-14
122	538	 86,61грн.	2020-01-20
123	1161	 201,08грн.	2020-06-14
124	1172	 165,65грн.	2020-10-31
125	816	 81,69грн.	2020-04-12
126	727	 106,84грн.	2020-02-23
127	1787	 38,34грн.	2020-12-10
128	749	 177,83грн.	2020-09-29
129	451	 192,91грн.	2020-07-21
130	60	 94,01грн.	2020-01-16
131	982	 180,22грн.	2020-05-16
132	555	 177,24грн.	2020-12-10
133	2040	 191,63грн.	2020-08-21
134	309	 118,03грн.	2020-12-21
135	824	 88,08грн.	2020-11-25
136	1984	 178,88грн.	2020-04-11
137	1628	 110,91грн.	2020-02-01
138	1209	 167,00грн.	2020-01-13
139	168	 255,06грн.	2020-12-04
140	2076	 147,41грн.	2020-06-21
141	862	 172,91грн.	2020-09-22
142	1261	 88,63грн.	2020-01-18
143	1641	 23,27грн.	2020-02-02
144	788	 209,87грн.	2020-06-13
145	646	 10,87грн.	2020-08-27
146	998	 218,43грн.	2020-01-14
147	1147	 119,28грн.	2020-11-20
148	1937	 171,08грн.	2020-02-20
149	1581	 258,36грн.	2020-08-19
150	1499	 210,75грн.	2020-05-04
151	1546	 93,37грн.	2020-05-25
152	957	 146,50грн.	2020-09-02
153	1924	 189,25грн.	2020-05-24
154	916	 139,38грн.	2020-07-06
155	1495	 224,50грн.	2020-05-07
156	185	 170,38грн.	2020-03-16
157	1711	 238,67грн.	2020-02-04
158	590	 137,36грн.	2020-03-31
159	678	 184,00грн.	2020-08-06
160	914	 40,01грн.	2020-07-14
161	165	 173,00грн.	2020-05-02
162	1861	 228,61грн.	2020-06-04
163	592	 212,42грн.	2020-06-17
164	338	 158,59грн.	2020-12-04
165	1380	 148,32грн.	2020-01-10
166	1276	 143,79грн.	2020-10-24
167	329	 75,97грн.	2020-12-29
168	1188	 144,42грн.	2020-11-03
169	508	 175,20грн.	2020-06-21
170	2026	 10,91грн.	2020-07-06
171	467	 76,07грн.	2020-07-18
172	84	 197,36грн.	2020-01-05
173	462	 245,09грн.	2020-07-23
174	1648	 163,71грн.	2020-06-17
175	497	 112,03грн.	2020-09-30
176	1536	 123,28грн.	2020-07-25
177	1302	 230,09грн.	2020-08-04
178	574	 75,85грн.	2020-07-04
179	71	 34,84грн.	2020-02-21
180	1758	 224,88грн.	2020-11-05
181	1625	 276,35грн.	2020-11-04
182	1086	 99,84грн.	2020-04-19
183	486	 227,55грн.	2020-11-06
184	294	 72,62грн.	2020-08-01
185	506	 207,16грн.	2020-03-27
186	58	 170,85грн.	2020-03-31
187	1656	 105,49грн.	2020-11-05
188	2030	 172,08грн.	2020-01-09
189	181	 260,21грн.	2020-03-16
190	880	 129,45грн.	2020-08-20
191	1906	 238,86грн.	2020-11-06
192	1645	 125,72грн.	2020-03-16
193	1217	 33,87грн.	2020-06-17
194	750	 143,22грн.	2020-03-14
195	226	 170,35грн.	2020-03-09
196	911	 154,11грн.	2020-07-20
197	945	 177,52грн.	2020-11-15
198	1502	 157,39грн.	2020-04-01
199	1506	 85,65грн.	2020-01-24
200	961	 118,07грн.	2020-01-19
201	1024	 135,59грн.	2020-02-04
202	1662	 192,30грн.	2020-02-21
203	973	 263,73грн.	2020-11-23
204	1401	 173,44грн.	2020-06-08
205	803	 182,56грн.	2020-01-28
206	1257	 113,72грн.	2020-10-04
207	242	 163,12грн.	2020-01-28
208	2057	 39,23грн.	2020-06-11
209	169	 257,93грн.	2020-10-31
210	21	 217,91грн.	2020-05-18
211	951	 128,09грн.	2020-01-26
212	810	 159,86грн.	2020-09-23
213	1041	 164,94грн.	2020-04-20
214	775	 119,92грн.	2020-03-15
215	241	 104,31грн.	2020-08-22
216	824	 150,74грн.	2020-08-20
217	668	 122,37грн.	2020-10-20
218	1626	 252,41грн.	2020-04-19
219	2007	 33,45грн.	2020-09-27
220	1440	 41,76грн.	2020-01-07
221	1189	 94,00грн.	2020-06-02
222	273	 236,68грн.	2020-12-31
223	22	 104,06грн.	2020-02-12
224	1984	 226,61грн.	2020-05-08
225	634	 70,14грн.	2020-03-29
226	1028	 182,95грн.	2020-07-28
227	1245	 145,74грн.	2020-03-10
228	1833	 111,01грн.	2020-04-16
229	412	 78,70грн.	2020-07-23
230	134	 227,20грн.	2020-02-22
231	1614	 42,65грн.	2020-07-31
232	961	 114,87грн.	2020-10-30
233	1107	 251,21грн.	2020-06-30
234	1745	 195,97грн.	2020-11-13
235	1857	 213,72грн.	2020-05-02
236	36	 112,22грн.	2020-08-01
237	1130	 121,26грн.	2020-01-10
238	1996	 133,46грн.	2020-09-10
239	2072	 90,14грн.	2020-08-13
240	2056	 45,37грн.	2020-04-21
241	96	 146,56грн.	2020-11-15
242	2030	 139,62грн.	2020-08-19
243	2043	 38,27грн.	2020-01-08
244	1625	 134,75грн.	2020-04-10
245	2030	 61,82грн.	2020-12-03
246	1423	 38,33грн.	2020-04-26
247	1444	 71,05грн.	2020-09-09
248	1451	 130,44грн.	2020-02-04
249	1632	 220,69грн.	2020-10-14
250	340	 29,92грн.	2020-12-06
251	416	 113,31грн.	2020-11-10
252	1053	 123,38грн.	2020-01-04
253	1066	 83,26грн.	2020-10-27
254	683	 114,13грн.	2020-12-10
255	768	 113,46грн.	2020-07-15
256	194	 41,04грн.	2020-10-27
257	713	 89,42грн.	2020-03-26
258	976	 154,03грн.	2020-02-27
259	131	 154,08грн.	2020-09-18
260	1762	 90,68грн.	2020-03-08
261	1929	 81,31грн.	2020-09-08
262	2057	 128,14грн.	2020-05-04
263	1039	 137,42грн.	2020-11-14
264	17	 121,72грн.	2020-01-09
265	599	 53,59грн.	2020-12-03
266	1705	 128,73грн.	2020-12-23
267	1961	 135,62грн.	2020-05-17
268	1222	 201,04грн.	2020-08-25
269	21	 53,70грн.	2020-01-27
270	1450	 107,65грн.	2020-10-12
271	1096	 123,92грн.	2020-11-27
272	539	 73,41грн.	2020-06-01
273	1533	 244,47грн.	2020-03-05
274	1199	 104,34грн.	2020-09-23
275	82	 142,55грн.	2020-05-02
276	112	 172,62грн.	2020-10-05
277	1399	 205,23грн.	2020-11-08
278	934	 161,36грн.	2020-10-08
279	142	 98,12грн.	2020-12-27
280	1507	 242,72грн.	2020-04-20
281	507	 129,02грн.	2020-06-07
282	1461	 193,03грн.	2020-01-07
283	1346	 130,55грн.	2020-10-18
284	1866	 200,15грн.	2020-04-03
285	2085	 40,83грн.	2020-11-28
286	702	 170,47грн.	2020-03-26
287	919	 48,89грн.	2020-08-04
288	1507	 61,76грн.	2020-02-26
289	106	 135,09грн.	2020-04-06
290	1310	 57,15грн.	2020-04-28
291	1332	 69,73грн.	2020-04-14
292	995	 266,92грн.	2020-05-22
293	915	 168,85грн.	2020-08-31
294	1091	 41,41грн.	2020-07-01
295	2032	 231,09грн.	2020-07-16
296	802	 101,64грн.	2020-04-26
297	1286	 36,12грн.	2020-10-04
298	605	 106,54грн.	2020-11-23
299	464	 81,38грн.	2020-03-09
300	191	 190,13грн.	2020-09-28
301	1205	 118,95грн.	2020-12-22
302	1409	 252,87грн.	2020-09-19
303	231	 157,14грн.	2020-01-24
304	1619	 127,16грн.	2020-10-12
305	1759	 243,45грн.	2020-08-28
306	342	 84,32грн.	2020-05-29
307	416	 211,44грн.	2020-08-12
308	2055	 199,19грн.	2020-08-10
309	2002	 15,75грн.	2020-06-15
310	1005	 163,16грн.	2020-08-07
311	860	 150,79грн.	2020-10-14
312	1483	 168,96грн.	2020-05-22
313	1967	 150,83грн.	2020-10-02
314	1566	 118,78грн.	2020-05-22
315	1493	 26,91грн.	2020-10-27
316	1208	 71,24грн.	2020-05-18
317	364	 158,70грн.	2020-06-13
318	1658	 78,56грн.	2020-07-15
319	1529	 227,93грн.	2020-04-10
320	521	 173,12грн.	2020-08-19
321	1900	 41,27грн.	2020-12-29
322	1714	 253,94грн.	2020-07-30
323	161	 195,30грн.	2020-03-13
324	42	 213,01грн.	2020-06-18
325	1848	 192,08грн.	2020-08-24
326	23	 81,43грн.	2020-07-05
327	2107	 117,41грн.	2020-01-08
328	1478	 196,32грн.	2020-12-02
329	1206	 279,41грн.	2020-02-15
330	2020	 233,37грн.	2020-02-23
331	2062	 91,99грн.	2020-07-27
332	1365	 172,45грн.	2020-04-16
333	1098	 65,43грн.	2020-09-30
334	137	 75,69грн.	2020-07-13
335	2088	 18,98грн.	2020-02-23
336	1019	 227,65грн.	2020-09-08
337	197	 115,28грн.	2020-12-19
338	1903	 221,71грн.	2020-10-14
339	37	 56,03грн.	2020-01-27
340	319	 207,54грн.	2020-09-02
341	1953	 24,68грн.	2020-11-01
342	841	 129,64грн.	2020-09-01
343	1774	 85,03грн.	2020-02-25
344	371	 185,83грн.	2020-01-12
345	1592	 145,23грн.	2020-02-19
346	2036	 114,54грн.	2020-07-18
347	1558	 61,70грн.	2020-07-07
348	798	 233,47грн.	2020-05-04
349	2113	 237,91грн.	2020-08-05
350	203	 159,80грн.	2020-01-30
351	521	 89,19грн.	2020-04-07
352	253	 42,84грн.	2020-06-20
353	1835	 175,06грн.	2020-07-19
354	1141	 51,30грн.	2020-06-22
355	1282	 150,55грн.	2020-05-05
356	753	 52,80грн.	2020-10-22
357	879	 116,34грн.	2020-04-29
358	973	 75,37грн.	2020-01-03
359	1285	 126,10грн.	2020-10-12
360	1630	 162,01грн.	2020-06-14
361	1555	 97,66грн.	2020-02-26
362	2042	 156,79грн.	2020-12-28
363	1123	 77,26грн.	2020-11-16
364	2116	 146,18грн.	2020-09-28
365	2097	 211,60грн.	2020-05-07
366	105	 151,87грн.	2020-12-15
367	127	 134,85грн.	2020-10-13
368	956	 50,31грн.	2020-08-27
369	709	 73,24грн.	2020-01-31
370	231	 95,09грн.	2020-03-15
371	168	 102,21грн.	2020-06-20
372	2014	 174,25грн.	2020-12-29
373	391	 243,98грн.	2020-07-14
374	1773	 52,23грн.	2020-11-26
375	1014	 72,06грн.	2020-06-05
376	237	 230,94грн.	2020-08-30
377	367	 84,38грн.	2020-11-26
378	1332	 265,03грн.	2020-04-24
379	1530	 83,89грн.	2020-08-15
380	2033	 283,38грн.	2020-01-03
381	957	 143,73грн.	2020-09-20
382	982	 177,01грн.	2020-11-06
383	976	 10,20грн.	2020-08-20
384	428	 133,36грн.	2020-08-14
385	1854	 150,95грн.	2020-09-09
386	1998	 58,83грн.	2020-07-22
387	825	 75,68грн.	2020-11-13
388	1611	 110,70грн.	2020-10-27
389	1750	 217,90грн.	2020-02-15
390	1467	 99,88грн.	2020-06-26
391	1830	 172,35грн.	2020-08-26
392	1585	 73,77грн.	2020-08-25
393	370	 211,02грн.	2020-06-12
394	96	 215,38грн.	2020-03-14
395	1994	 203,85грн.	2020-05-25
396	1069	 104,96грн.	2020-01-30
397	108	 159,47грн.	2020-04-20
398	865	 71,80грн.	2020-06-30
399	1558	 46,11грн.	2020-07-25
400	239	 189,28грн.	2020-03-30
401	167	 103,25грн.	2020-09-12
402	1418	 146,53грн.	2020-05-27
403	522	 196,80грн.	2020-02-10
404	691	 112,02грн.	2020-06-20
405	1779	 152,90грн.	2020-10-25
406	1002	 106,45грн.	2020-05-29
407	1883	 116,68грн.	2020-02-05
408	335	 174,35грн.	2020-09-21
409	579	 104,49грн.	2020-04-18
410	1977	 198,80грн.	2020-11-21
411	759	 229,75грн.	2020-08-04
412	729	 174,39грн.	2020-10-02
413	232	 61,27грн.	2020-07-03
414	1601	 91,06грн.	2020-09-15
415	1649	 192,74грн.	2020-07-23
416	1255	 87,77грн.	2020-09-24
417	540	 92,53грн.	2020-01-17
418	2111	 34,26грн.	2020-11-07
419	737	 234,01грн.	2020-03-01
420	238	 135,67грн.	2020-03-26
421	432	 94,51грн.	2020-03-16
422	1488	 200,32грн.	2020-07-03
423	979	 77,76грн.	2020-11-03
424	773	 212,97грн.	2020-04-10
425	481	 118,88грн.	2020-03-11
426	834	 132,86грн.	2020-07-05
427	2072	 96,37грн.	2020-09-14
428	527	 80,78грн.	2020-09-05
429	1142	 75,96грн.	2020-11-08
430	1733	 106,94грн.	2020-10-09
431	32	 164,86грн.	2020-09-15
432	1299	 113,70грн.	2020-04-04
433	884	 99,78грн.	2020-11-23
434	1121	 64,10грн.	2020-06-10
435	965	 30,55грн.	2020-06-14
436	1159	 123,72грн.	2020-12-22
437	1809	 226,08грн.	2020-01-23
438	84	 150,46грн.	2020-11-24
439	1800	 184,44грн.	2020-07-06
440	474	 180,92грн.	2020-05-28
441	730	 125,25грн.	2020-05-17
442	182	 148,80грн.	2020-10-25
443	1737	 171,19грн.	2020-05-02
444	1388	 194,18грн.	2020-08-28
445	199	 236,36грн.	2020-10-01
446	602	 226,02грн.	2020-01-08
447	956	 140,83грн.	2020-07-23
448	132	 45,31грн.	2020-09-14
449	1109	 246,35грн.	2020-11-14
450	1272	 91,87грн.	2020-05-19
451	1663	 89,11грн.	2020-09-11
452	112	 204,09грн.	2020-02-21
453	940	 124,96грн.	2020-11-20
454	1883	 57,32грн.	2020-07-01
455	987	 37,44грн.	2020-01-17
456	721	 23,14грн.	2020-10-24
457	981	 49,20грн.	2020-06-24
458	1994	 204,01грн.	2020-03-20
459	1145	 46,71грн.	2020-06-09
460	1793	 134,59грн.	2020-12-10
461	2013	 157,15грн.	2020-02-05
462	1698	 182,50грн.	2020-07-14
463	1893	 48,78грн.	2020-07-01
464	1185	 161,11грн.	2020-10-20
465	1722	 101,49грн.	2020-08-26
466	1050	 74,96грн.	2020-12-07
467	846	 193,10грн.	2020-10-11
468	1205	 132,90грн.	2020-06-06
469	2008	 148,42грн.	2020-10-15
470	1220	 78,45грн.	2020-12-30
471	250	 82,54грн.	2020-01-23
472	1954	 108,38грн.	2020-05-24
473	1842	 82,70грн.	2020-05-03
474	1735	 182,34грн.	2020-05-01
475	101	 159,84грн.	2020-09-07
476	368	 57,25грн.	2020-10-01
477	1231	 226,83грн.	2020-06-12
478	1215	 78,01грн.	2020-03-27
479	554	 136,14грн.	2020-10-04
480	1657	 161,41грн.	2020-05-26
481	1773	 93,05грн.	2020-11-20
482	1594	 168,90грн.	2020-03-21
483	1487	 121,28грн.	2020-02-22
484	1072	 206,60грн.	2020-03-21
485	1517	 172,82грн.	2020-11-18
486	1016	 115,77грн.	2020-09-10
487	1711	 98,50грн.	2020-03-28
488	1229	 109,18грн.	2020-05-24
489	2068	 98,76грн.	2020-04-11
490	1829	 177,25грн.	2020-06-14
491	1354	 146,51грн.	2020-01-23
492	1542	 209,63грн.	2020-04-12
493	1092	 30,31грн.	2020-07-28
494	764	 111,20грн.	2020-12-05
495	2041	 270,94грн.	2020-12-30
496	862	 132,95грн.	2020-10-02
497	525	 111,62грн.	2020-08-13
498	485	 273,90грн.	2020-01-19
499	1627	 164,82грн.	2020-06-11
500	219	 175,71грн.	2020-04-22
501	1069	 161,39грн.	2020-10-11
502	1235	 63,88грн.	2020-11-19
503	880	 129,54грн.	2020-03-08
504	2005	 186,34грн.	2020-02-14
505	99	 280,67грн.	2020-10-14
506	1848	 185,19грн.	2020-09-04
507	1111	 111,66грн.	2020-01-24
508	456	 187,75грн.	2020-11-01
509	538	 9,16грн.	2020-07-25
510	207	 212,65грн.	2020-12-09
511	2080	 156,02грн.	2020-08-29
512	152	 97,36грн.	2020-12-22
513	1123	 180,72грн.	2020-08-29
514	1916	 75,03грн.	2020-07-30
515	73	 158,56грн.	2020-05-29
516	188	 83,92грн.	2020-08-23
517	852	 199,23грн.	2020-12-04
518	1095	 111,09грн.	2020-08-01
519	1588	 224,71грн.	2020-08-07
520	1204	 164,83грн.	2020-06-30
521	1934	 239,39грн.	2020-07-30
522	1121	 59,15грн.	2020-08-08
523	1761	 207,78грн.	2020-01-30
524	1291	 262,36грн.	2020-11-28
525	699	 188,89грн.	2020-11-23
526	1875	 193,17грн.	2020-06-23
527	1506	 129,73грн.	2020-06-30
528	1312	 167,09грн.	2020-02-02
529	1195	 178,03грн.	2020-09-15
530	66	 52,40грн.	2020-10-27
531	1500	 130,61грн.	2020-03-27
532	1422	 189,32грн.	2020-01-23
533	501	 126,02грн.	2020-10-22
534	481	 167,68грн.	2020-10-13
535	1451	 148,86грн.	2020-10-30
536	1017	 211,07грн.	2020-01-07
537	2050	 115,60грн.	2020-05-29
538	933	 205,03грн.	2020-10-11
539	1029	 197,30грн.	2020-11-14
540	1370	 227,39грн.	2020-05-11
541	1886	 105,44грн.	2020-01-30
542	110	 126,16грн.	2020-11-16
543	1652	 189,05грн.	2020-12-11
544	1238	 44,47грн.	2020-04-29
545	1959	 105,45грн.	2020-01-07
546	1644	 179,80грн.	2020-06-06
547	1056	 127,00грн.	2020-11-30
548	1013	 106,57грн.	2020-03-08
549	1783	 219,81грн.	2020-04-09
550	578	 68,04грн.	2020-07-27
551	1450	 162,62грн.	2020-01-23
552	506	 103,48грн.	2020-11-16
553	871	 195,23грн.	2020-03-30
554	265	 185,52грн.	2020-05-24
555	1740	 66,73грн.	2020-03-14
556	209	 156,25грн.	2020-12-09
557	1712	 115,21грн.	2020-10-27
558	345	 206,99грн.	2020-04-12
559	1602	 23,82грн.	2020-04-14
560	1113	 82,45грн.	2020-08-02
561	1465	 28,01грн.	2020-12-31
562	1819	 203,25грн.	2020-03-14
563	161	 20,54грн.	2020-04-13
564	1644	 151,71грн.	2020-01-13
565	43	 157,54грн.	2020-07-10
566	1248	 46,25грн.	2020-10-17
567	136	 281,11грн.	2020-10-02
568	1186	 171,08грн.	2020-04-11
569	580	 209,89грн.	2020-07-30
570	1529	 109,14грн.	2020-11-06
571	639	 63,13грн.	2020-01-19
572	1222	 123,62грн.	2020-11-19
573	1420	 145,69грн.	2020-10-08
574	457	 235,11грн.	2020-06-23
575	35	 163,09грн.	2020-10-13
576	1678	 237,88грн.	2020-03-13
577	190	 174,18грн.	2020-01-16
578	1792	 223,06грн.	2020-03-06
579	1904	 115,52грн.	2020-10-07
580	1279	 83,53грн.	2020-01-04
581	1954	 230,67грн.	2020-07-13
582	2001	 56,74грн.	2020-02-14
583	1539	 53,78грн.	2020-01-16
584	185	 197,31грн.	2020-04-11
585	1616	 105,94грн.	2020-01-04
586	472	 64,38грн.	2020-02-26
587	1126	 215,69грн.	2020-12-15
588	1035	 213,04грн.	2020-04-22
589	1396	 176,18грн.	2020-05-06
590	1396	 6,86грн.	2020-12-12
591	133	 157,08грн.	2020-02-28
592	1019	 200,68грн.	2020-06-05
593	216	 202,88грн.	2020-05-31
594	1645	 125,59грн.	2020-06-11
595	1816	 42,51грн.	2020-01-23
596	1208	 148,00грн.	2020-04-08
597	754	 126,49грн.	2020-11-21
598	387	 194,43грн.	2020-08-03
599	1816	 190,10грн.	2020-04-06
600	1235	 108,56грн.	2020-08-13
601	847	 158,74грн.	2020-05-23
602	1693	 81,28грн.	2020-05-28
603	1834	 287,91грн.	2020-05-23
604	1233	 153,01грн.	2020-08-01
605	1362	 130,57грн.	2020-03-15
606	347	 199,73грн.	2020-04-23
607	836	 170,94грн.	2020-03-07
608	1455	 84,88грн.	2020-05-16
609	221	 134,65грн.	2020-01-30
610	1270	 153,47грн.	2020-11-02
611	1025	 149,98грн.	2020-03-25
612	1407	 164,91грн.	2020-09-02
613	1607	 278,52грн.	2020-05-19
614	1722	 91,24грн.	2020-02-06
615	1024	 78,40грн.	2020-10-16
616	44	 149,76грн.	2020-05-19
617	945	 70,83грн.	2020-02-26
618	328	 75,61грн.	2020-09-10
619	2055	 118,29грн.	2020-04-15
620	717	 106,95грн.	2020-01-03
621	1481	 196,71грн.	2020-04-08
622	191	 250,91грн.	2020-09-27
623	913	 168,66грн.	2020-03-10
624	1702	 59,89грн.	2020-02-26
625	2106	 137,18грн.	2020-09-19
626	1906	 125,51грн.	2020-04-03
627	1993	 231,71грн.	2020-12-24
628	1332	 78,13грн.	2020-10-19
629	1074	 101,56грн.	2020-10-11
630	367	 38,24грн.	2020-06-05
631	463	 157,78грн.	2020-10-30
632	54	 71,58грн.	2020-07-12
633	793	 35,40грн.	2020-08-14
634	1811	 142,91грн.	2020-03-12
635	1880	 240,07грн.	2020-01-12
636	1451	 204,78грн.	2020-05-06
637	90	 209,34грн.	2020-07-01
638	807	 55,98грн.	2020-01-15
639	1949	 138,48грн.	2020-10-28
640	227	 182,84грн.	2020-07-19
641	1004	 127,74грн.	2020-05-06
642	1	 119,93грн.	2020-04-09
643	1778	 101,89грн.	2020-01-20
644	1209	 263,50грн.	2020-10-11
645	1652	 109,87грн.	2020-08-23
646	1750	 145,32грн.	2020-08-21
647	549	 225,21грн.	2020-11-23
648	231	 66,30грн.	2020-07-05
649	1666	 209,04грн.	2020-05-17
650	1881	 82,45грн.	2020-05-21
651	268	 112,71грн.	2020-08-05
652	451	 166,36грн.	2020-02-25
653	1828	 276,07грн.	2020-09-26
654	1368	 145,62грн.	2020-06-11
655	63	 102,99грн.	2020-04-17
656	717	 265,52грн.	2020-07-10
657	1178	 187,73грн.	2020-04-22
658	403	 187,19грн.	2020-03-19
659	1836	 132,04грн.	2020-01-20
660	1169	 191,04грн.	2020-11-01
661	1311	 58,95грн.	2020-02-26
662	879	 102,63грн.	2020-01-21
663	260	 292,85грн.	2020-02-02
664	431	 62,22грн.	2020-08-01
665	1743	 129,95грн.	2020-02-05
666	1800	 243,64грн.	2020-07-11
667	1998	 170,80грн.	2020-08-21
668	2048	 119,57грн.	2020-11-26
669	1351	 258,35грн.	2020-04-24
670	1739	 141,09грн.	2020-05-05
671	1499	 210,35грн.	2020-12-15
672	2078	 111,70грн.	2020-04-12
673	353	 236,89грн.	2020-07-14
674	289	 71,10грн.	2020-12-14
675	1907	 46,32грн.	2020-02-08
676	105	 160,27грн.	2020-11-12
677	1093	 64,38грн.	2020-03-22
678	1337	 130,79грн.	2020-02-20
679	1133	 202,64грн.	2020-06-01
680	63	 8,51грн.	2020-08-01
681	1338	 70,68грн.	2020-04-25
682	479	 129,64грн.	2020-11-26
683	1841	 98,15грн.	2020-09-14
684	272	 188,33грн.	2020-05-02
685	862	 92,08грн.	2020-04-20
686	36	 141,40грн.	2020-06-21
687	2075	 144,89грн.	2020-01-15
688	1218	 93,23грн.	2020-09-25
689	1722	 217,30грн.	2020-04-23
690	680	 69,45грн.	2020-01-03
691	777	 144,52грн.	2020-02-25
692	211	 90,33грн.	2020-06-06
693	1562	 173,36грн.	2020-05-28
694	1198	 159,02грн.	2020-12-02
695	83	 128,23грн.	2020-10-02
696	1208	 105,38грн.	2020-03-02
697	557	 6,58грн.	2020-01-16
698	1764	 125,92грн.	2020-07-05
699	1544	 227,62грн.	2020-11-05
700	1655	 98,35грн.	2020-07-24
701	37	 224,67грн.	2020-07-25
702	70	 67,90грн.	2020-04-22
703	85	 88,25грн.	2020-10-09
704	496	 35,99грн.	2020-08-10
705	1934	 199,83грн.	2020-01-04
706	1055	 197,85грн.	2020-10-07
707	1272	 254,39грн.	2020-11-08
708	1325	 188,86грн.	2020-12-17
709	906	 207,23грн.	2020-05-31
710	1116	 63,12грн.	2020-11-10
711	819	 86,30грн.	2020-03-11
712	1821	 176,51грн.	2020-11-04
713	1422	 3,95грн.	2020-04-10
714	775	 143,41грн.	2020-01-31
715	1621	 179,46грн.	2020-05-08
716	1745	 180,77грн.	2020-10-28
717	2085	 148,13грн.	2020-12-16
718	267	 94,30грн.	2020-09-02
719	827	 214,72грн.	2020-04-04
720	1537	 68,82грн.	2020-07-11
721	1909	 158,08грн.	2020-06-23
722	1915	 132,92грн.	2020-12-02
723	1430	 137,46грн.	2020-04-29
724	1869	 46,24грн.	2020-01-31
725	302	 35,62грн.	2020-03-24
726	798	 177,73грн.	2020-04-03
727	1433	 222,29грн.	2020-11-28
728	186	 203,55грн.	2020-04-16
729	1451	 104,25грн.	2020-10-06
730	1882	 199,01грн.	2020-09-20
731	795	 103,77грн.	2020-05-12
732	28	 216,61грн.	2020-12-24
733	301	 60,23грн.	2020-05-27
734	1330	 182,71грн.	2020-10-17
735	695	 226,64грн.	2020-11-05
736	2109	 151,52грн.	2020-10-12
737	1964	 177,51грн.	2020-01-16
738	499	 203,77грн.	2020-05-07
739	683	 165,07грн.	2020-03-11
740	560	 163,99грн.	2020-05-03
741	1374	 135,67грн.	2020-01-21
742	1139	 279,44грн.	2020-08-08
743	446	 177,71грн.	2020-10-04
744	1603	 174,71грн.	2020-10-22
745	351	 243,17грн.	2020-08-02
746	2004	 88,18грн.	2020-06-27
747	245	 254,90грн.	2020-07-28
748	228	 97,26грн.	2020-01-23
749	1700	 98,08грн.	2020-08-23
750	2073	 208,83грн.	2020-05-11
751	1944	 38,55грн.	2020-11-20
752	1192	 140,30грн.	2020-09-03
753	1979	 179,84грн.	2020-05-15
754	403	 212,63грн.	2020-02-20
755	298	 93,70грн.	2020-09-25
756	174	 89,22грн.	2020-10-02
757	788	 21,82грн.	2020-09-11
758	238	 180,38грн.	2020-07-01
759	812	 168,87грн.	2020-03-20
760	1637	 52,26грн.	2020-11-06
761	1105	 245,95грн.	2020-05-10
762	890	 197,21грн.	2020-10-01
763	858	 88,20грн.	2020-04-18
764	1735	 78,67грн.	2020-07-08
765	743	 101,27грн.	2020-11-26
766	920	 191,80грн.	2020-04-08
767	722	 201,11грн.	2020-01-16
768	435	 71,49грн.	2020-08-12
769	1232	 145,28грн.	2020-08-01
770	1448	 98,69грн.	2020-06-10
771	501	 21,45грн.	2020-01-24
772	541	 108,77грн.	2020-12-14
773	1337	 184,62грн.	2020-01-24
774	262	 63,95грн.	2020-12-31
775	1887	 49,38грн.	2020-06-10
776	1288	 165,84грн.	2020-01-02
777	172	 22,90грн.	2020-03-12
778	1307	 195,06грн.	2020-02-10
779	740	 222,13грн.	2020-07-30
780	1254	 159,67грн.	2020-12-25
781	398	 233,98грн.	2020-10-08
782	607	 26,91грн.	2020-02-08
783	1724	 98,33грн.	2020-08-09
784	384	 97,00грн.	2020-05-03
785	448	 207,84грн.	2020-05-18
786	182	 131,13грн.	2020-04-26
787	631	 279,64грн.	2020-08-16
788	1004	 179,86грн.	2020-11-07
789	1442	 209,15грн.	2020-11-18
790	360	 117,05грн.	2020-07-23
791	1240	 191,11грн.	2020-06-30
792	507	 171,48грн.	2020-11-30
793	844	 121,33грн.	2020-10-04
794	1104	 277,30грн.	2020-03-15
795	1109	 251,16грн.	2020-03-08
796	838	 147,18грн.	2020-08-27
797	2002	 208,07грн.	2020-01-07
798	1925	 141,60грн.	2020-08-17
799	661	 224,20грн.	2020-06-24
800	573	 37,35грн.	2020-12-24
801	1322	 31,22грн.	2020-02-08
802	619	 250,16грн.	2020-10-27
803	312	 76,40грн.	2020-06-11
804	1742	 206,06грн.	2020-01-29
805	1840	 206,40грн.	2020-10-27
806	223	 75,72грн.	2020-11-22
807	562	 111,11грн.	2020-01-26
808	1290	 118,34грн.	2020-12-07
809	1197	 72,93грн.	2020-11-22
810	1369	 187,04грн.	2020-09-28
811	1562	 187,26грн.	2020-07-28
812	2011	 83,37грн.	2020-08-28
813	2006	 111,66грн.	2020-03-16
814	640	 118,01грн.	2020-09-11
815	1138	 147,20грн.	2020-09-29
816	974	 120,75грн.	2020-10-25
817	220	 125,45грн.	2020-12-28
818	264	 87,20грн.	2020-12-11
819	1557	 11,26грн.	2020-12-04
820	996	 270,29грн.	2020-08-28
821	1582	 113,29грн.	2020-08-17
822	86	 223,41грн.	2020-06-13
823	455	 164,04грн.	2020-03-14
824	720	 157,77грн.	2020-07-14
825	524	 187,86грн.	2020-10-15
826	2069	 60,33грн.	2020-07-21
827	763	 230,60грн.	2020-03-29
828	455	 132,91грн.	2020-12-18
829	670	 80,14грн.	2020-03-30
830	1589	 257,51грн.	2020-06-21
831	1814	 73,85грн.	2020-01-04
832	1846	 99,06грн.	2020-12-07
833	1542	 16,85грн.	2020-12-25
834	157	 108,01грн.	2020-03-18
835	1770	 92,63грн.	2020-02-24
836	1423	 158,67грн.	2020-08-21
837	391	 99,56грн.	2020-12-09
838	710	 263,85грн.	2020-04-25
839	1011	 222,65грн.	2020-11-06
840	1989	 102,06грн.	2020-10-23
841	315	 149,36грн.	2020-09-16
842	932	 76,03грн.	2020-06-29
843	1405	 42,20грн.	2020-01-14
844	2002	 100,19грн.	2020-09-24
845	209	 189,19грн.	2020-04-10
846	1066	 145,37грн.	2020-11-06
847	1046	 264,74грн.	2020-12-11
848	198	 54,09грн.	2020-02-28
849	2015	 176,51грн.	2020-11-29
850	19	 194,91грн.	2020-12-25
851	1492	 182,05грн.	2020-11-25
852	234	 161,99грн.	2020-09-03
853	769	 172,39грн.	2020-12-02
854	1530	 202,71грн.	2020-09-26
855	926	 180,97грн.	2020-04-24
856	1710	 102,23грн.	2020-07-08
857	550	 135,47грн.	2020-07-26
858	1694	 32,56грн.	2020-06-18
859	1299	 214,12грн.	2020-04-19
860	1830	 219,62грн.	2020-02-29
861	1953	 151,71грн.	2020-07-21
862	332	 156,26грн.	2020-05-13
863	2051	 69,25грн.	2020-09-11
864	739	 170,04грн.	2020-12-16
865	2091	 154,85грн.	2020-12-06
866	1002	 156,82грн.	2020-10-16
867	2076	 32,23грн.	2020-12-21
868	853	 223,56грн.	2020-09-22
869	784	 111,78грн.	2020-11-12
870	1786	 85,02грн.	2020-07-28
871	1501	 117,56грн.	2020-11-13
872	963	 187,29грн.	2020-07-16
873	1298	 226,49грн.	2020-01-11
874	444	 76,56грн.	2020-12-26
875	1725	 75,03грн.	2020-12-19
876	1320	 104,05грн.	2020-03-17
877	1588	 163,18грн.	2020-03-19
878	1189	 73,35грн.	2020-02-22
879	1903	 47,30грн.	2020-02-05
880	1761	 200,62грн.	2020-03-06
881	1210	 192,38грн.	2020-06-13
882	1708	 238,33грн.	2020-04-20
883	653	 137,78грн.	2020-05-23
884	1073	 65,15грн.	2020-06-06
885	1797	 152,68грн.	2020-05-18
886	2091	 157,60грн.	2020-05-14
887	1861	 198,67грн.	2020-02-06
888	861	 99,36грн.	2020-09-23
889	702	 49,66грн.	2020-11-20
890	1816	 230,76грн.	2020-12-22
891	777	 141,60грн.	2020-12-19
892	733	 169,21грн.	2020-09-27
893	550	 132,53грн.	2020-01-14
894	261	 167,02грн.	2020-07-23
895	655	 229,40грн.	2020-11-02
896	1918	 71,63грн.	2020-11-01
897	1068	 179,25грн.	2020-12-29
898	2045	 61,51грн.	2020-09-03
899	862	 40,51грн.	2020-08-28
900	229	 124,98грн.	2020-10-18
901	32	 221,91грн.	2020-11-13
902	1078	 178,40грн.	2020-11-27
903	1930	 53,48грн.	2020-10-09
904	153	 262,06грн.	2020-06-15
905	644	 164,90грн.	2020-11-04
906	831	 231,31грн.	2020-09-15
907	1234	 188,66грн.	2020-07-26
908	101	 114,35грн.	2020-01-10
909	1241	 167,87грн.	2020-08-27
910	767	 80,92грн.	2020-09-04
911	15	 118,38грн.	2020-01-21
912	1032	 142,40грн.	2020-04-23
913	344	 108,80грн.	2020-09-22
914	1759	 176,67грн.	2020-05-26
915	1065	 183,31грн.	2020-02-22
916	980	 134,30грн.	2020-03-24
917	205	 220,68грн.	2020-05-07
918	1498	 136,97грн.	2020-04-29
919	323	 206,38грн.	2020-04-16
920	628	 171,61грн.	2020-05-23
921	267	 188,04грн.	2020-01-03
922	155	 196,68грн.	2020-02-17
923	647	 203,54грн.	2020-06-25
924	1526	 152,00грн.	2020-08-13
925	1569	 189,13грн.	2020-10-22
926	409	 236,09грн.	2020-09-14
927	1836	 199,05грн.	2020-12-28
928	161	 122,13грн.	2020-08-27
929	1204	 202,62грн.	2020-07-28
930	1171	 110,84грн.	2020-12-21
931	2087	 189,41грн.	2020-03-15
932	554	 81,54грн.	2020-02-04
933	385	 66,08грн.	2020-11-19
934	1382	 113,03грн.	2020-04-12
935	353	 163,54грн.	2020-01-14
936	1962	 72,86грн.	2020-04-23
937	1306	 120,30грн.	2020-09-10
938	2042	 273,38грн.	2020-01-02
939	32	 32,56грн.	2020-11-26
940	2032	 251,93грн.	2020-12-18
941	1330	 212,19грн.	2020-07-25
942	687	 186,33грн.	2020-12-09
943	200	 124,05грн.	2020-08-16
944	321	 89,35грн.	2020-11-20
945	819	 157,35грн.	2020-02-29
946	1494	 164,98грн.	2020-11-22
947	844	 146,18грн.	2020-09-16
948	1934	 105,60грн.	2020-04-27
949	1493	 156,99грн.	2020-02-13
950	1850	 72,47грн.	2020-08-21
951	232	 63,50грн.	2020-02-19
952	549	 124,92грн.	2020-11-29
953	269	 185,45грн.	2020-05-12
954	47	 175,82грн.	2020-06-30
955	1084	 120,02грн.	2020-10-14
956	201	 247,26грн.	2020-05-28
957	1170	 81,31грн.	2020-08-18
958	442	 160,19грн.	2020-01-06
959	566	 67,30грн.	2020-07-12
960	961	 175,46грн.	2020-06-14
961	223	 105,66грн.	2020-01-11
962	1346	 213,98грн.	2020-11-16
963	1350	 115,12грн.	2020-12-28
964	561	 142,26грн.	2020-09-21
965	832	 82,97грн.	2020-09-22
966	1153	 52,45грн.	2020-09-29
967	823	 144,20грн.	2020-06-12
968	1996	 53,55грн.	2020-01-10
969	2039	 128,52грн.	2020-10-11
970	154	 60,29грн.	2020-04-05
971	994	 172,71грн.	2020-01-05
972	168	 92,87грн.	2020-05-08
973	787	 269,56грн.	2020-03-05
974	1390	 107,85грн.	2020-05-25
975	1314	 198,33грн.	2020-04-14
976	2030	 95,84грн.	2020-04-07
977	1	 256,77грн.	2020-10-19
978	1199	 15,28грн.	2020-04-22
979	774	 162,22грн.	2020-06-11
980	331	 250,36грн.	2020-01-15
981	987	 176,68грн.	2020-10-01
982	1659	 250,13грн.	2020-03-28
983	1111	 181,20грн.	2020-11-11
984	1765	 259,88грн.	2020-08-27
985	1951	 152,42грн.	2020-09-15
986	1079	 175,50грн.	2020-02-07
987	145	 105,33грн.	2020-04-18
988	1972	 98,93грн.	2020-09-23
989	155	 239,05грн.	2020-10-14
990	1676	 163,41грн.	2020-06-03
991	388	 153,66грн.	2020-03-15
992	1677	 204,28грн.	2020-12-21
993	510	 213,90грн.	2020-04-22
994	1508	 105,09грн.	2020-04-06
995	1479	 75,35грн.	2020-04-06
996	359	 126,50грн.	2020-12-07
997	981	 123,10грн.	2020-02-23
998	1598	 61,81грн.	2020-11-29
999	609	 134,32грн.	2020-02-28
1000	160	 177,71грн.	2020-09-07
1001	1795	 81,34грн.	2020-10-05
1002	447	 194,77грн.	2020-09-24
1003	695	 114,71грн.	2020-12-17
1004	1093	 84,88грн.	2020-02-11
1005	587	 125,61грн.	2020-06-10
1006	184	 185,64грн.	2020-05-06
1007	110	 113,77грн.	2020-03-24
1008	609	 229,26грн.	2020-05-08
1009	1334	 48,92грн.	2020-11-15
1010	1508	 193,30грн.	2020-08-29
1011	1541	 148,01грн.	2020-01-27
1012	1126	 10,17грн.	2020-05-12
1013	413	 161,33грн.	2020-01-04
1014	569	 237,95грн.	2020-06-03
1015	1779	 202,87грн.	2020-08-16
1016	1594	 227,13грн.	2020-01-24
1017	1057	 104,69грн.	2020-12-28
1018	1986	 216,55грн.	2020-09-16
1019	515	 138,41грн.	2020-07-26
1020	850	 66,93грн.	2020-04-04
1021	942	 62,19грн.	2020-08-04
1022	1734	 125,19грн.	2020-01-10
1023	1617	 205,73грн.	2020-03-15
1024	1049	 148,73грн.	2020-05-17
1025	1311	 29,13грн.	2020-12-01
1026	1687	 174,68грн.	2020-02-09
1027	1481	 158,77грн.	2020-01-23
1028	383	 204,67грн.	2020-12-06
1029	1	 131,40грн.	2020-06-29
1030	627	 96,30грн.	2020-04-18
1031	1125	 96,73грн.	2020-08-11
1032	516	 121,99грн.	2020-01-15
1033	1004	 20,63грн.	2020-06-27
1034	1900	 97,30грн.	2020-01-29
1035	375	 280,00грн.	2020-03-29
1036	1938	 92,76грн.	2020-03-22
1037	569	 180,96грн.	2020-07-18
1038	1613	 128,42грн.	2020-03-25
1039	1786	 213,62грн.	2020-10-31
1040	1252	 186,07грн.	2020-08-16
1041	1881	 167,52грн.	2020-02-25
1042	8	 138,59грн.	2020-02-21
1043	1647	 153,07грн.	2020-12-21
1044	1516	 136,15грн.	2020-04-28
1045	535	 28,83грн.	2020-11-12
1046	1361	 221,76грн.	2020-05-22
1047	397	 87,97грн.	2020-07-22
1048	2039	 204,15грн.	2020-10-22
1049	1350	 115,02грн.	2020-06-12
1050	1063	 196,46грн.	2020-09-10
1051	263	 150,13грн.	2020-04-24
1052	1706	 181,85грн.	2020-04-11
1053	697	 43,96грн.	2020-09-24
1054	338	 92,30грн.	2020-10-25
1055	1487	 226,20грн.	2020-05-16
1056	1014	 170,23грн.	2020-07-02
1057	69	 122,40грн.	2020-07-16
1058	222	 26,34грн.	2020-09-28
1059	1958	 57,30грн.	2020-06-21
1060	2082	 182,83грн.	2020-04-12
1061	2067	 198,61грн.	2020-03-02
1062	1449	 187,59грн.	2020-06-13
1063	1117	 194,37грн.	2020-03-07
1064	851	 133,39грн.	2020-10-30
1065	673	 77,37грн.	2020-05-04
1066	1203	 262,07грн.	2020-03-03
1067	1805	 192,62грн.	2020-11-13
1068	1604	 123,57грн.	2020-06-10
1069	1588	 57,77грн.	2020-03-26
1070	592	 144,83грн.	2020-04-22
1071	1113	 80,50грн.	2020-01-16
1072	895	 143,96грн.	2020-02-20
1073	2035	 135,79грн.	2020-03-20
1074	1209	 225,92грн.	2020-11-25
1075	1514	 30,88грн.	2020-12-28
1076	1594	 39,59грн.	2020-08-06
1077	2037	 98,15грн.	2020-09-22
1078	918	 55,49грн.	2020-11-29
1079	1678	 136,76грн.	2020-12-29
1080	626	 187,01грн.	2020-03-01
1081	527	 194,29грн.	2020-11-04
1082	1554	 200,08грн.	2020-11-15
1083	237	 62,37грн.	2020-05-27
1084	135	 91,18грн.	2020-12-11
1085	105	 121,31грн.	2020-04-18
1086	107	 98,76грн.	2020-11-05
1087	761	 78,64грн.	2020-09-21
1088	209	 45,06грн.	2020-10-08
1089	1931	 140,88грн.	2020-10-26
1090	1070	 219,70грн.	2020-02-18
1091	2042	 209,12грн.	2020-10-12
1092	1276	 168,08грн.	2020-10-28
1093	197	 171,30грн.	2020-03-23
1094	1689	 45,79грн.	2020-08-11
1095	298	 148,68грн.	2020-01-30
1096	220	 152,37грн.	2020-01-26
1097	681	 64,76грн.	2020-07-20
1098	1582	 162,06грн.	2020-11-24
1099	648	 189,20грн.	2020-06-27
1100	1120	 149,48грн.	2020-08-20
1101	1289	 45,96грн.	2020-09-20
1102	43	 129,00грн.	2020-05-14
1103	1498	 88,78грн.	2020-07-17
1104	2089	 38,71грн.	2020-09-23
1105	1291	 71,14грн.	2020-05-09
1106	745	 78,61грн.	2020-11-12
1107	1040	 28,13грн.	2020-07-09
1108	1190	 189,47грн.	2020-02-15
1109	1811	 203,89грн.	2020-03-08
1110	2115	 104,70грн.	2020-07-29
1111	1235	 57,71грн.	2020-09-17
1112	1317	 180,66грн.	2020-02-07
1113	862	 149,90грн.	2020-10-20
1114	1473	 165,52грн.	2020-10-07
1115	129	 175,48грн.	2020-12-26
1116	853	 204,92грн.	2020-05-22
1117	1175	 114,80грн.	2020-10-13
1118	1770	 94,02грн.	2020-12-05
1119	648	 88,60грн.	2020-11-12
1120	1580	 263,21грн.	2020-06-04
1121	1652	 48,10грн.	2020-03-12
1122	2025	 94,87грн.	2020-07-23
1123	1409	 234,74грн.	2020-07-12
1124	1152	 288,26грн.	2020-11-11
1125	1394	 70,33грн.	2020-08-05
1126	192	 45,58грн.	2020-07-22
1127	551	 95,71грн.	2020-04-10
1128	1064	 114,09грн.	2020-10-05
1129	310	 236,43грн.	2020-06-07
1130	511	 111,91грн.	2020-06-09
1131	1513	 125,73грн.	2020-03-25
1132	1808	 203,43грн.	2020-02-01
1133	1830	 95,51грн.	2020-10-12
1134	609	 144,28грн.	2020-11-20
1135	1833	 159,83грн.	2020-11-23
1136	1360	 87,24грн.	2020-06-14
1137	2017	 208,10грн.	2020-08-14
1138	1163	 244,64грн.	2020-05-14
1139	1080	 90,71грн.	2020-07-16
1140	1598	 218,57грн.	2020-09-10
1141	210	 166,95грн.	2020-06-25
1142	385	 213,51грн.	2020-02-21
1143	710	 117,93грн.	2020-05-22
1144	1287	 190,98грн.	2020-12-06
1145	385	 124,80грн.	2020-07-23
1146	642	 229,76грн.	2020-08-17
1147	1604	 48,25грн.	2020-09-28
1148	574	 213,76грн.	2020-01-12
1149	1334	 213,77грн.	2020-08-18
1150	879	 163,41грн.	2020-01-02
1151	1457	 54,90грн.	2020-04-17
1152	1453	 229,67грн.	2020-04-11
1153	53	 260,46грн.	2020-08-20
1154	854	 234,07грн.	2020-06-04
1155	793	 62,72грн.	2020-04-28
1156	445	 147,12грн.	2020-02-01
1157	2011	 180,41грн.	2020-06-12
1158	400	 165,06грн.	2020-08-12
1159	1556	 123,06грн.	2020-03-14
1160	1034	 156,19грн.	2020-09-15
1161	291	 206,15грн.	2020-09-04
1162	147	 32,77грн.	2020-08-14
1163	135	 152,10грн.	2020-05-07
1164	1951	 76,62грн.	2020-11-25
1165	1597	 86,83грн.	2020-02-29
1166	1651	 110,14грн.	2020-08-21
1167	1907	 169,24грн.	2020-07-04
1168	1274	 35,37грн.	2020-02-16
1169	834	 112,27грн.	2020-01-18
1170	811	 95,17грн.	2020-01-11
1171	415	 242,53грн.	2020-08-09
1172	1623	 39,21грн.	2020-07-08
1173	135	 141,90грн.	2020-06-06
1174	280	 47,48грн.	2020-11-21
1175	419	 39,28грн.	2020-03-18
1176	994	 166,18грн.	2020-05-05
1177	1102	 104,33грн.	2020-09-21
1178	1698	 75,58грн.	2020-12-31
1179	1773	 94,56грн.	2020-11-09
1180	826	 142,38грн.	2020-07-20
1181	896	 99,07грн.	2020-12-21
1182	1846	 141,51грн.	2020-08-08
1183	1699	 195,30грн.	2020-09-10
1184	1663	 92,74грн.	2020-01-05
1185	863	 67,37грн.	2020-12-09
1186	1028	 270,10грн.	2020-05-04
1187	700	 43,83грн.	2020-01-18
1188	1289	 166,93грн.	2020-10-29
1189	860	 190,23грн.	2020-03-17
1190	1905	 154,28грн.	2020-03-26
1191	1743	 93,43грн.	2020-02-18
1192	1866	 111,22грн.	2020-05-20
1193	1068	 191,92грн.	2020-11-17
1194	1431	 111,92грн.	2020-01-03
1195	1421	 127,19грн.	2020-08-03
1196	1655	 222,58грн.	2020-04-29
1197	1795	 94,20грн.	2020-01-12
1198	1286	 210,58грн.	2020-06-05
1199	1154	 216,84грн.	2020-06-29
1200	1294	 171,58грн.	2020-01-14
1201	2039	 109,66грн.	2020-01-25
1202	1136	 205,10грн.	2020-05-22
1203	987	 195,04грн.	2020-04-09
1204	1498	 250,97грн.	2020-05-26
1205	1087	 139,82грн.	2020-06-09
1206	1313	 6,44грн.	2020-07-18
1207	450	 233,18грн.	2020-08-17
1208	1524	 189,06грн.	2020-03-31
1209	980	 131,50грн.	2020-03-17
1210	1432	 252,76грн.	2020-06-15
1211	1919	 60,77грн.	2020-06-07
1212	2010	 93,06грн.	2020-08-30
1213	2063	 71,01грн.	2020-05-23
1214	2022	 174,12грн.	2020-12-27
1215	1264	 174,59грн.	2020-12-26
1216	1120	 281,98грн.	2020-05-25
1217	336	 193,41грн.	2020-11-07
1218	1898	 177,82грн.	2020-06-13
1219	1468	 59,70грн.	2020-02-27
1220	1835	 110,09грн.	2020-03-29
1221	902	 81,61грн.	2020-03-14
1222	1164	 221,11грн.	2020-06-01
1223	334	 94,53грн.	2020-12-12
1224	274	 167,45грн.	2020-10-25
1225	1040	 136,22грн.	2020-07-02
1226	1868	 84,32грн.	2020-05-24
1227	1230	 222,19грн.	2020-04-11
1228	1337	 158,97грн.	2020-02-15
1229	48	 202,12грн.	2020-08-30
1230	1879	 148,44грн.	2020-10-25
1231	179	 16,74грн.	2020-07-26
1232	495	 197,82грн.	2020-10-03
1233	87	 55,59грн.	2020-12-05
1234	1475	 234,20грн.	2020-02-08
1235	1190	 238,67грн.	2020-11-23
1236	328	 164,86грн.	2020-01-24
1237	1717	 47,67грн.	2020-05-23
1238	328	 152,17грн.	2020-04-23
1239	1561	 179,33грн.	2020-10-06
1240	1307	 155,06грн.	2020-10-21
1241	2092	 195,80грн.	2020-10-31
1242	70	 158,53грн.	2020-12-26
1243	894	 258,65грн.	2020-11-17
1244	1992	 144,42грн.	2020-03-18
1245	1191	 167,83грн.	2020-02-28
1246	653	 263,89грн.	2020-07-19
1247	1144	 140,36грн.	2020-08-29
1248	1422	 110,67грн.	2020-11-09
1249	689	 207,87грн.	2020-06-22
1250	1664	 173,63грн.	2020-07-30
1251	1959	 170,78грн.	2020-07-29
1252	24	 264,58грн.	2020-12-10
1253	1763	 262,89грн.	2020-05-26
1254	1788	 9,46грн.	2020-06-21
1255	918	 160,29грн.	2020-10-18
1256	190	 132,92грн.	2020-12-10
1257	1798	 227,09грн.	2020-09-29
1258	353	 160,72грн.	2020-03-24
1259	1945	 87,04грн.	2020-08-16
1260	1321	 202,05грн.	2020-07-07
1261	1774	 249,49грн.	2020-11-05
1262	1055	 81,10грн.	2020-04-15
1263	1763	 92,41грн.	2020-06-04
1264	1141	 272,44грн.	2020-08-07
1265	1996	 258,48грн.	2020-09-24
1266	1465	 73,68грн.	2020-02-21
1267	974	 211,14грн.	2020-03-25
1268	196	 188,95грн.	2020-03-14
1269	1460	 149,28грн.	2020-11-27
1270	1498	 75,98грн.	2020-06-29
1271	361	 103,11грн.	2020-12-17
1272	1372	 51,13грн.	2020-04-02
1273	1150	 130,36грн.	2020-02-02
1274	861	 202,23грн.	2020-07-21
1275	619	 29,10грн.	2020-09-22
1276	68	 210,33грн.	2020-02-06
1277	1822	 189,38грн.	2020-06-20
1278	2050	 164,63грн.	2020-11-23
1279	947	 201,17грн.	2020-11-20
1280	1262	 87,89грн.	2020-12-04
1281	115	 26,43грн.	2020-06-28
1282	313	 177,94грн.	2020-08-25
1283	1149	 78,78грн.	2020-08-25
1284	104	 108,50грн.	2020-07-23
1285	1652	 171,30грн.	2020-10-17
1286	793	 44,96грн.	2020-08-18
1287	736	 158,25грн.	2020-02-28
1288	2057	 87,88грн.	2020-12-29
1289	401	 225,26грн.	2020-11-11
1290	784	 157,64грн.	2020-05-28
1291	972	 155,06грн.	2020-09-21
1292	1925	 38,81грн.	2020-03-09
1293	1183	 216,64грн.	2020-07-23
1294	184	 112,07грн.	2020-05-31
1295	14	 211,86грн.	2020-03-10
1296	1981	 80,11грн.	2020-03-18
1297	112	 103,29грн.	2020-06-15
1298	490	 73,36грн.	2020-07-17
1299	49	 67,76грн.	2020-05-17
1300	918	 220,38грн.	2020-09-12
1301	1041	 62,91грн.	2020-06-05
1302	1974	 181,12грн.	2020-03-29
1303	311	 136,84грн.	2020-12-21
1304	1550	 190,48грн.	2020-12-24
1305	509	 192,78грн.	2020-08-17
1306	214	 219,33грн.	2020-04-19
1307	771	 211,44грн.	2020-06-11
1308	1772	 274,10грн.	2020-07-03
1309	1567	 131,21грн.	2020-02-22
1310	200	 139,13грн.	2020-03-14
1311	1202	 112,38грн.	2020-11-14
1312	1128	 215,13грн.	2020-01-31
1313	1385	 60,11грн.	2020-09-05
1314	1263	 165,69грн.	2020-11-19
1315	445	 178,52грн.	2020-09-13
1316	883	 128,41грн.	2020-10-08
1317	2007	 219,49грн.	2020-11-12
1318	375	 42,94грн.	2020-01-08
1319	1412	 138,40грн.	2020-10-20
1320	703	 210,55грн.	2020-05-25
1321	1987	 212,20грн.	2020-05-18
1322	1301	 264,13грн.	2020-01-08
1323	216	 150,72грн.	2020-09-30
1324	980	 141,89грн.	2020-11-14
1325	1184	 190,24грн.	2020-05-12
1326	376	 73,89грн.	2020-06-21
1327	1064	 197,78грн.	2020-05-03
1328	1529	 133,88грн.	2020-10-11
1329	1833	 169,64грн.	2020-07-31
1330	895	 214,26грн.	2020-03-15
1331	2002	 88,55грн.	2020-07-23
1332	704	 108,94грн.	2020-07-21
1333	1518	 220,51грн.	2020-09-17
1334	1883	 85,20грн.	2020-11-08
1335	841	 69,80грн.	2020-04-19
1336	1995	 208,04грн.	2020-05-04
1337	226	 94,22грн.	2020-11-10
1338	625	 109,63грн.	2020-12-01
1339	879	 173,44грн.	2020-09-03
1340	1947	 22,77грн.	2020-12-02
1341	1030	 74,03грн.	2020-05-07
1342	112	 225,73грн.	2020-04-02
1343	1673	 114,46грн.	2020-12-29
1344	2029	 132,49грн.	2020-06-28
1345	236	 96,40грн.	2020-03-19
1346	1286	 169,84грн.	2020-04-17
1347	169	 194,14грн.	2020-08-27
1348	658	 126,72грн.	2020-03-25
1349	29	 171,13грн.	2020-09-09
1350	1378	 103,86грн.	2020-06-19
1351	865	 128,16грн.	2020-02-07
1352	2044	 231,13грн.	2020-08-22
1353	1023	 164,23грн.	2020-10-05
1354	652	 150,17грн.	2020-06-26
1355	1991	 115,62грн.	2020-11-18
1356	400	 162,09грн.	2020-12-24
1357	2085	 20,99грн.	2020-01-14
1358	309	 57,07грн.	2020-01-20
1359	1341	 177,74грн.	2020-08-29
1360	127	 124,29грн.	2020-05-13
1361	628	 229,77грн.	2020-09-26
1362	2037	 81,74грн.	2020-03-10
1363	2115	 87,35грн.	2020-03-24
1364	1022	 186,96грн.	2020-12-31
1365	1150	 63,46грн.	2020-02-28
1366	1268	 207,31грн.	2020-03-17
1367	1352	 182,05грн.	2020-03-04
1368	1411	 161,84грн.	2020-09-26
1369	1155	 162,15грн.	2020-04-14
1370	1431	 204,72грн.	2020-09-04
1371	16	 246,92грн.	2020-06-11
1372	576	 226,69грн.	2020-07-14
1373	834	 113,49грн.	2020-10-12
1374	163	 98,47грн.	2020-09-15
1375	1970	 198,79грн.	2020-03-24
1376	893	 109,44грн.	2020-01-17
1377	724	 87,70грн.	2020-04-23
1378	697	 212,89грн.	2020-12-16
1379	1751	 184,83грн.	2020-04-02
1380	1464	 172,99грн.	2020-12-30
1381	577	 200,68грн.	2020-02-18
1382	1863	 121,09грн.	2020-08-23
1383	1633	 98,75грн.	2020-04-27
1384	31	 79,23грн.	2020-09-03
1385	231	 177,52грн.	2020-12-31
1386	528	 81,96грн.	2020-08-08
1387	524	 77,54грн.	2020-06-06
1388	131	 243,67грн.	2020-10-26
1389	1307	 119,26грн.	2020-12-13
1390	562	 90,21грн.	2020-02-20
1391	1964	 179,47грн.	2020-09-30
1392	1599	 150,54грн.	2020-11-23
1393	1254	 191,14грн.	2020-11-23
1394	554	 114,14грн.	2020-02-04
1395	1838	 217,82грн.	2020-01-05
1396	1573	 240,72грн.	2020-04-14
1397	1385	 199,97грн.	2020-07-09
1398	384	 75,21грн.	2020-10-11
1399	137	 137,01грн.	2020-09-05
1400	1615	 95,17грн.	2020-06-13
1401	1052	 41,47грн.	2020-12-20
1402	1853	 169,73грн.	2020-08-17
1403	214	 274,13грн.	2020-10-28
1404	1656	 69,19грн.	2020-05-25
1405	1971	 65,28грн.	2020-11-07
1406	1013	 145,88грн.	2020-02-09
1407	1534	 196,15грн.	2020-04-24
1408	165	 195,17грн.	2020-05-21
1409	775	 1,87грн.	2020-08-12
1410	1595	 171,38грн.	2020-07-30
1411	781	 244,84грн.	2020-05-05
1412	352	 214,15грн.	2020-10-30
1413	539	 192,15грн.	2020-09-02
1414	1541	 216,08грн.	2020-02-04
1415	789	 267,81грн.	2020-03-18
1416	1833	 29,51грн.	2020-04-21
1417	1690	 149,13грн.	2020-08-08
1418	877	 78,91грн.	2020-12-30
1419	297	 267,81грн.	2020-08-31
1420	1650	 147,25грн.	2020-11-11
1421	1450	 63,50грн.	2020-09-05
1422	784	 206,20грн.	2020-02-16
1423	17	 86,12грн.	2020-06-30
1424	2079	 18,73грн.	2020-03-26
1425	1573	 238,76грн.	2020-08-26
1426	1690	 291,91грн.	2020-12-06
1427	184	 181,35грн.	2020-12-22
1428	1597	 178,32грн.	2020-09-12
1429	73	 189,12грн.	2020-06-11
1430	659	 127,25грн.	2020-10-02
1431	1111	 87,88грн.	2020-07-12
1432	211	 244,55грн.	2020-09-18
1433	1371	 199,14грн.	2020-09-10
1434	1964	 94,31грн.	2020-06-12
1435	1066	 279,67грн.	2020-07-21
1436	1872	 211,55грн.	2020-12-04
1437	1949	 100,69грн.	2020-05-08
1438	1331	 43,41грн.	2020-02-04
1439	1686	 62,56грн.	2020-03-12
1440	1309	 93,48грн.	2020-03-26
1441	25	 70,13грн.	2020-12-09
1442	1570	 188,44грн.	2020-10-28
1443	1956	 103,02грн.	2020-10-03
1444	1827	 88,74грн.	2020-01-01
1445	1292	 272,07грн.	2020-04-30
1446	707	 155,89грн.	2020-07-31
1447	698	 83,29грн.	2020-07-27
1448	1008	 130,75грн.	2020-02-05
1449	2087	 48,96грн.	2020-07-21
1450	1859	 57,33грн.	2020-07-05
1451	1137	 11,64грн.	2020-11-02
1452	1900	 245,48грн.	2020-08-05
1453	1998	 106,54грн.	2020-05-12
1454	1729	 249,62грн.	2020-05-17
1455	447	 246,63грн.	2020-02-09
1456	1889	 12,19грн.	2020-12-09
1457	1537	 112,31грн.	2020-01-04
1458	808	 132,30грн.	2020-01-20
1459	765	 191,85грн.	2020-09-22
1460	1902	 118,93грн.	2020-03-23
1461	2068	 106,40грн.	2020-06-02
1462	717	 234,28грн.	2020-10-01
1463	351	 62,83грн.	2020-12-22
1464	761	 168,54грн.	2020-07-29
1465	652	 87,30грн.	2020-04-21
1466	41	 187,93грн.	2020-06-10
1467	849	 203,20грн.	2020-02-12
1468	1610	 158,09грн.	2020-03-13
1469	753	 147,40грн.	2020-02-11
1470	1748	 94,45грн.	2020-05-07
1471	1819	 177,81грн.	2020-04-01
1472	1951	 87,28грн.	2020-08-12
1473	701	 97,08грн.	2020-10-14
1474	1286	 39,29грн.	2020-12-18
1475	336	 166,71грн.	2020-04-07
1476	500	 199,95грн.	2020-12-30
1477	1649	 111,47грн.	2020-03-21
1478	274	 228,16грн.	2020-04-08
1479	1221	 83,67грн.	2020-02-23
1480	494	 73,16грн.	2020-04-08
1481	91	 87,77грн.	2020-08-26
1482	1007	 95,99грн.	2020-12-16
1483	347	 146,83грн.	2020-12-10
1484	258	 176,38грн.	2020-05-31
1485	717	 194,75грн.	2020-04-11
1486	1417	 190,22грн.	2020-09-03
1487	2005	 186,02грн.	2020-02-26
1488	1788	 118,86грн.	2020-02-04
1489	806	 112,94грн.	2020-03-30
1490	1561	 134,51грн.	2020-08-12
1491	2006	 132,56грн.	2020-11-09
1492	1308	 108,54грн.	2020-06-11
1493	1787	 185,95грн.	2020-07-25
1494	383	 146,36грн.	2020-08-17
1495	421	 113,92грн.	2020-05-13
1496	399	 112,38грн.	2020-12-18
1497	1029	 169,82грн.	2020-09-21
1498	79	 64,32грн.	2020-03-26
1499	174	 77,70грн.	2020-10-11
1500	1765	 256,50грн.	2020-08-09
1501	1279	 180,72грн.	2020-02-28
1502	1867	 215,10грн.	2020-10-03
1503	694	 261,46грн.	2020-10-08
1504	278	 7,60грн.	2020-06-24
1505	1233	 208,03грн.	2020-02-24
1506	1142	 154,84грн.	2020-04-11
1507	1120	 135,06грн.	2020-02-16
1508	1093	 212,81грн.	2020-09-05
1509	1330	 72,06грн.	2020-03-15
1510	2018	 178,38грн.	2020-04-18
1511	1581	 29,46грн.	2020-06-18
1512	425	 79,05грн.	2020-02-11
1513	1808	 126,09грн.	2020-10-24
1514	506	 188,38грн.	2020-11-02
1515	1334	 265,46грн.	2020-08-28
1516	1049	 229,38грн.	2020-02-09
1517	64	 154,99грн.	2020-03-06
1518	240	 47,55грн.	2020-03-18
1519	1707	 260,90грн.	2020-02-11
1520	918	 210,75грн.	2020-10-26
1521	466	 264,74грн.	2020-04-27
1522	576	 230,33грн.	2020-01-25
1523	1513	 159,62грн.	2020-03-19
1524	111	 127,15грн.	2020-02-01
1525	1123	 164,37грн.	2020-10-07
1526	636	 219,43грн.	2020-11-22
1527	1910	 274,92грн.	2020-11-10
1528	2114	 163,39грн.	2020-07-22
1529	71	 167,38грн.	2020-02-13
1530	2040	 80,27грн.	2020-08-01
1531	1730	 48,50грн.	2020-01-26
1532	372	 218,32грн.	2020-04-09
1533	2110	 70,07грн.	2020-11-01
1534	1162	 107,39грн.	2020-04-15
1535	12	 251,37грн.	2020-03-19
1536	395	 172,26грн.	2020-03-10
1537	894	 218,49грн.	2020-02-26
1538	1599	 178,16грн.	2020-10-08
1539	514	 176,76грн.	2020-09-09
1540	1415	 160,15грн.	2020-05-24
1541	1501	 121,43грн.	2020-03-02
1542	866	 94,64грн.	2020-03-01
1543	415	 230,95грн.	2020-01-17
1544	1167	 91,81грн.	2020-05-23
1545	1490	 159,16грн.	2020-10-09
1546	1482	 146,70грн.	2020-06-02
1547	2075	 73,86грн.	2020-01-04
1548	1973	 169,02грн.	2020-05-24
1549	1589	 94,52грн.	2020-11-12
1550	1723	 41,73грн.	2020-07-09
1551	1600	 74,83грн.	2020-12-15
1552	165	 110,46грн.	2020-11-09
1553	2022	 216,09грн.	2020-05-03
1554	1210	 135,38грн.	2020-03-12
1555	1516	 117,72грн.	2020-06-26
1556	859	 192,35грн.	2020-10-18
1557	1124	 161,06грн.	2020-09-16
1558	1130	 136,83грн.	2020-03-17
1559	903	 62,81грн.	2020-10-07
1560	551	 82,29грн.	2020-11-11
1561	663	 116,00грн.	2020-10-15
1562	1863	 63,67грн.	2020-11-20
1563	458	 147,85грн.	2020-03-31
1564	2005	 34,66грн.	2020-11-03
1565	45	 145,96грн.	2020-06-03
1566	824	 186,33грн.	2020-02-16
1567	1655	 49,82грн.	2020-09-30
1568	1504	 129,02грн.	2020-05-17
1569	1387	 170,94грн.	2020-12-20
1570	1105	 69,14грн.	2020-08-17
1571	391	 207,22грн.	2020-08-13
1572	854	 52,56грн.	2020-07-05
1573	481	 92,36грн.	2020-05-25
1574	1244	 94,68грн.	2020-06-22
1575	461	 97,30грн.	2020-07-05
1576	387	 178,18грн.	2020-04-03
1577	1102	 112,78грн.	2020-09-22
1578	1447	 82,64грн.	2020-10-02
1579	1808	 115,70грн.	2020-03-24
1580	459	 201,42грн.	2020-01-11
1581	1169	 198,64грн.	2020-06-21
1582	567	 135,36грн.	2020-11-18
1583	469	 228,83грн.	2020-04-01
1584	713	 159,79грн.	2020-11-05
1585	199	 145,58грн.	2020-07-20
1586	1995	 195,72грн.	2020-03-01
1587	1095	 202,49грн.	2020-08-25
1588	804	 114,45грн.	2020-08-04
1589	928	 40,33грн.	2020-04-01
1590	1422	 250,64грн.	2020-07-04
1591	1402	 128,15грн.	2020-01-15
1592	506	 95,24грн.	2020-02-04
1593	1009	 34,04грн.	2020-03-05
1594	1798	 95,76грн.	2020-10-27
1595	497	 110,29грн.	2020-03-09
1596	191	 172,12грн.	2020-01-12
1597	1720	 22,17грн.	2020-10-06
1598	640	 215,42грн.	2020-06-26
1599	1487	 182,12грн.	2020-07-07
1600	2082	 218,32грн.	2020-09-11
1601	1581	 33,79грн.	2020-07-14
1602	1296	 161,94грн.	2020-01-09
1603	1561	 170,10грн.	2020-02-29
1604	284	 127,36грн.	2020-11-26
1605	1085	 131,29грн.	2020-08-04
1606	2016	 220,36грн.	2020-07-08
1607	2037	 141,89грн.	2020-01-30
1608	2092	 168,93грн.	2020-03-05
1609	1265	 155,27грн.	2020-05-22
1610	1315	 199,97грн.	2020-02-02
1611	1683	 203,25грн.	2020-05-01
1612	728	 178,37грн.	2020-12-23
1613	1057	 241,29грн.	2020-01-13
1614	790	 71,52грн.	2020-09-11
1615	1927	 141,93грн.	2020-04-07
1616	1997	 55,41грн.	2020-09-04
1617	1991	 127,74грн.	2020-06-03
1618	1141	 25,14грн.	2020-02-23
1619	342	 245,00грн.	2020-09-20
1620	2021	 27,93грн.	2020-06-30
1621	699	 209,89грн.	2020-08-29
1622	1892	 158,04грн.	2020-03-04
1623	1520	 229,20грн.	2020-06-01
1624	1674	 191,77грн.	2020-04-03
1625	2003	 72,70грн.	2020-08-11
1626	587	 262,69грн.	2020-09-02
1627	110	 63,57грн.	2020-04-04
1628	770	 3,85грн.	2020-07-17
1629	1892	 168,39грн.	2020-05-10
1630	1421	 155,94грн.	2020-08-31
1631	237	 202,78грн.	2020-03-20
1632	2094	 140,69грн.	2020-12-14
1633	391	 167,56грн.	2020-07-30
1634	1470	 180,66грн.	2020-08-25
1635	1751	 178,29грн.	2020-01-12
1636	1954	 91,42грн.	2020-11-18
1637	424	 40,83грн.	2020-12-18
1638	2007	 134,51грн.	2020-03-24
1639	1461	 158,96грн.	2020-12-23
1640	1148	 92,74грн.	2020-05-08
1641	1648	 220,23грн.	2020-12-31
1642	779	 223,76грн.	2020-03-22
1643	948	 111,81грн.	2020-11-22
1644	2077	 124,14грн.	2020-02-26
1645	1506	 223,42грн.	2020-09-29
1646	1999	 72,93грн.	2020-05-07
1647	749	 156,70грн.	2020-08-15
1649	1819	 63,50грн.	2020-03-29
1650	14	 227,75грн.	2020-12-08
1651	451	 132,98грн.	2020-05-11
1652	692	 84,44грн.	2020-11-16
1653	1018	 111,16грн.	2020-03-27
1654	1810	 177,41грн.	2020-11-14
1655	794	 204,81грн.	2020-09-12
1656	918	 103,50грн.	2020-01-10
1657	1641	 144,99грн.	2020-03-03
1658	1307	 171,33грн.	2020-10-12
1659	1392	 80,31грн.	2020-08-19
1660	1812	 80,83грн.	2020-10-05
1661	727	 168,16грн.	2020-06-09
1662	1454	 84,75грн.	2020-11-02
1663	1936	 84,22грн.	2020-06-15
1664	80	 83,54грн.	2020-02-05
1665	59	 243,37грн.	2020-06-13
1666	1827	 57,86грн.	2020-07-24
1667	1501	 149,33грн.	2020-05-06
1668	513	 122,96грн.	2020-01-21
1669	672	 91,39грн.	2020-12-18
1670	1058	 65,18грн.	2020-12-15
1671	1095	 106,56грн.	2020-03-19
1672	1020	 138,50грн.	2020-02-19
1673	1718	 235,41грн.	2020-09-19
1674	520	 121,49грн.	2020-03-17
1675	1966	 192,28грн.	2020-07-10
1676	450	 130,04грн.	2020-03-25
1677	1989	 124,25грн.	2020-06-27
1678	1151	 187,29грн.	2020-01-14
1679	1695	 174,85грн.	2020-12-08
1680	1068	 199,98грн.	2020-10-29
1681	1527	 270,31грн.	2020-10-14
1682	1100	 151,30грн.	2020-02-16
1683	799	 74,08грн.	2020-10-20
1684	1553	 132,20грн.	2020-12-21
1685	309	 106,02грн.	2020-10-06
1686	674	 199,41грн.	2020-06-02
1687	1113	 71,18грн.	2020-09-06
1688	987	 218,67грн.	2020-11-08
1689	777	 198,13грн.	2020-04-09
1690	1543	 154,28грн.	2020-09-14
1691	1685	 55,28грн.	2020-07-28
1692	291	 78,40грн.	2020-10-15
1693	1721	 87,16грн.	2020-07-25
1694	664	 195,79грн.	2020-01-14
1695	1845	 223,01грн.	2020-04-21
1696	836	 252,74грн.	2020-08-13
1697	103	 158,51грн.	2020-03-26
1698	276	 181,20грн.	2020-10-23
1699	623	 30,16грн.	2020-02-29
1700	1801	 117,36грн.	2020-08-27
1701	370	 246,93грн.	2020-02-18
1702	532	 112,20грн.	2020-08-09
1703	1897	 150,78грн.	2020-04-14
1704	977	 100,86грн.	2020-12-24
1705	1004	 132,54грн.	2020-12-22
1706	18	 180,82грн.	2020-01-15
1707	554	 56,93грн.	2020-08-02
1708	116	 161,54грн.	2020-01-02
1709	1818	 30,37грн.	2020-02-04
1710	310	 33,68грн.	2020-01-24
1711	1119	 77,91грн.	2020-01-01
1712	1508	 206,59грн.	2020-05-12
1713	562	 177,06грн.	2020-07-09
1714	1622	 195,81грн.	2020-04-26
1715	1426	 76,03грн.	2020-08-10
1716	437	 136,83грн.	2020-02-08
1717	1727	 235,23грн.	2020-05-08
1718	459	 237,91грн.	2020-04-18
1719	1239	 217,30грн.	2020-03-23
1720	323	 197,54грн.	2020-11-06
1721	235	 174,52грн.	2020-05-21
1722	1563	 229,24грн.	2020-06-30
1723	84	 53,38грн.	2020-02-24
1724	1244	 112,91грн.	2020-04-13
1725	1082	 96,91грн.	2020-03-04
1726	335	 190,23грн.	2020-11-23
1727	1935	 48,66грн.	2020-09-21
1728	1273	 153,56грн.	2020-10-15
1729	1528	 224,40грн.	2020-09-11
1730	1203	 182,98грн.	2020-05-08
1731	1197	 196,42грн.	2020-02-03
1732	24	 181,77грн.	2020-10-03
1733	525	 239,80грн.	2020-07-15
1734	1118	 141,24грн.	2020-08-16
1735	1242	 96,23грн.	2020-03-29
1736	977	 214,16грн.	2020-05-09
1737	2050	 33,05грн.	2020-03-26
1738	440	 149,19грн.	2020-09-06
1739	1492	 163,33грн.	2020-07-27
1740	2038	 93,28грн.	2020-11-03
1741	2025	 147,71грн.	2020-11-01
1742	1948	 65,10грн.	2020-02-10
1743	659	 137,87грн.	2020-12-27
1744	879	 95,61грн.	2020-10-26
1745	1635	 58,71грн.	2020-11-20
1746	1297	 142,86грн.	2020-11-12
1747	1074	 228,64грн.	2020-10-04
1748	340	 248,66грн.	2020-02-05
1749	1621	 273,45грн.	2020-02-18
1750	678	 245,79грн.	2020-03-27
1751	1378	 154,24грн.	2020-12-19
1752	1246	 193,54грн.	2020-11-20
1753	1342	 136,10грн.	2020-06-27
1754	2110	 207,54грн.	2020-08-26
1755	759	 93,23грн.	2020-12-14
1756	242	 133,59грн.	2020-08-15
1757	1344	 68,73грн.	2020-08-20
1758	5	 70,19грн.	2020-07-30
1759	18	 219,97грн.	2020-03-02
1760	410	 106,36грн.	2020-04-29
1761	835	 251,62грн.	2020-06-24
1762	542	 187,78грн.	2020-09-27
1763	742	 161,02грн.	2020-06-30
1764	829	 133,82грн.	2020-12-30
1765	2019	 129,66грн.	2020-05-06
1766	717	 260,15грн.	2020-04-27
1767	62	 77,88грн.	2020-09-01
1768	519	 109,64грн.	2020-03-12
1769	826	 224,85грн.	2020-09-12
1770	2087	 190,12грн.	2020-01-22
1771	1425	 151,38грн.	2020-09-19
1772	1804	 76,56грн.	2020-09-03
1773	224	 61,35грн.	2020-08-26
1774	2013	 2,19грн.	2020-12-28
1775	140	 52,89грн.	2020-02-22
1776	430	 150,52грн.	2020-06-17
1777	333	 245,59грн.	2020-02-04
1778	971	 190,27грн.	2020-08-20
1779	1154	 172,81грн.	2020-08-03
1780	1004	 161,46грн.	2020-05-13
1781	114	 215,88грн.	2020-04-24
1782	830	 70,65грн.	2020-05-30
1783	1976	 183,27грн.	2020-03-06
1784	1348	 245,29грн.	2020-07-01
1785	696	 17,23грн.	2020-08-11
1786	359	 197,00грн.	2020-03-27
1787	1823	 91,50грн.	2020-03-22
1788	342	 214,64грн.	2020-11-15
1789	1246	 223,11грн.	2020-04-19
1790	2010	 121,11грн.	2020-06-14
1791	668	 183,84грн.	2020-01-05
1792	327	 21,70грн.	2020-11-25
1793	1589	 237,31грн.	2020-03-01
1794	547	 233,09грн.	2020-02-10
1795	251	 127,18грн.	2020-10-04
1796	1388	 159,19грн.	2020-03-13
1797	1973	 141,53грн.	2020-12-31
1798	959	 182,74грн.	2020-01-19
1799	1442	 169,11грн.	2020-01-20
1800	856	 260,97грн.	2020-05-04
1801	853	 75,09грн.	2020-05-28
1802	1342	 81,30грн.	2020-06-09
1803	886	 108,62грн.	2020-04-27
1804	99	 114,73грн.	2020-01-31
1805	1890	 158,16грн.	2020-08-21
1806	378	 133,06грн.	2020-05-06
1807	1069	 113,11грн.	2020-07-16
1808	1832	 172,14грн.	2020-10-05
1809	90	 282,52грн.	2020-12-31
1810	22	 27,39грн.	2020-05-03
1811	1836	 141,39грн.	2020-01-10
1812	874	 187,65грн.	2020-03-15
1813	411	 131,43грн.	2020-02-08
1814	1542	 235,35грн.	2020-09-25
1815	160	 87,66грн.	2020-04-13
1816	1584	 124,43грн.	2020-12-31
1817	1921	 201,01грн.	2020-02-24
1818	1216	 263,97грн.	2020-08-27
1819	305	 182,82грн.	2020-12-20
1820	326	 242,46грн.	2020-02-03
1821	1846	 99,45грн.	2020-01-07
1822	139	 167,82грн.	2020-12-28
1823	152	 11,70грн.	2020-03-30
1824	169	 270,16грн.	2020-01-10
1825	760	 89,67грн.	2020-07-28
1826	637	 127,86грн.	2020-12-13
1827	1585	 70,97грн.	2020-02-28
1828	1708	 113,13грн.	2020-06-11
1829	1874	 187,94грн.	2020-07-06
1830	1774	 234,91грн.	2020-09-26
1831	1464	 121,15грн.	2020-01-24
1832	434	 193,13грн.	2020-06-23
1833	440	 183,83грн.	2020-04-16
1834	1559	 209,45грн.	2020-09-15
1835	1541	 128,59грн.	2020-04-05
1836	289	 61,11грн.	2020-12-07
1837	760	 197,31грн.	2020-03-30
1838	1194	 54,24грн.	2020-11-11
1839	836	 71,41грн.	2020-05-01
1840	327	 153,82грн.	2020-08-30
1841	1197	 62,59грн.	2020-07-05
1842	1192	 75,82грн.	2020-11-12
1843	1446	 106,98грн.	2020-09-12
1844	835	 274,89грн.	2020-10-15
1845	553	 127,55грн.	2020-01-04
1846	1898	 228,54грн.	2020-09-22
1847	471	 103,37грн.	2020-06-30
1848	1274	 124,29грн.	2020-05-14
1849	1176	 214,15грн.	2020-04-14
1850	434	 99,75грн.	2020-07-27
1851	1704	 60,43грн.	2020-07-06
1852	1614	 243,17грн.	2020-06-05
1853	1070	 11,09грн.	2020-08-29
1854	658	 159,15грн.	2020-05-14
1855	651	 218,46грн.	2020-11-21
1856	1936	 211,62грн.	2020-11-09
1857	1871	 104,80грн.	2020-11-29
1858	1313	 24,23грн.	2020-02-21
1859	245	 88,10грн.	2020-10-18
1860	1590	 110,95грн.	2020-02-02
1861	1556	 110,15грн.	2020-05-13
1862	821	 98,17грн.	2020-03-30
1863	680	 168,70грн.	2020-03-08
1864	806	 149,59грн.	2020-02-06
1865	1716	 133,75грн.	2020-08-27
1866	1972	 226,88грн.	2020-01-31
1867	1571	 87,44грн.	2020-03-19
1868	310	 74,68грн.	2020-01-25
1869	1850	 173,68грн.	2020-09-24
1870	85	 87,76грн.	2020-05-31
1871	1013	 284,23грн.	2020-01-03
1872	168	 123,64грн.	2020-12-28
1873	372	 230,64грн.	2020-01-25
1874	843	 110,66грн.	2020-03-03
1875	1962	 111,63грн.	2020-05-04
1876	1581	 129,18грн.	2020-05-01
1877	290	 111,69грн.	2020-12-16
1878	1862	 199,93грн.	2020-07-06
1879	1089	 23,47грн.	2020-02-12
1880	1804	 224,29грн.	2020-05-26
1881	1007	 215,24грн.	2020-02-11
1882	1795	 46,11грн.	2020-07-10
1883	258	 232,46грн.	2020-01-10
1884	533	 195,19грн.	2020-07-18
1885	274	 190,72грн.	2020-02-15
1886	1634	 76,23грн.	2020-04-23
1887	304	 98,99грн.	2020-10-03
1888	1119	 179,13грн.	2020-04-27
1889	1590	 180,66грн.	2020-03-10
1890	578	 227,06грн.	2020-10-21
1891	1981	 130,25грн.	2020-02-16
1892	1977	 132,43грн.	2020-03-23
1893	993	 223,55грн.	2020-07-15
1894	1774	 185,60грн.	2020-02-06
1895	1968	 236,89грн.	2020-04-15
1896	282	 72,79грн.	2020-12-14
1897	1889	 60,82грн.	2020-07-17
1898	487	 204,90грн.	2020-09-21
1899	779	 133,62грн.	2020-02-11
1900	773	 188,51грн.	2020-08-03
1901	288	 59,02грн.	2020-05-05
1902	1077	 69,40грн.	2020-09-16
1903	476	 157,49грн.	2020-03-16
1904	752	 68,73грн.	2020-06-22
1905	282	 81,59грн.	2020-08-27
1906	1753	 187,31грн.	2020-03-11
1907	740	 173,48грн.	2020-01-19
1908	848	 89,40грн.	2020-12-15
1909	478	 124,27грн.	2020-11-02
1910	235	 135,58грн.	2020-05-29
1911	2104	 191,39грн.	2020-12-21
1912	1568	 75,32грн.	2020-08-02
1913	768	 151,54грн.	2020-12-07
1914	1120	 155,21грн.	2020-08-30
1915	47	 168,82грн.	2020-07-01
1916	1319	 102,17грн.	2020-11-15
1917	178	 111,18грн.	2020-05-02
1918	1976	 269,39грн.	2020-08-25
1919	935	 257,12грн.	2020-11-29
1920	28	 122,44грн.	2020-03-07
1921	1361	 153,36грн.	2020-06-18
1922	1518	 136,65грн.	2020-06-03
1923	219	 215,77грн.	2020-07-25
1924	1667	 135,22грн.	2020-01-28
1925	1057	 152,02грн.	2020-02-14
1926	266	 65,08грн.	2020-01-23
1927	1981	 64,58грн.	2020-07-29
1928	189	 112,99грн.	2020-06-28
1929	2020	 170,90грн.	2020-08-04
1930	1053	 118,87грн.	2020-09-30
1931	231	 125,84грн.	2020-04-05
1932	1821	 185,76грн.	2020-03-11
1933	1970	 126,01грн.	2020-10-02
1934	1537	 213,01грн.	2020-11-21
1935	968	 102,47грн.	2020-07-08
1936	1786	 186,63грн.	2020-12-05
1937	948	 58,36грн.	2020-11-12
1938	16	 168,72грн.	2020-04-17
1939	1808	 245,25грн.	2020-11-17
1940	655	 98,23грн.	2020-09-30
1941	1235	 88,32грн.	2020-11-08
1942	2014	 87,96грн.	2020-08-02
1943	57	 97,90грн.	2020-06-29
1944	1802	 70,75грн.	2020-04-08
1945	2028	 219,19грн.	2020-03-24
1946	304	 248,69грн.	2020-03-06
1947	1373	 213,88грн.	2020-09-03
1948	1977	 290,97грн.	2020-02-28
1949	479	 186,53грн.	2020-09-16
1950	1364	 148,72грн.	2020-02-07
1951	1375	 122,20грн.	2020-06-12
1952	1807	 35,97грн.	2020-06-02
1953	927	 220,58грн.	2020-05-10
1954	679	 219,37грн.	2020-09-27
1955	564	 149,81грн.	2020-09-01
1956	398	 152,10грн.	2020-10-30
1957	1938	 176,56грн.	2020-02-02
1958	1367	 115,01грн.	2020-01-11
1959	2072	 208,83грн.	2020-06-02
1960	923	 200,40грн.	2020-11-06
1961	1574	 207,38грн.	2020-10-01
1962	741	 200,13грн.	2020-03-01
1963	2000	 124,09грн.	2020-09-15
1964	620	 148,52грн.	2020-01-29
1965	760	 160,25грн.	2020-03-19
1966	1964	 166,06грн.	2020-08-13
1967	24	 176,78грн.	2020-10-24
1968	1199	 108,75грн.	2020-01-07
1969	2012	 14,60грн.	2020-07-10
1970	268	 88,14грн.	2020-10-08
1971	1284	 69,77грн.	2020-03-26
1972	719	 224,61грн.	2020-07-04
1973	142	 20,72грн.	2020-04-13
1974	510	 235,98грн.	2020-05-11
1975	839	 206,96грн.	2020-12-17
1976	811	 208,44грн.	2020-07-16
1977	477	 132,01грн.	2020-10-22
1978	1254	 161,06грн.	2020-11-10
1979	1723	 29,72грн.	2020-06-07
1980	641	 59,94грн.	2020-11-03
1981	279	 238,57грн.	2020-08-24
1982	1120	 63,28грн.	2020-10-12
1983	788	 238,24грн.	2020-01-03
1984	623	 236,43грн.	2020-07-21
1985	1859	 107,29грн.	2020-05-25
1986	1938	 71,29грн.	2020-12-17
1987	1403	 88,82грн.	2020-05-30
1988	1732	 277,32грн.	2020-06-11
1989	1021	 142,89грн.	2020-08-16
1990	2054	 237,33грн.	2020-10-25
1991	676	 85,77грн.	2020-08-09
1992	1678	 115,67грн.	2020-10-17
1993	1594	 54,81грн.	2020-06-24
1994	200	 49,59грн.	2020-03-25
1995	1308	 228,87грн.	2020-04-10
1996	1954	 54,23грн.	2020-11-25
1997	1447	 84,94грн.	2020-12-18
1998	1561	 101,19грн.	2020-02-15
1999	2075	 165,35грн.	2020-08-10
2000	1855	 160,87грн.	2020-03-14
2001	1467	 107,08грн.	2020-05-09
2002	859	 92,48грн.	2020-11-05
2003	121	 137,27грн.	2020-08-23
2004	450	 202,55грн.	2020-09-10
2005	580	 90,00грн.	2020-01-23
2006	1515	 229,82грн.	2020-07-21
2007	514	 255,28грн.	2020-05-05
2008	1261	 138,45грн.	2020-05-26
2009	1652	 243,64грн.	2020-08-19
2010	797	 22,33грн.	2020-05-04
2011	1740	 115,03грн.	2020-02-22
2012	1767	 52,36грн.	2020-09-26
2013	1867	 183,61грн.	2020-06-21
2014	421	 206,30грн.	2020-05-28
2015	452	 204,51грн.	2020-01-19
2016	1808	 43,67грн.	2020-02-23
2017	1125	 168,89грн.	2020-12-15
2018	612	 83,60грн.	2020-10-24
2019	577	 256,97грн.	2020-08-26
2020	1996	 202,55грн.	2020-11-07
2021	496	 244,54грн.	2020-07-30
2022	59	 26,14грн.	2020-04-13
2023	1436	 67,07грн.	2020-09-12
2024	631	 138,44грн.	2020-03-12
2025	210	 246,72грн.	2020-03-23
2026	747	 178,94грн.	2020-05-17
2027	902	 69,59грн.	2020-08-08
2028	403	 111,61грн.	2020-11-06
2029	1944	 103,96грн.	2020-06-04
2030	1850	 162,86грн.	2020-05-12
2031	938	 148,77грн.	2020-12-31
2032	1992	 137,51грн.	2020-03-29
2033	1682	 172,55грн.	2020-01-20
2034	1661	 105,54грн.	2020-05-03
2035	944	 114,61грн.	2020-02-22
2036	688	 131,99грн.	2020-03-05
2037	1881	 183,54грн.	2020-06-19
2038	1541	 145,51грн.	2020-10-03
2039	178	 85,83грн.	2020-12-09
2040	959	 150,21грн.	2020-10-16
2041	203	 268,36грн.	2020-03-10
2042	1445	 136,28грн.	2020-09-25
2043	128	 53,05грн.	2020-02-19
2044	400	 237,31грн.	2020-10-12
2045	240	 127,63грн.	2020-11-04
2046	48	 98,53грн.	2020-03-31
2047	1653	 181,48грн.	2020-07-05
2048	922	 121,83грн.	2020-04-10
2049	1230	 159,82грн.	2020-11-23
2050	1207	 111,20грн.	2020-01-05
2051	309	 140,47грн.	2020-02-14
2052	211	 46,77грн.	2020-02-28
2053	1533	 86,32грн.	2020-08-24
2054	931	 58,36грн.	2020-04-23
2055	1027	 65,66грн.	2020-06-15
2056	703	 192,59грн.	2020-11-18
2057	416	 210,12грн.	2020-08-22
2058	767	 178,42грн.	2020-08-18
2059	2081	 195,38грн.	2020-05-06
2060	1230	 39,49грн.	2020-07-11
2061	1037	 34,43грн.	2020-08-12
2062	109	 196,67грн.	2020-12-13
2063	1826	 47,39грн.	2020-03-28
2064	488	 71,41грн.	2020-12-24
2065	1000	 98,85грн.	2020-07-04
2066	452	 276,27грн.	2020-09-06
2067	837	 128,50грн.	2020-10-15
2068	322	 76,63грн.	2020-09-25
2069	1435	 251,54грн.	2020-10-27
2070	1999	 113,14грн.	2020-05-09
2071	1213	 114,06грн.	2020-08-08
2072	1260	 30,61грн.	2020-08-09
2073	1450	 186,36грн.	2020-04-18
2074	880	 278,82грн.	2020-09-13
2075	1502	 230,11грн.	2020-02-07
2076	1150	 82,30грн.	2020-02-06
2077	1353	 126,57грн.	2020-10-08
2078	1901	 32,63грн.	2020-08-14
2079	1212	 280,19грн.	2020-06-13
2080	1364	 180,84грн.	2020-09-11
2081	1524	 239,95грн.	2020-06-15
2082	241	 256,69грн.	2020-04-14
2083	1603	 166,62грн.	2020-06-27
2084	18	 150,83грн.	2020-02-09
2085	583	 78,47грн.	2020-09-01
2086	40	 60,25грн.	2020-03-15
2087	1304	 279,10грн.	2020-08-24
2088	1394	 142,60грн.	2020-05-30
2089	221	 127,68грн.	2020-02-27
2090	411	 54,69грн.	2020-11-17
2091	940	 209,03грн.	2020-01-10
2092	1137	 102,55грн.	2020-10-09
2093	1923	 63,77грн.	2020-04-22
2094	1712	 175,97грн.	2020-01-22
2095	1894	 247,88грн.	2020-05-28
2096	1766	 225,42грн.	2020-01-10
2097	1233	 186,59грн.	2020-01-29
2098	557	 146,56грн.	2020-06-24
2099	2111	 30,96грн.	2020-11-03
2100	119	 247,17грн.	2020-04-21
2101	1620	 186,27грн.	2020-12-08
2102	1247	 192,93грн.	2020-04-06
2103	17	 91,35грн.	2020-05-24
2104	370	 97,14грн.	2020-08-18
2105	1678	 43,55грн.	2020-07-08
2106	1049	 206,10грн.	2020-05-16
2107	483	 192,41грн.	2020-02-08
2108	65	 212,49грн.	2020-07-02
2109	602	 225,37грн.	2020-12-29
2110	2013	 220,99грн.	2020-11-29
2111	2118	 185,05грн.	2020-03-13
2112	970	 234,65грн.	2020-02-02
2113	920	 99,71грн.	2020-07-05
2114	342	 182,03грн.	2020-12-09
2115	667	 157,25грн.	2020-02-24
2116	250	 147,61грн.	2020-03-23
2117	1083	 36,19грн.	2020-05-14
2118	1270	 219,00грн.	2020-05-07
2119	713	 79,20грн.	2020-08-18
2120	926	 143,42грн.	2020-07-02
2121	1251	 273,00грн.	2020-06-30
2122	1471	 132,48грн.	2020-06-04
2123	823	 167,89грн.	2020-11-18
2124	216	 3,03грн.	2020-03-29
2125	1344	 217,40грн.	2020-02-09
2126	814	 195,96грн.	2020-05-23
2127	864	 26,61грн.	2020-01-17
2128	1997	 86,29грн.	2020-09-14
2129	68	 127,53грн.	2020-11-28
2130	1373	 172,27грн.	2020-03-16
2131	1860	 119,04грн.	2020-03-26
2132	1008	 105,44грн.	2020-08-07
2133	839	 121,36грн.	2020-02-27
2134	1897	 132,74грн.	2020-01-26
2135	1524	 56,73грн.	2020-01-17
2136	620	 192,41грн.	2020-03-10
2137	4	 114,13грн.	2020-10-25
2138	539	 184,10грн.	2020-05-16
2139	929	 185,15грн.	2020-09-14
2140	1038	 142,90грн.	2020-10-04
2141	1865	 225,75грн.	2020-09-10
2142	565	 201,88грн.	2020-07-24
2143	813	 155,63грн.	2020-12-25
2144	459	 154,71грн.	2020-03-17
2145	1181	 112,83грн.	2020-04-15
2146	1543	 191,55грн.	2020-08-31
2147	1127	 81,14грн.	2020-10-17
2148	1542	 175,91грн.	2020-08-19
2149	1919	 186,59грн.	2020-03-13
2150	224	 133,97грн.	2020-05-09
2151	913	 127,85грн.	2020-02-28
2152	1965	 188,98грн.	2020-08-26
2153	1602	 55,02грн.	2020-11-02
2154	5	 48,87грн.	2020-09-26
2155	2060	 25,80грн.	2020-10-30
2156	1115	 91,83грн.	2020-10-27
2157	1452	 108,78грн.	2020-02-20
2158	423	 174,31грн.	2020-06-25
2159	1968	 70,53грн.	2020-12-11
2160	105	 69,80грн.	2020-11-11
2161	1832	 141,53грн.	2020-07-22
2162	1616	 238,97грн.	2020-06-07
2163	2053	 129,01грн.	2020-10-01
2164	1439	 84,67грн.	2020-04-12
2165	1618	 92,96грн.	2020-07-05
2166	1845	 53,97грн.	2020-07-28
2167	1981	 133,33грн.	2020-11-27
2168	216	 187,24грн.	2020-05-10
2169	1093	 101,79грн.	2020-01-27
2170	941	 107,24грн.	2020-03-27
2171	1481	 180,55грн.	2020-05-20
2172	707	 278,39грн.	2020-11-24
2173	1702	 185,71грн.	2020-02-07
2174	1643	 113,90грн.	2020-09-27
2175	106	 219,01грн.	2020-08-03
2176	1509	 125,08грн.	2020-01-05
2177	679	 199,56грн.	2020-08-12
2178	1665	 94,82грн.	2020-05-13
2179	342	 187,25грн.	2020-02-26
2180	1744	 120,77грн.	2020-06-16
2181	1943	 264,50грн.	2020-06-25
2182	398	 40,38грн.	2020-12-07
2183	717	 189,31грн.	2020-11-10
2184	491	 194,24грн.	2020-04-07
2185	693	 101,50грн.	2020-08-26
2186	1444	 100,44грн.	2020-01-24
2187	777	 138,04грн.	2020-06-18
2188	1074	 215,52грн.	2020-09-29
2189	1010	 109,04грн.	2020-02-08
2190	1281	 144,32грн.	2020-02-21
2191	812	 129,12грн.	2020-06-27
2192	817	 156,26грн.	2020-06-18
2193	1581	 196,98грн.	2020-08-28
2194	336	 15,20грн.	2020-06-06
2195	1893	 223,08грн.	2020-08-10
2196	308	 143,57грн.	2020-09-02
2197	483	 186,74грн.	2020-12-15
2198	1269	 55,73грн.	2020-12-27
2199	1678	 178,89грн.	2020-04-28
2200	1872	 89,28грн.	2020-07-12
2201	86	 130,42грн.	2020-07-10
2202	1732	 109,91грн.	2020-10-19
2203	1827	 172,40грн.	2020-11-21
2204	457	 149,35грн.	2020-07-11
2205	1206	 132,32грн.	2020-05-05
2206	414	 188,23грн.	2020-08-15
2207	1738	 229,79грн.	2020-06-16
2208	1269	 163,92грн.	2020-10-08
2209	932	 121,14грн.	2020-12-30
2210	1518	 128,76грн.	2020-02-06
2211	1067	 82,91грн.	2020-04-17
2212	384	 165,56грн.	2020-10-26
2213	924	 139,48грн.	2020-03-20
2214	1638	 206,83грн.	2020-07-04
2215	67	 70,55грн.	2020-09-12
2216	1078	 169,07грн.	2020-10-26
2217	270	 260,67грн.	2020-05-03
2218	1582	 88,07грн.	2020-09-24
2219	1594	 179,10грн.	2020-05-21
2220	1697	 279,44грн.	2020-04-17
2221	251	 106,63грн.	2020-07-02
2222	918	 254,95грн.	2020-08-25
2223	1911	 256,16грн.	2020-02-25
2224	1073	 206,58грн.	2020-05-01
2225	52	 173,07грн.	2020-01-23
2226	1023	 272,24грн.	2020-08-05
2227	1591	 152,83грн.	2020-01-18
2228	398	 55,12грн.	2020-03-07
2229	1559	 38,59грн.	2020-05-26
2230	1834	 164,57грн.	2020-01-16
2231	1149	 209,75грн.	2020-11-09
2232	705	 260,87грн.	2020-04-17
2233	755	 220,46грн.	2020-04-03
2234	1480	 33,33грн.	2020-07-17
2235	1457	 100,88грн.	2020-03-15
2236	111	 150,95грн.	2020-01-11
2237	807	 101,99грн.	2020-08-25
2238	135	 75,41грн.	2020-08-21
2239	1396	 197,28грн.	2020-03-23
2240	620	 152,83грн.	2020-07-28
2241	56	 213,65грн.	2020-05-31
2242	1752	 83,71грн.	2020-02-02
2243	807	 106,18грн.	2020-02-07
2244	1791	 226,39грн.	2020-10-28
2245	1994	 124,07грн.	2020-12-06
2246	1981	 136,25грн.	2020-11-28
2247	180	 72,66грн.	2020-07-07
2248	711	 268,88грн.	2020-07-19
2249	1903	 166,07грн.	2020-03-18
2250	443	 104,50грн.	2020-08-10
2251	1205	 248,43грн.	2020-06-10
2252	71	 211,92грн.	2020-07-29
2253	368	 202,06грн.	2020-06-24
2254	1808	 143,08грн.	2020-03-16
2255	316	 66,14грн.	2020-09-05
2256	171	 73,74грн.	2020-07-20
2257	1673	 178,96грн.	2020-11-26
2258	1166	 75,19грн.	2020-03-09
2259	836	 84,12грн.	2020-05-23
2260	1414	 115,33грн.	2020-12-18
2261	771	 134,25грн.	2020-12-22
2262	1439	 135,25грн.	2020-06-11
2263	1873	 83,34грн.	2020-09-27
2264	202	 221,16грн.	2020-02-01
2265	1804	 145,90грн.	2020-04-17
2266	683	 102,50грн.	2020-05-03
2267	1153	 222,80грн.	2020-08-17
2268	696	 91,12грн.	2020-02-04
2269	1780	 133,38грн.	2020-06-25
2270	249	 191,65грн.	2020-04-01
2271	155	 174,96грн.	2020-03-06
2272	93	 159,28грн.	2020-10-05
2273	790	 86,27грн.	2020-04-25
2274	1851	 58,43грн.	2020-04-27
2275	617	 197,18грн.	2020-07-24
2276	41	 163,93грн.	2020-01-01
2277	323	 128,41грн.	2020-01-09
2278	1077	 275,04грн.	2020-09-26
2279	969	 48,19грн.	2020-02-08
2280	564	 87,02грн.	2020-03-06
2281	1100	 199,49грн.	2020-04-28
2282	962	 199,51грн.	2020-04-23
2283	445	 138,88грн.	2020-04-09
2284	1527	 164,70грн.	2020-12-12
2285	1822	 122,59грн.	2020-10-31
2286	1985	 232,74грн.	2020-02-26
2287	1498	 230,46грн.	2020-06-17
2288	883	 214,88грн.	2020-01-15
2289	1298	 124,96грн.	2020-02-22
2290	1429	 210,66грн.	2020-11-17
2291	2062	 118,75грн.	2020-02-07
2292	870	 66,89грн.	2020-04-10
2293	1846	 152,62грн.	2020-02-01
2294	1445	 87,21грн.	2020-03-23
2295	1032	 154,14грн.	2020-03-10
2296	1531	 207,52грн.	2020-02-10
2297	1997	 97,01грн.	2020-10-09
2298	420	 98,41грн.	2020-03-07
2299	1729	 92,17грн.	2020-06-20
2300	1662	 202,09грн.	2020-02-05
2301	182	 157,72грн.	2020-01-15
2302	691	 169,82грн.	2020-09-16
2303	296	 37,15грн.	2020-02-22
2305	145	 109,04грн.	2020-04-28
2306	1465	 219,06грн.	2020-03-05
2307	1143	 153,64грн.	2020-03-20
2308	787	 47,57грн.	2020-09-23
2309	2006	 216,10грн.	2020-02-21
2310	2032	 55,69грн.	2020-10-27
2311	947	 209,41грн.	2020-05-07
2312	1774	 233,86грн.	2020-03-12
2313	928	 107,13грн.	2020-08-07
2314	2086	 147,83грн.	2020-07-22
2315	1001	 113,11грн.	2020-10-06
2316	1760	 74,38грн.	2020-06-22
2317	823	 202,07грн.	2020-08-29
2318	969	 206,44грн.	2020-06-01
2319	44	 208,35грн.	2020-07-17
2320	1296	 158,80грн.	2020-10-09
2321	1150	 30,47грн.	2020-01-26
2322	571	 45,75грн.	2020-08-17
2323	1218	 137,54грн.	2020-05-02
2324	50	 232,63грн.	2020-01-27
2325	1433	 197,91грн.	2020-10-01
2326	472	 181,86грн.	2020-06-22
2327	1474	 118,11грн.	2020-01-02
2328	1572	 161,16грн.	2020-01-26
2329	1736	 163,65грн.	2020-09-04
2330	1470	 140,42грн.	2020-05-02
2331	1432	 86,13грн.	2020-11-08
2332	1652	 20,60грн.	2020-10-28
2333	1279	 31,80грн.	2020-08-28
2334	604	 109,90грн.	2020-05-05
2335	1555	 17,90грн.	2020-04-15
2336	538	 139,50грн.	2020-10-21
2337	1872	 94,89грн.	2020-02-24
2338	371	 137,02грн.	2020-09-01
2339	428	 35,47грн.	2020-06-02
2340	337	 127,03грн.	2020-02-14
2341	2094	 236,31грн.	2020-01-29
2342	1597	 167,57грн.	2020-05-02
2343	1603	 132,70грн.	2020-11-22
2344	1196	 107,73грн.	2020-02-19
2345	815	 223,92грн.	2020-10-28
2346	1611	 24,78грн.	2020-03-24
2347	715	 112,81грн.	2020-11-06
2348	186	 160,11грн.	2020-01-17
2349	1713	 50,71грн.	2020-02-22
2350	928	 83,58грн.	2020-09-19
2351	1908	 147,46грн.	2020-11-10
2352	2006	 134,06грн.	2020-03-04
2353	1836	 34,01грн.	2020-03-27
2354	1239	 233,60грн.	2020-05-13
2355	1417	 70,18грн.	2020-06-16
2356	284	 223,95грн.	2020-05-05
2357	220	 145,52грн.	2020-09-01
2358	869	 25,78грн.	2020-12-07
2359	402	 80,59грн.	2020-12-15
2360	1780	 122,03грн.	2020-03-01
2361	454	 84,33грн.	2020-09-09
2362	90	 93,80грн.	2020-06-03
2363	1334	 131,20грн.	2020-02-23
2364	1882	 281,71грн.	2020-01-18
2365	1532	 48,37грн.	2020-08-15
2366	325	 204,03грн.	2020-10-31
2367	1838	 227,11грн.	2020-05-12
2368	1492	 201,35грн.	2020-02-16
2369	34	 141,26грн.	2020-03-13
2370	1234	 150,84грн.	2020-09-14
2371	905	 123,49грн.	2020-10-12
2372	1133	 176,28грн.	2020-11-24
2373	1037	 127,27грн.	2020-09-10
2374	964	 81,11грн.	2020-01-08
2375	1586	 103,74грн.	2020-11-18
2376	87	 172,57грн.	2020-06-06
2377	689	 90,98грн.	2020-12-14
2378	543	 264,54грн.	2020-08-16
2379	1540	 205,76грн.	2020-03-01
2380	2060	 42,33грн.	2020-07-20
2381	865	 209,97грн.	2020-12-26
2382	842	 160,94грн.	2020-01-22
2383	1149	 59,30грн.	2020-02-09
2384	704	 262,50грн.	2020-02-25
2385	1678	 150,01грн.	2020-05-23
2386	499	 70,32грн.	2020-12-31
2387	40	 96,58грн.	2020-02-02
2388	2056	 69,10грн.	2020-08-14
2389	939	 156,83грн.	2020-08-08
2390	1417	 134,62грн.	2020-12-29
2391	1060	 82,69грн.	2020-06-19
2392	1204	 237,98грн.	2020-11-20
2393	649	 265,82грн.	2020-08-05
2394	1836	 97,58грн.	2020-12-16
2395	1198	 254,92грн.	2020-06-24
2396	75	 171,28грн.	2020-06-16
2397	486	 239,20грн.	2020-11-06
2398	2052	 161,19грн.	2020-12-23
2399	737	 118,88грн.	2020-11-10
2400	673	 232,75грн.	2020-12-30
2401	1254	 115,93грн.	2020-05-31
2402	1814	 107,00грн.	2020-12-13
2403	1587	 77,22грн.	2020-05-17
2404	1965	 214,94грн.	2020-09-22
2405	44	 265,99грн.	2020-04-30
2406	1568	 180,34грн.	2020-01-20
2407	2061	 178,80грн.	2020-03-31
2408	1818	 147,33грн.	2020-04-07
2409	112	 171,25грн.	2020-03-30
2410	528	 106,12грн.	2020-05-29
2411	2066	 235,77грн.	2020-02-04
2412	470	 147,67грн.	2020-08-30
2413	412	 137,44грн.	2020-12-27
2414	812	 220,18грн.	2020-12-05
2415	1996	 154,22грн.	2020-10-21
2416	1444	 103,35грн.	2020-04-27
2417	1039	 57,63грн.	2020-10-29
2418	993	 98,37грн.	2020-03-26
2419	1236	 284,87грн.	2020-01-31
2420	1756	 156,29грн.	2020-04-05
2421	690	 137,62грн.	2020-06-29
2422	1235	 222,91грн.	2020-07-16
2423	1012	 251,15грн.	2020-02-20
2424	2107	 143,18грн.	2020-02-04
2425	1462	 148,58грн.	2020-10-11
2426	1490	 157,44грн.	2020-11-01
2427	308	 97,83грн.	2020-11-29
2428	307	 2,07грн.	2020-06-05
2429	14	 125,58грн.	2020-12-23
2430	301	 136,37грн.	2020-07-04
2431	1959	 207,07грн.	2020-08-07
2432	497	 171,92грн.	2020-03-13
2433	863	 152,46грн.	2020-10-19
2434	664	 154,61грн.	2020-09-24
2435	49	 126,79грн.	2020-03-09
2436	596	 101,94грн.	2020-07-09
2437	815	 139,27грн.	2020-04-11
2438	1534	 208,66грн.	2020-01-13
2439	1417	 96,94грн.	2020-01-12
2440	94	 202,16грн.	2020-01-02
2441	1944	 68,32грн.	2020-10-01
2442	1067	 142,14грн.	2020-09-26
2443	988	 90,46грн.	2020-08-21
2444	1560	 205,02грн.	2020-09-21
2445	1127	 76,79грн.	2020-04-11
2446	1824	 47,51грн.	2020-10-15
2447	1175	 171,31грн.	2020-01-16
2448	1435	 142,76грн.	2020-11-10
2449	620	 176,41грн.	2020-09-18
2450	426	 151,37грн.	2020-09-12
2451	2052	 100,96грн.	2020-01-22
2452	2063	 76,78грн.	2020-12-10
2453	405	 155,44грн.	2020-11-16
2454	368	 164,67грн.	2020-03-21
2455	800	 96,69грн.	2020-07-10
2456	2011	 220,79грн.	2020-11-14
2457	2002	 222,69грн.	2020-04-20
2458	1404	 238,92грн.	2020-03-29
2459	1315	 170,80грн.	2020-09-02
2460	1779	 188,45грн.	2020-02-18
2461	932	 251,45грн.	2020-05-12
2462	1333	 29,35грн.	2020-05-07
2463	1611	 73,15грн.	2020-04-01
2464	599	 180,57грн.	2020-06-04
2465	561	 269,93грн.	2020-02-28
2466	895	 149,09грн.	2020-07-12
2467	987	 93,96грн.	2020-04-15
2468	465	 116,65грн.	2020-03-31
2469	2080	 91,03грн.	2020-09-30
2470	926	 43,00грн.	2020-08-08
2471	123	 78,24грн.	2020-04-13
2472	229	 86,29грн.	2020-08-10
2473	1488	 163,32грн.	2020-08-11
2474	1294	 115,11грн.	2020-02-03
2475	1780	 181,86грн.	2020-09-09
2476	741	 97,66грн.	2020-03-22
2477	1286	 167,74грн.	2020-09-02
2478	1984	 160,33грн.	2020-04-18
2479	1068	 67,92грн.	2020-05-18
2480	41	 163,94грн.	2020-07-14
2481	568	 153,86грн.	2020-11-17
2482	832	 155,44грн.	2020-11-29
2483	1927	 114,73грн.	2020-11-08
2484	2061	 232,76грн.	2020-11-01
2485	1906	 200,61грн.	2020-01-12
2486	778	 139,78грн.	2020-07-15
2487	394	 15,81грн.	2020-09-24
2488	469	 184,90грн.	2020-09-02
2489	1045	 109,55грн.	2020-01-27
2490	343	 275,76грн.	2020-07-07
2491	1095	 182,66грн.	2020-01-17
2492	1367	 14,78грн.	2020-07-05
2493	450	 143,95грн.	2020-06-08
2494	1550	 198,06грн.	2020-12-08
2495	1501	 161,15грн.	2020-04-01
2496	763	 197,35грн.	2020-01-24
2497	454	 82,08грн.	2020-07-20
2498	1648	 149,87грн.	2020-07-09
2499	736	 87,21грн.	2020-04-01
2500	1682	 112,37грн.	2020-08-26
2501	333	 150,89грн.	2020-11-10
2502	1663	 161,24грн.	2020-03-10
2503	973	 142,97грн.	2020-12-27
2504	1151	 122,77грн.	2020-08-14
2505	1644	 195,16грн.	2020-09-15
2506	562	 206,58грн.	2020-04-18
2507	343	 184,92грн.	2020-02-20
2508	1241	 196,60грн.	2020-05-17
2509	46	 191,07грн.	2020-09-09
2510	839	 126,02грн.	2020-10-13
2511	80	 33,88грн.	2020-06-11
2512	793	 132,71грн.	2020-05-25
2513	976	 150,03грн.	2020-07-15
2514	1536	 81,88грн.	2020-07-18
2515	132	 147,84грн.	2020-07-10
2516	1186	 15,19грн.	2020-01-25
2517	1297	 176,16грн.	2020-06-10
2518	1119	 141,30грн.	2020-05-14
2519	1464	 231,08грн.	2020-04-29
2520	815	 76,70грн.	2020-04-01
2521	1285	 74,23грн.	2020-07-29
2522	731	 178,47грн.	2020-06-11
2523	1141	 103,33грн.	2020-05-11
2524	775	 82,40грн.	2020-08-03
2525	860	 186,67грн.	2020-12-30
2526	1058	 151,45грн.	2020-12-31
2527	1501	 274,99грн.	2020-09-11
2528	619	 174,36грн.	2020-11-29
2529	1692	 200,97грн.	2020-12-04
2530	850	 126,88грн.	2020-09-11
2531	367	 135,98грн.	2020-04-22
2532	1088	 147,22грн.	2020-07-06
2533	310	 199,06грн.	2020-02-26
2534	1578	 208,04грн.	2020-05-21
2535	454	 206,73грн.	2020-07-20
2536	1527	 244,88грн.	2020-03-06
2537	975	 68,72грн.	2020-02-11
2538	1510	 123,92грн.	2020-03-22
2539	1039	 118,84грн.	2020-05-08
2540	1748	 169,98грн.	2020-04-19
2541	1710	 83,70грн.	2020-09-19
2542	1088	 227,70грн.	2020-07-04
2543	627	 55,55грн.	2020-09-11
2544	21	 163,61грн.	2020-08-19
2545	1042	 93,88грн.	2020-06-30
2546	475	 196,33грн.	2020-07-03
2547	58	 78,11грн.	2020-04-16
2548	895	 36,47грн.	2020-11-10
2549	754	 191,44грн.	2020-12-28
2550	682	 188,47грн.	2020-05-03
2551	1409	 204,93грн.	2020-01-12
2552	2070	 39,93грн.	2020-11-19
2553	557	 203,46грн.	2020-09-15
2554	1991	 248,07грн.	2020-07-05
2555	1366	 147,08грн.	2020-07-31
2556	256	 210,25грн.	2020-08-20
2557	616	 200,26грн.	2020-11-11
2558	1246	 137,04грн.	2020-05-13
2559	1291	 202,90грн.	2020-08-09
2560	650	 151,58грн.	2020-04-11
2561	1901	 89,95грн.	2020-07-01
2562	1433	 1,09грн.	2020-01-12
2563	419	 188,96грн.	2020-09-29
2564	322	 117,35грн.	2020-10-31
2565	622	 132,55грн.	2020-02-16
2566	1701	 73,90грн.	2020-06-20
2567	2057	 256,59грн.	2020-05-06
2568	1558	 159,33грн.	2020-07-25
2569	949	 16,36грн.	2020-12-01
2570	453	 99,73грн.	2020-09-10
2571	1681	 116,22грн.	2020-07-13
2572	762	 193,68грн.	2020-04-13
2573	938	 148,76грн.	2020-10-20
2574	827	 122,23грн.	2020-02-16
2575	975	 114,50грн.	2020-11-13
2576	722	 101,52грн.	2020-01-21
2577	135	 56,63грн.	2020-04-20
2578	557	 209,44грн.	2020-05-02
2579	782	 135,46грн.	2020-01-01
2580	177	 173,01грн.	2020-11-28
2581	1926	 124,58грн.	2020-06-12
2582	2033	 170,59грн.	2020-07-27
2583	1616	 201,87грн.	2020-09-22
2584	1835	 210,61грн.	2020-05-13
2585	61	 214,27грн.	2020-03-03
2586	871	 220,03грн.	2020-07-31
2587	1357	 211,38грн.	2020-01-09
2588	228	 184,11грн.	2020-09-03
2589	1354	 235,73грн.	2020-06-09
2590	630	 17,93грн.	2020-04-09
2591	1851	 134,19грн.	2020-02-29
2592	885	 124,38грн.	2020-01-06
2593	112	 231,08грн.	2020-04-28
2594	1344	 104,00грн.	2020-04-03
2595	120	 31,52грн.	2020-01-14
2596	1466	 137,61грн.	2020-07-07
2597	2028	 157,57грн.	2020-04-10
2598	1845	 32,59грн.	2020-07-04
2599	869	 43,19грн.	2020-10-15
2600	363	 91,25грн.	2020-10-10
2601	1325	 247,52грн.	2020-11-03
2602	1879	 79,09грн.	2020-01-27
2603	1192	 155,13грн.	2020-05-30
2604	1587	 227,98грн.	2020-08-30
2605	964	 115,70грн.	2020-08-05
2606	344	 75,08грн.	2020-12-17
2607	1245	 116,00грн.	2020-07-30
2608	43	 113,77грн.	2020-10-14
2609	241	 117,05грн.	2020-11-05
2610	80	 113,85грн.	2020-06-10
2611	1210	 104,59грн.	2020-07-22
2612	1440	 132,68грн.	2020-06-23
2613	1448	 248,74грн.	2020-09-13
2614	446	 86,77грн.	2020-05-01
2615	2038	 184,22грн.	2020-03-27
2616	808	 55,95грн.	2020-04-17
2617	476	 178,36грн.	2020-12-25
2618	1605	 23,41грн.	2020-07-09
2619	578	 105,91грн.	2020-09-10
2620	55	 139,56грн.	2020-11-01
2621	1462	 205,21грн.	2020-09-05
2622	165	 284,43грн.	2020-09-01
2623	2047	 193,13грн.	2020-05-01
2624	1394	 179,04грн.	2020-12-19
2625	1914	 72,00грн.	2020-07-21
2626	1246	 201,03грн.	2020-08-21
2627	1867	 17,21грн.	2020-03-18
2628	1826	 84,57грн.	2020-01-03
2629	578	 163,37грн.	2020-03-03
2630	426	 71,88грн.	2020-08-23
2631	1202	 163,85грн.	2020-06-27
2632	1749	 195,87грн.	2020-08-23
2633	761	 171,51грн.	2020-03-23
2634	1214	 99,34грн.	2020-01-20
2635	737	 209,00грн.	2020-10-28
2636	1360	 55,42грн.	2020-10-15
2637	1432	 185,54грн.	2020-12-15
2638	2001	 287,40грн.	2020-06-22
2639	904	 142,14грн.	2020-08-15
2640	900	 137,76грн.	2020-07-30
2641	1476	 93,57грн.	2020-12-10
2642	1313	 32,79грн.	2020-08-15
2643	1615	 209,10грн.	2020-11-08
2644	754	 132,17грн.	2020-09-19
2645	1040	 197,14грн.	2020-04-19
2646	1833	 176,42грн.	2020-01-20
2647	516	 256,32грн.	2020-06-15
2648	636	 77,65грн.	2020-02-21
2649	1114	 27,03грн.	2020-07-11
2650	966	 90,22грн.	2020-04-10
2651	114	 127,01грн.	2020-09-14
2652	2052	 103,44грн.	2020-01-26
2653	993	 45,25грн.	2020-12-04
2654	354	 185,28грн.	2020-01-12
2655	2032	 215,11грн.	2020-06-11
2656	1223	 31,20грн.	2020-04-14
2657	1664	 37,13грн.	2020-12-07
2658	748	 133,86грн.	2020-05-22
2659	194	 198,39грн.	2020-12-20
2660	1880	 206,90грн.	2020-06-04
2661	1550	 172,21грн.	2020-01-18
2662	1384	 132,58грн.	2020-12-28
2663	1450	 61,61грн.	2020-12-05
2664	1462	 91,99грн.	2020-12-29
2665	1096	 128,48грн.	2020-10-23
2666	1864	 277,72грн.	2020-02-17
2667	98	 219,31грн.	2020-08-25
2668	815	 234,76грн.	2020-08-03
2669	1905	 35,99грн.	2020-09-02
2670	552	 50,14грн.	2020-07-15
2671	1428	 164,75грн.	2020-06-13
2672	1863	 169,10грн.	2020-04-22
2673	1373	 98,44грн.	2020-05-01
2674	1609	 224,94грн.	2020-05-31
2675	1252	 142,32грн.	2020-09-09
2676	1085	 199,16грн.	2020-09-22
2677	707	 41,83грн.	2020-09-19
2678	213	 155,58грн.	2020-03-15
2679	1740	 192,18грн.	2020-03-26
2680	140	 144,28грн.	2020-08-14
2681	909	 81,91грн.	2020-09-15
2682	2095	 259,91грн.	2020-11-08
2683	1470	 242,49грн.	2020-05-08
2684	815	 189,01грн.	2020-09-09
2685	924	 27,70грн.	2020-02-27
2686	588	 153,39грн.	2020-03-08
2687	2011	 170,09грн.	2020-03-09
2688	1691	 202,41грн.	2020-03-22
2689	682	 178,39грн.	2020-12-22
2690	871	 286,75грн.	2020-02-07
2691	271	 180,98грн.	2020-01-07
2692	779	 108,18грн.	2020-08-23
2693	116	 150,75грн.	2020-06-01
2694	939	 20,96грн.	2020-08-19
2695	1367	 215,25грн.	2020-03-17
2696	1699	 132,25грн.	2020-04-26
2697	1740	 143,48грн.	2020-11-17
2698	906	 171,55грн.	2020-04-05
2699	1330	 156,25грн.	2020-08-06
2700	300	 236,07грн.	2020-03-25
2701	756	 261,76грн.	2020-11-05
2702	634	 170,23грн.	2020-12-08
2703	1374	 203,04грн.	2020-04-19
2704	491	 155,24грн.	2020-02-12
2705	1802	 108,65грн.	2020-09-04
2706	1976	 200,89грн.	2020-10-07
2707	1611	 139,68грн.	2020-03-02
2708	239	 114,49грн.	2020-10-16
2709	1526	 261,34грн.	2020-12-05
2710	961	 144,12грн.	2020-07-31
2711	795	 81,65грн.	2020-08-01
2712	1380	 38,10грн.	2020-10-22
2713	591	 96,22грн.	2020-09-12
2714	1066	 64,14грн.	2020-10-23
2715	174	 111,77грн.	2020-04-08
2716	1572	 169,80грн.	2020-04-13
2717	1626	 63,09грн.	2020-02-19
2718	1371	 161,18грн.	2020-08-12
2719	530	 278,15грн.	2020-07-07
2720	1171	 79,66грн.	2020-10-05
2721	842	 40,24грн.	2020-05-15
2722	1270	 121,77грн.	2020-10-03
2723	1482	 138,21грн.	2020-03-01
2724	681	 167,04грн.	2020-11-10
2725	583	 267,62грн.	2020-03-07
2726	11	 129,44грн.	2020-04-19
2727	752	 115,37грн.	2020-05-06
2728	1346	 245,09грн.	2020-07-05
2729	1795	 258,79грн.	2020-03-21
2730	1890	 66,24грн.	2020-03-26
2731	1308	 92,08грн.	2020-05-19
2732	1385	 121,99грн.	2020-05-21
2733	374	 214,83грн.	2020-06-05
2734	1314	 53,77грн.	2020-08-15
2735	18	 70,94грн.	2020-07-07
2736	198	 99,65грн.	2020-09-24
2737	20	 38,89грн.	2020-12-31
2738	1268	 45,95грн.	2020-07-10
2739	2113	 167,74грн.	2020-02-03
2740	1	 139,08грн.	2020-05-24
2741	804	 202,06грн.	2020-09-18
2742	840	 148,67грн.	2020-06-18
2743	734	 80,04грн.	2020-09-08
2744	247	 151,01грн.	2020-08-04
2745	1476	 181,78грн.	2020-09-30
2746	1295	 66,66грн.	2020-08-11
2747	402	 86,32грн.	2020-03-18
2748	1601	 176,97грн.	2020-06-09
2749	1623	 41,56грн.	2020-12-04
2750	1215	 170,51грн.	2020-10-20
2751	1780	 142,33грн.	2020-01-01
2752	1959	 172,86грн.	2020-09-19
2753	1717	 94,18грн.	2020-02-01
2754	962	 78,00грн.	2020-10-23
2755	1886	 238,62грн.	2020-08-22
2756	1220	 119,76грн.	2020-02-19
2757	1218	 152,40грн.	2020-10-23
2758	195	 110,55грн.	2020-02-15
2759	1965	 31,28грн.	2020-08-06
2760	235	 183,51грн.	2020-02-13
2761	948	 39,33грн.	2020-05-31
2762	478	 135,88грн.	2020-03-16
2763	1846	 102,49грн.	2020-09-25
2764	452	 150,07грн.	2020-08-07
2765	625	 39,76грн.	2020-05-14
2766	1830	 81,43грн.	2020-03-29
2767	527	 9,19грн.	2020-07-22
2768	1963	 121,41грн.	2020-05-31
2769	1067	 131,35грн.	2020-01-21
2770	864	 194,44грн.	2020-03-20
2771	1467	 234,77грн.	2020-11-06
2772	702	 170,84грн.	2020-06-03
2773	1859	 78,41грн.	2020-04-10
2774	423	 156,49грн.	2020-02-16
2775	47	 36,21грн.	2020-03-13
2776	423	 194,80грн.	2020-11-13
2777	729	 46,65грн.	2020-07-30
2778	1496	 43,46грн.	2020-06-20
2779	642	 105,59грн.	2020-12-11
2780	1412	 175,41грн.	2020-11-14
2781	1951	 46,35грн.	2020-05-06
2782	1868	 142,13грн.	2020-01-18
2783	1569	 213,76грн.	2020-02-12
2784	759	 95,40грн.	2020-09-18
2785	643	 137,67грн.	2020-09-02
2786	1880	 189,65грн.	2020-11-01
2787	2105	 153,02грн.	2020-03-02
2788	18	 260,15грн.	2020-05-27
2789	453	 240,74грн.	2020-12-22
2790	284	 129,35грн.	2020-01-26
2791	1262	 234,06грн.	2020-05-17
2792	2061	 135,56грн.	2020-08-18
2793	1319	 206,27грн.	2020-12-21
2794	211	 201,64грн.	2020-12-15
2795	2082	 220,72грн.	2020-10-17
2796	964	 21,26грн.	2020-03-20
2797	1854	 109,10грн.	2020-12-09
2798	806	 180,77грн.	2020-05-21
2799	157	 37,10грн.	2020-02-26
2800	988	 85,43грн.	2020-02-12
2801	2016	 127,47грн.	2020-03-19
2802	1434	 280,44грн.	2020-09-12
2803	1819	 87,95грн.	2020-04-09
2804	1367	 66,39грн.	2020-02-02
2805	778	 116,81грн.	2020-08-03
2806	135	 175,03грн.	2020-04-11
2807	1944	 144,20грн.	2020-05-07
2808	181	 110,68грн.	2020-01-16
2809	968	 168,45грн.	2020-11-15
2810	832	 148,07грн.	2020-02-18
2811	526	 163,12грн.	2020-10-04
2812	753	 233,38грн.	2020-05-03
2813	1352	 114,80грн.	2020-10-06
2814	134	 119,75грн.	2020-04-20
2815	388	 23,89грн.	2020-11-25
2816	487	 52,71грн.	2020-07-31
2817	285	 142,45грн.	2020-04-10
2818	837	 88,15грн.	2020-03-29
2819	766	 135,67грн.	2020-03-29
2820	1949	 211,88грн.	2020-06-12
2821	611	 230,92грн.	2020-04-05
2822	2050	 119,02грн.	2020-06-11
2823	393	 90,47грн.	2020-03-04
2824	350	 211,62грн.	2020-04-21
2825	263	 143,79грн.	2020-10-14
2826	1208	 132,74грн.	2020-04-20
2827	821	 209,55грн.	2020-05-11
2828	326	 119,58грн.	2020-06-23
2829	1899	 73,76грн.	2020-09-11
2830	1772	 100,73грн.	2020-02-17
2831	119	 219,14грн.	2020-03-01
2832	1904	 48,11грн.	2020-03-29
2833	145	 116,61грн.	2020-03-30
2834	1570	 229,95грн.	2020-01-21
2835	1609	 172,17грн.	2020-01-02
2836	1313	 22,73грн.	2020-02-08
2837	408	 108,48грн.	2020-01-17
2838	80	 2,44грн.	2020-10-23
2839	1840	 73,21грн.	2020-05-09
2840	1983	 203,04грн.	2020-04-24
2841	1176	 18,32грн.	2020-05-02
2842	799	 197,06грн.	2020-02-01
2843	782	 258,14грн.	2020-01-30
2844	1129	 220,91грн.	2020-12-09
2845	1333	 141,88грн.	2020-11-04
2846	1996	 233,63грн.	2020-07-05
2847	935	 169,02грн.	2020-08-13
2848	590	 183,77грн.	2020-08-31
2849	423	 207,27грн.	2020-11-18
2850	555	 253,19грн.	2020-07-18
2851	260	 134,48грн.	2020-03-12
2852	612	 18,21грн.	2020-05-13
2853	931	 16,60грн.	2020-05-11
2854	1944	 144,91грн.	2020-02-02
2855	222	 152,83грн.	2020-01-23
2856	726	 193,42грн.	2020-01-16
2857	1038	 144,06грн.	2020-06-04
2858	424	 135,22грн.	2020-03-27
2859	1838	 206,14грн.	2020-07-06
2860	1670	 197,84грн.	2020-02-16
2861	1470	 113,47грн.	2020-07-28
2862	1632	 193,16грн.	2020-04-20
2863	841	 221,18грн.	2020-08-04
2864	1794	 173,51грн.	2020-08-14
2865	1071	 126,57грн.	2020-08-02
2866	920	 149,51грн.	2020-05-15
2867	1746	 205,45грн.	2020-11-01
2868	760	 83,71грн.	2020-07-22
2869	951	 215,92грн.	2020-11-05
2870	1478	 143,76грн.	2020-07-05
2871	53	 241,22грн.	2020-08-15
2872	364	 252,45грн.	2020-03-30
2873	886	 60,56грн.	2020-10-29
2874	1808	 190,74грн.	2020-09-15
2875	348	 167,47грн.	2020-09-17
2876	1836	 111,67грн.	2020-04-07
2877	275	 191,33грн.	2020-08-17
2878	70	 108,78грн.	2020-12-10
2879	1906	 102,08грн.	2020-10-09
2880	5	 160,72грн.	2020-07-14
2881	1989	 60,01грн.	2020-03-21
2882	809	 257,64грн.	2020-09-18
2883	334	 65,33грн.	2020-06-13
2884	737	 34,04грн.	2020-12-29
2885	709	 80,87грн.	2020-04-23
2886	1915	 101,76грн.	2020-08-31
2887	1205	 60,01грн.	2020-04-01
2888	1268	 109,79грн.	2020-10-09
2889	1671	 245,25грн.	2020-10-04
2890	2012	 83,36грн.	2020-03-26
2891	1008	 124,76грн.	2020-01-26
2892	62	 94,58грн.	2020-03-14
2893	492	 202,25грн.	2020-08-20
2894	60	 146,40грн.	2020-01-03
2895	1147	 131,45грн.	2020-04-14
2896	375	 55,03грн.	2020-02-02
2897	1354	 151,14грн.	2020-07-30
2898	2019	 196,30грн.	2020-10-13
2899	563	 85,92грн.	2020-07-17
2900	56	 156,48грн.	2020-12-30
2901	560	 158,30грн.	2020-09-09
2902	1839	 48,05грн.	2020-01-26
2903	838	 166,92грн.	2020-04-04
2904	1164	 192,99грн.	2020-02-08
2905	2072	 222,98грн.	2020-02-11
2906	207	 234,11грн.	2020-11-17
2907	984	 102,71грн.	2020-03-03
2908	1885	 183,63грн.	2020-11-14
2909	719	 89,25грн.	2020-07-27
2910	967	 182,76грн.	2020-01-17
2911	1861	 196,56грн.	2020-02-09
2912	765	 221,36грн.	2020-08-15
2913	373	 44,31грн.	2020-12-03
2914	1557	 51,52грн.	2020-01-31
2915	1731	 85,52грн.	2020-07-21
2916	1051	 165,38грн.	2020-10-20
2917	943	 176,65грн.	2020-03-23
2918	138	 189,38грн.	2020-07-26
2919	497	 24,19грн.	2020-02-27
2920	286	 84,25грн.	2020-11-19
2921	770	 7,88грн.	2020-05-30
2922	261	 108,81грн.	2020-04-06
2923	1955	 82,31грн.	2020-06-14
2924	1697	 197,05грн.	2020-05-07
2925	84	 143,95грн.	2020-12-19
2926	418	 45,96грн.	2020-12-04
2927	1392	 191,29грн.	2020-10-23
2928	101	 227,62грн.	2020-04-19
2929	915	 89,42грн.	2020-02-16
2930	2070	 104,59грн.	2020-05-16
2931	199	 205,45грн.	2020-09-18
2932	669	 182,70грн.	2020-04-12
2933	459	 100,58грн.	2020-03-18
2934	1820	 271,31грн.	2020-01-12
2935	671	 215,26грн.	2020-05-19
2936	1365	 218,74грн.	2020-07-08
2937	1850	 212,79грн.	2020-08-25
2938	916	 142,85грн.	2020-07-03
2939	130	 197,92грн.	2020-08-28
2940	613	 123,21грн.	2020-08-08
2941	1688	 115,27грн.	2020-12-02
2942	1926	 167,93грн.	2020-04-15
2943	197	 57,76грн.	2020-12-29
2944	1413	 59,78грн.	2020-04-02
2945	1280	 205,49грн.	2020-05-11
2946	345	 139,85грн.	2020-05-01
2947	1501	 191,32грн.	2020-06-03
2948	440	 151,21грн.	2020-10-14
2949	1643	 188,30грн.	2020-01-29
2950	664	 101,57грн.	2020-12-28
2951	410	 88,81грн.	2020-08-01
2952	1719	 139,23грн.	2020-03-15
2953	482	 164,20грн.	2020-07-20
2954	482	 102,37грн.	2020-12-25
2955	1823	 171,72грн.	2020-05-14
2956	208	 205,43грн.	2020-04-16
2957	1420	 72,82грн.	2020-03-16
2958	1989	 257,26грн.	2020-11-01
2959	1815	 110,55грн.	2020-01-03
2960	511	 205,48грн.	2020-02-08
2961	1487	 22,18грн.	2020-05-09
2962	707	 123,78грн.	2020-05-11
2963	122	 204,86грн.	2020-01-19
2964	1263	 119,80грн.	2020-08-10
2965	1838	 21,41грн.	2020-09-06
2966	892	 80,16грн.	2020-02-04
2967	2053	 241,35грн.	2020-09-21
2968	334	 204,62грн.	2020-11-18
2969	1931	 173,28грн.	2020-12-27
2970	1978	 89,72грн.	2020-07-08
2971	707	 142,50грн.	2020-02-14
2972	233	 188,21грн.	2020-04-20
2973	1676	 216,28грн.	2020-01-10
2974	1684	 113,41грн.	2020-07-08
2975	579	 176,15грн.	2020-10-02
2976	1658	 139,92грн.	2020-08-04
2977	1557	 200,96грн.	2020-09-10
2978	1830	 89,43грн.	2020-01-12
2979	1815	 64,55грн.	2020-04-30
2980	1582	 252,71грн.	2020-10-15
2981	1951	 129,57грн.	2020-12-21
2982	2119	 93,37грн.	2020-08-09
2983	1645	 132,33грн.	2020-05-21
2984	1755	 242,22грн.	2020-12-29
2985	1126	 155,75грн.	2020-07-03
2986	86	 3,53грн.	2020-08-14
2987	507	 78,24грн.	2020-11-22
2988	276	 143,06грн.	2020-11-09
2989	1240	 74,08грн.	2020-03-26
2990	388	 195,45грн.	2020-11-30
2991	1062	 252,77грн.	2020-09-14
2992	342	 160,25грн.	2020-03-09
2993	798	 140,07грн.	2020-09-04
2994	1166	 62,73грн.	2020-02-13
2995	1459	 155,70грн.	2020-09-02
2996	621	 76,95грн.	2020-04-18
2997	606	 224,83грн.	2020-07-04
2998	1131	 131,41грн.	2020-04-12
2999	1380	 87,99грн.	2020-01-18
3000	1045	 106,41грн.	2020-01-26
3001	407	 46,12грн.	2020-03-30
3002	79	 125,97грн.	2020-10-11
3003	1497	 114,57грн.	2020-12-14
3004	504	 44,25грн.	2020-04-26
3005	2092	 237,65грн.	2020-01-11
3006	1912	 181,53грн.	2020-04-23
3007	452	 218,09грн.	2020-05-31
3008	2028	 237,15грн.	2020-01-01
3009	2105	 150,03грн.	2020-08-22
3010	1520	 179,62грн.	2020-03-30
3011	45	 83,36грн.	2020-02-22
3012	501	 74,85грн.	2020-11-01
3013	165	 72,83грн.	2020-06-13
3014	650	 101,66грн.	2020-05-12
3015	1892	 93,07грн.	2020-03-29
3016	1759	 158,46грн.	2020-06-26
3017	227	 74,19грн.	2020-09-18
3018	1954	 82,69грн.	2020-01-24
3019	1799	 13,50грн.	2020-05-22
3020	1670	 127,92грн.	2020-02-14
3021	961	 119,59грн.	2020-06-27
3022	1964	 47,24грн.	2020-04-14
3023	1551	 105,11грн.	2020-02-19
3024	1753	 166,82грн.	2020-06-30
3025	268	 108,51грн.	2020-06-07
3026	805	 168,55грн.	2020-09-21
3027	1008	 121,21грн.	2020-10-14
3028	695	 118,97грн.	2020-01-20
3029	202	 75,47грн.	2020-12-01
3030	156	 219,77грн.	2020-07-29
3031	1683	 34,93грн.	2020-09-24
3032	762	 196,72грн.	2020-07-04
3033	1210	 43,79грн.	2020-02-15
3034	1178	 79,87грн.	2020-06-29
3035	1548	 71,67грн.	2020-04-16
3036	1557	 244,80грн.	2020-04-09
3037	1546	 100,66грн.	2020-09-06
3038	2032	 138,64грн.	2020-09-25
3039	1101	 248,77грн.	2020-07-19
3040	9	 122,38грн.	2020-05-15
3041	67	 43,88грн.	2020-03-26
3042	143	 194,20грн.	2020-08-12
3043	2032	 141,45грн.	2020-10-20
3044	247	 274,65грн.	2020-06-15
3045	116	 200,87грн.	2020-02-16
3046	1181	 101,96грн.	2020-02-22
3047	1355	 160,94грн.	2020-10-22
3048	67	 108,94грн.	2020-10-08
3049	1896	 197,25грн.	2020-01-11
3050	562	 255,02грн.	2020-11-27
3051	997	 125,24грн.	2020-08-14
3052	678	 153,45грн.	2020-03-17
3053	418	 103,39грн.	2020-12-25
3054	1502	 129,39грн.	2020-09-07
3055	550	 84,63грн.	2020-09-27
3056	733	 199,39грн.	2020-11-15
3057	1597	 110,43грн.	2020-10-17
3058	1872	 60,83грн.	2020-09-12
3059	286	 49,92грн.	2020-12-23
3060	1553	 229,99грн.	2020-10-14
3061	533	 81,75грн.	2020-03-13
3062	55	 194,15грн.	2020-05-02
3063	1767	 174,74грн.	2020-06-04
3064	1362	 99,96грн.	2020-02-25
3065	1044	 253,35грн.	2020-01-28
3066	426	 164,08грн.	2020-05-10
3067	2077	 147,09грн.	2020-06-29
3068	348	 183,91грн.	2020-12-15
3069	331	 235,06грн.	2020-12-28
3070	1931	 184,55грн.	2020-08-24
3071	48	 68,98грн.	2020-07-10
3072	592	 53,10грн.	2020-10-05
3073	2078	 173,51грн.	2020-10-10
3074	1496	 101,45грн.	2020-12-11
3075	111	 92,13грн.	2020-08-05
3076	1669	 135,09грн.	2020-08-12
3077	1069	 219,56грн.	2020-01-01
3078	1398	 189,13грн.	2020-10-20
3079	2080	 66,22грн.	2020-11-30
3080	604	 155,15грн.	2020-05-25
3081	1102	 155,20грн.	2020-12-06
3082	1989	 222,12грн.	2020-05-12
3083	457	 171,05грн.	2020-01-22
3084	1698	 200,07грн.	2020-04-08
3085	1760	 102,68грн.	2020-11-15
3086	695	 169,26грн.	2020-10-11
3087	350	 225,34грн.	2020-08-06
3088	988	 104,10грн.	2020-10-01
3089	1405	 69,46грн.	2020-08-19
3090	581	 43,62грн.	2020-04-07
3091	2119	 80,36грн.	2020-04-12
3092	1181	 170,80грн.	2020-05-06
3093	198	 13,44грн.	2020-10-28
3094	1521	 189,18грн.	2020-05-13
3095	1360	 52,34грн.	2020-06-05
3096	900	 87,99грн.	2020-04-07
3097	1729	 120,66грн.	2020-09-04
3098	1306	 137,20грн.	2020-10-10
3099	1916	 52,09грн.	2020-04-26
3100	422	 193,68грн.	2020-12-17
3101	1093	 152,56грн.	2020-06-03
3102	21	 144,96грн.	2020-03-30
3103	189	 45,84грн.	2020-04-30
3104	82	 187,41грн.	2020-02-19
3105	1451	 57,11грн.	2020-10-01
3106	1717	 206,92грн.	2020-05-22
3107	1012	 216,92грн.	2020-07-28
3108	1390	 151,65грн.	2020-09-19
3109	337	 141,29грн.	2020-09-29
3110	823	 169,08грн.	2020-01-05
3111	930	 132,52грн.	2020-04-06
3112	2044	 54,87грн.	2020-02-22
3113	1394	 115,38грн.	2020-02-16
3114	2047	 108,36грн.	2020-11-09
3115	1606	 262,47грн.	2020-09-17
3116	1121	 219,39грн.	2020-11-06
3117	715	 219,49грн.	2020-07-08
3118	388	 78,35грн.	2020-02-10
3119	1849	 143,36грн.	2020-07-17
3120	706	 281,08грн.	2020-03-25
3121	436	 241,06грн.	2020-10-11
3122	309	 94,63грн.	2020-09-14
3123	1446	 91,11грн.	2020-07-27
3124	1629	 10,64грн.	2020-01-05
3125	478	 250,89грн.	2020-10-09
3126	748	 147,46грн.	2020-11-16
3127	552	 169,54грн.	2020-01-08
3128	142	 192,17грн.	2020-06-05
3129	1558	 263,05грн.	2020-09-15
3130	948	 138,22грн.	2020-12-26
3131	1922	 92,89грн.	2020-10-22
3132	188	 58,46грн.	2020-11-09
3133	488	 166,74грн.	2020-08-14
3134	368	 180,73грн.	2020-07-24
3135	958	 223,44грн.	2020-05-15
3136	1521	 133,05грн.	2020-01-31
3137	1510	 63,41грн.	2020-04-01
3138	358	 198,61грн.	2020-06-04
3139	693	 103,22грн.	2020-07-21
3140	1767	 212,61грн.	2020-06-28
3141	1720	 128,52грн.	2020-08-02
3142	287	 188,77грн.	2020-12-19
3143	1393	 124,86грн.	2020-11-08
3144	794	 190,81грн.	2020-03-21
3145	197	 130,89грн.	2020-08-20
3146	923	 175,56грн.	2020-06-10
3147	622	 203,20грн.	2020-08-20
3148	2077	 214,23грн.	2020-12-17
3149	1928	 65,60грн.	2020-10-31
3150	963	 226,20грн.	2020-07-04
3151	542	 135,91грн.	2020-01-08
3152	1709	 217,61грн.	2020-02-08
3153	292	 133,19грн.	2020-11-11
3154	2016	 208,97грн.	2020-09-21
3155	348	 121,22грн.	2020-09-21
3156	233	 45,79грн.	2020-10-18
3157	1328	 254,70грн.	2020-02-15
3158	1177	 80,37грн.	2020-12-19
3159	1099	 229,82грн.	2020-04-07
3160	2063	 155,42грн.	2020-02-27
3161	2050	 190,91грн.	2020-06-14
3162	1022	 105,52грн.	2020-01-17
3163	1943	 269,69грн.	2020-06-07
3164	594	 215,00грн.	2020-10-24
3165	763	 65,49грн.	2020-05-04
3166	2081	 49,51грн.	2020-11-11
3167	10	 169,01грн.	2020-07-08
3168	1570	 104,94грн.	2020-08-13
3169	917	 185,07грн.	2020-01-08
3170	1676	 192,46грн.	2020-07-28
3171	826	 258,43грн.	2020-06-15
3172	1218	 262,98грн.	2020-05-02
3173	1454	 259,45грн.	2020-05-20
3174	701	 112,09грн.	2020-05-16
3175	27	 176,41грн.	2020-02-21
3176	592	 168,40грн.	2020-06-15
3177	1486	 149,65грн.	2020-01-23
3178	379	 127,88грн.	2020-07-23
3179	1765	 138,26грн.	2020-10-25
3180	1807	 162,34грн.	2020-03-09
3181	805	 238,12грн.	2020-04-12
3182	570	 37,14грн.	2020-01-02
3183	1840	 181,00грн.	2020-10-07
3184	211	 140,21грн.	2020-06-16
3185	83	 231,58грн.	2020-07-03
3186	2108	 216,21грн.	2020-07-11
3187	1078	 202,85грн.	2020-09-12
3188	740	 207,08грн.	2020-11-18
3189	72	 191,97грн.	2020-02-26
3190	1970	 137,71грн.	2020-09-25
3191	737	 54,12грн.	2020-12-19
3192	1131	 201,16грн.	2020-06-13
3193	1115	 232,03грн.	2020-10-21
3194	1787	 185,98грн.	2020-02-11
3195	1099	 175,79грн.	2020-08-18
3196	1259	 75,38грн.	2020-08-16
3197	458	 211,84грн.	2020-04-25
3198	599	 107,30грн.	2020-03-28
3199	733	 276,90грн.	2020-06-30
3200	1246	 50,68грн.	2020-02-20
3201	1229	 135,56грн.	2020-05-28
3202	1973	 85,74грн.	2020-08-30
3203	1922	 121,50грн.	2020-06-06
3204	331	 77,53грн.	2020-12-07
3205	909	 71,76грн.	2020-08-13
3206	1181	 50,63грн.	2020-11-02
3207	1662	 151,65грн.	2020-06-23
3208	1246	 67,47грн.	2020-04-05
3209	1527	 227,17грн.	2020-05-01
3210	1912	 131,72грн.	2020-02-12
3211	1831	 193,86грн.	2020-01-20
3212	188	 184,31грн.	2020-12-02
3213	1560	 34,68грн.	2020-07-03
3214	1601	 147,37грн.	2020-04-08
3215	1003	 70,59грн.	2020-12-14
3216	673	 262,27грн.	2020-03-05
3217	245	 21,89грн.	2020-08-25
3218	1539	 248,87грн.	2020-05-23
3219	1249	 185,42грн.	2020-04-28
3220	2011	 197,15грн.	2020-07-11
3221	534	 191,35грн.	2020-11-29
3222	1177	 158,30грн.	2020-01-11
3223	2104	 194,95грн.	2020-03-01
3224	142	 106,57грн.	2020-04-30
3225	545	 106,55грн.	2020-03-11
3226	570	 204,34грн.	2020-05-21
3227	442	 132,05грн.	2020-08-28
3228	1699	 138,50грн.	2020-04-18
3229	613	 157,20грн.	2020-03-27
3230	1562	 39,71грн.	2020-12-20
3231	123	 74,68грн.	2020-05-25
3232	678	 29,06грн.	2020-08-12
3233	1841	 130,37грн.	2020-10-01
3234	1615	 139,43грн.	2020-11-26
3235	1485	 43,58грн.	2020-12-21
3236	413	 81,18грн.	2020-07-31
3237	429	 252,64грн.	2020-03-16
3238	1013	 262,68грн.	2020-02-04
3239	1489	 205,35грн.	2020-05-03
3240	110	 155,74грн.	2020-12-04
3241	2116	 7,54грн.	2020-06-18
3242	843	 253,25грн.	2020-06-12
3243	1873	 180,17грн.	2020-06-21
3244	1817	 97,47грн.	2020-06-13
3245	735	 68,61грн.	2020-04-21
3246	476	 169,06грн.	2020-01-06
3247	620	 193,49грн.	2020-09-30
3248	907	 112,18грн.	2020-11-14
3249	947	 93,77грн.	2020-08-28
3250	1923	 147,41грн.	2020-05-15
3251	1373	 146,46грн.	2020-05-13
3252	1496	 142,74грн.	2020-12-13
3253	664	 121,82грн.	2020-11-05
3254	832	 36,24грн.	2020-04-23
3255	679	 194,16грн.	2020-09-23
3256	415	 215,05грн.	2020-12-18
3257	597	 87,65грн.	2020-11-01
3258	1645	 77,73грн.	2020-03-30
3259	681	 151,59грн.	2020-05-09
3260	21	 235,22грн.	2020-10-05
3261	1339	 242,28грн.	2020-05-24
3262	583	 17,70грн.	2020-02-12
3263	1428	 166,56грн.	2020-12-04
3264	990	 116,57грн.	2020-05-17
3265	1923	 217,74грн.	2020-10-10
3266	1331	 84,50грн.	2020-04-16
3267	144	 212,66грн.	2020-07-04
3268	1551	 221,81грн.	2020-10-01
3269	535	 110,15грн.	2020-07-26
3270	246	 105,67грн.	2020-08-22
3271	605	 132,70грн.	2020-10-30
3272	404	 239,04грн.	2020-08-25
3273	990	 177,49грн.	2020-12-08
3274	1335	 248,69грн.	2020-09-28
3275	1016	 181,88грн.	2020-02-12
3276	1774	 231,01грн.	2020-05-30
3277	420	 209,21грн.	2020-07-23
3278	634	 226,49грн.	2020-12-06
3279	541	 242,99грн.	2020-10-20
3280	707	 207,00грн.	2020-09-13
3281	1587	 151,90грн.	2020-07-29
3282	47	 146,57грн.	2020-07-04
3283	212	 213,96грн.	2020-04-12
3284	1157	 206,74грн.	2020-09-07
3285	1992	 140,31грн.	2020-12-10
3286	608	 108,12грн.	2020-03-01
3287	1587	 199,01грн.	2020-06-06
3288	1152	 122,93грн.	2020-10-18
3289	489	 222,83грн.	2020-11-10
3290	693	 140,38грн.	2020-02-03
3291	756	 200,03грн.	2020-03-30
3292	1002	 192,21грн.	2020-03-03
3293	1618	 100,44грн.	2020-06-19
3294	1461	 212,91грн.	2020-11-26
3295	1880	 159,02грн.	2020-09-30
3296	704	 116,92грн.	2020-02-04
3297	867	 183,64грн.	2020-05-15
3298	1064	 147,13грн.	2020-10-21
3299	157	 137,48грн.	2020-12-30
3300	1808	 180,41грн.	2020-05-13
3301	1868	 90,83грн.	2020-06-12
3302	1316	 76,82грн.	2020-03-27
3303	381	 225,23грн.	2020-01-12
3304	395	 223,29грн.	2020-11-23
3305	643	 198,70грн.	2020-02-22
3306	1510	 242,22грн.	2020-06-03
3307	757	 121,64грн.	2020-03-08
3308	232	 87,25грн.	2020-01-27
3309	1867	 222,03грн.	2020-06-28
3310	282	 189,34грн.	2020-08-07
3311	1725	 234,21грн.	2020-03-03
3312	1227	 106,54грн.	2020-08-17
3313	1817	 108,87грн.	2020-02-15
3314	832	 138,25грн.	2020-02-26
3315	882	 175,37грн.	2020-04-01
3316	488	 175,19грн.	2020-11-27
3317	993	 113,11грн.	2020-11-18
3318	1396	 136,01грн.	2020-12-06
3319	153	 51,85грн.	2020-02-20
3320	880	 255,52грн.	2020-03-17
3321	586	 170,95грн.	2020-09-14
3322	1503	 193,56грн.	2020-05-18
3323	1437	 85,94грн.	2020-07-01
3324	70	 9,33грн.	2020-04-19
3325	1878	 188,64грн.	2020-12-05
3326	2088	 57,59грн.	2020-04-23
3327	676	 133,61грн.	2020-08-06
3328	1463	 98,55грн.	2020-05-31
3329	140	 136,37грн.	2020-05-29
3330	31	 147,97грн.	2020-12-11
3331	420	 95,41грн.	2020-12-30
3332	1379	 173,64грн.	2020-04-15
3333	483	 238,63грн.	2020-01-08
3334	227	 97,17грн.	2020-10-15
3335	1714	 47,87грн.	2020-08-10
3336	526	 93,29грн.	2020-07-06
3337	758	 73,23грн.	2020-06-02
3338	1902	 286,67грн.	2020-12-14
3339	1478	 221,39грн.	2020-05-15
3340	722	 233,94грн.	2020-12-15
3341	852	 114,22грн.	2020-11-17
3342	419	 217,99грн.	2020-12-08
3343	336	 136,18грн.	2020-02-26
3344	288	 53,08грн.	2020-07-19
3345	1487	 85,01грн.	2020-11-23
3346	1995	 175,79грн.	2020-11-03
3347	56	 218,24грн.	2020-12-11
3348	286	 104,18грн.	2020-03-24
3349	1313	 205,99грн.	2020-09-15
3350	10	 251,23грн.	2020-12-12
3351	138	 198,18грн.	2020-07-06
3352	1126	 187,28грн.	2020-03-28
3353	1712	 129,82грн.	2020-05-27
3354	1666	 205,69грн.	2020-04-23
3355	1955	 146,64грн.	2020-04-10
3356	761	 125,70грн.	2020-07-15
3357	1292	 230,94грн.	2020-08-22
3358	2052	 84,04грн.	2020-06-20
3359	903	 202,04грн.	2020-06-29
3360	1277	 85,19грн.	2020-09-30
3361	961	 175,39грн.	2020-12-13
3362	234	 110,19грн.	2020-01-22
3363	724	 139,47грн.	2020-09-27
3364	2091	 53,75грн.	2020-07-27
3365	1401	 150,08грн.	2020-10-11
3366	254	 133,93грн.	2020-02-09
3367	577	 141,90грн.	2020-03-28
3368	1944	 153,18грн.	2020-02-26
3369	1877	 77,15грн.	2020-02-28
3370	171	 21,83грн.	2020-07-27
3371	627	 136,45грн.	2020-10-20
3372	1694	 162,81грн.	2020-04-29
3373	1755	 219,86грн.	2020-08-15
3374	412	 45,90грн.	2020-08-11
3375	852	 113,64грн.	2020-07-21
3376	891	 81,50грн.	2020-11-12
3377	1310	 90,15грн.	2020-03-28
3378	23	 64,70грн.	2020-03-18
3379	395	 207,37грн.	2020-07-02
3380	1178	 181,54грн.	2020-06-23
3381	1996	 108,25грн.	2020-07-14
3382	190	 33,99грн.	2020-12-18
3383	632	 198,28грн.	2020-10-07
3384	446	 31,42грн.	2020-10-26
3385	1312	 149,57грн.	2020-02-28
3386	153	 77,64грн.	2020-10-08
3387	1270	 94,49грн.	2020-11-28
3388	1107	 69,40грн.	2020-12-25
3389	1934	 69,45грн.	2020-01-25
3390	1488	 158,70грн.	2020-04-06
3391	663	 228,49грн.	2020-08-30
3392	1457	 34,37грн.	2020-09-22
3393	1761	 169,67грн.	2020-06-08
3394	390	 91,62грн.	2020-01-09
3395	853	 129,46грн.	2020-09-02
3396	1513	 230,90грн.	2020-11-14
3397	609	 170,79грн.	2020-08-27
3398	1249	 206,15грн.	2020-01-21
3399	1597	 168,85грн.	2020-05-06
3400	1445	 263,71грн.	2020-06-17
3401	812	 197,24грн.	2020-07-05
3402	150	 185,50грн.	2020-07-01
3403	1852	 237,57грн.	2020-02-16
3404	619	 239,18грн.	2020-01-13
3405	1881	 150,40грн.	2020-03-21
3406	646	 74,08грн.	2020-01-01
3407	2026	 153,58грн.	2020-11-17
3408	792	 184,98грн.	2020-12-17
3409	1975	 52,24грн.	2020-05-21
3410	1909	 194,83грн.	2020-07-18
3411	1664	 103,64грн.	2020-04-08
3412	1923	 208,52грн.	2020-12-07
3413	700	 25,43грн.	2020-09-29
3414	34	 123,85грн.	2020-02-21
3415	454	 137,23грн.	2020-01-01
3416	1477	 213,61грн.	2020-01-14
3417	560	 196,56грн.	2020-10-11
3418	1148	 158,27грн.	2020-11-29
3419	1905	 128,34грн.	2020-06-24
3420	843	 135,76грн.	2020-02-18
3421	278	 217,94грн.	2020-08-13
3422	1944	 155,75грн.	2020-09-22
3423	466	 134,08грн.	2020-08-18
3424	952	 209,01грн.	2020-10-24
3425	156	 170,44грн.	2020-05-11
3426	572	 165,76грн.	2020-09-15
3427	1198	 182,21грн.	2020-12-31
3428	1842	 152,89грн.	2020-08-21
3429	817	 108,27грн.	2020-12-11
3430	737	 68,65грн.	2020-07-24
3431	1003	 150,49грн.	2020-08-16
3432	866	 91,30грн.	2020-07-21
3433	413	 106,01грн.	2020-02-23
3434	1451	 182,20грн.	2020-01-29
3435	894	 95,74грн.	2020-03-02
3436	463	 137,74грн.	2020-03-02
3437	1635	 125,07грн.	2020-08-25
3438	371	 122,62грн.	2020-02-15
3439	1325	 111,48грн.	2020-12-16
3440	78	 61,13грн.	2020-01-25
3441	1820	 107,94грн.	2020-04-02
3442	1762	 219,01грн.	2020-04-19
3443	1080	 39,41грн.	2020-10-14
3444	590	 226,30грн.	2020-07-22
3445	111	 205,87грн.	2020-03-29
3446	1673	 195,96грн.	2020-03-15
3447	1436	 228,45грн.	2020-07-19
3448	1418	 114,99грн.	2020-12-22
3449	507	 173,06грн.	2020-06-03
3450	77	 115,08грн.	2020-12-12
3451	1283	 255,50грн.	2020-03-23
3452	1783	 159,35грн.	2020-09-04
3453	1863	 122,89грн.	2020-08-29
3454	1544	 195,28грн.	2020-08-26
3455	1904	 68,68грн.	2020-12-30
3456	120	 206,95грн.	2020-07-30
3457	997	 253,31грн.	2020-11-03
3458	1361	 186,73грн.	2020-10-03
3459	1624	 165,88грн.	2020-09-19
3460	1095	 127,20грн.	2020-07-01
3461	1177	 95,92грн.	2020-06-26
3462	230	 149,38грн.	2020-01-06
3463	1853	 129,69грн.	2020-11-12
3464	1573	 143,77грн.	2020-04-16
3465	667	 159,74грн.	2020-08-21
3466	364	 134,62грн.	2020-04-28
3467	1150	 234,90грн.	2020-09-26
3468	1940	 99,42грн.	2020-02-07
3469	1644	 226,42грн.	2020-02-12
3470	1428	 64,27грн.	2020-02-03
3471	505	 62,33грн.	2020-06-23
3472	1748	 53,73грн.	2020-01-25
3473	1807	 120,10грн.	2020-06-17
3474	645	 153,11грн.	2020-04-10
3475	375	 215,54грн.	2020-06-21
3476	1244	 212,35грн.	2020-08-31
3477	574	 166,06грн.	2020-03-10
3478	247	 58,15грн.	2020-03-17
3479	1565	 95,74грн.	2020-11-24
3480	265	 139,53грн.	2020-07-14
3481	1808	 117,57грн.	2020-03-14
3482	1398	 245,17грн.	2020-08-21
3483	1943	 38,95грн.	2020-05-01
3484	1075	 74,56грн.	2020-11-16
3485	1471	 127,15грн.	2020-09-06
3486	2075	 181,07грн.	2020-01-01
3487	1918	 204,83грн.	2020-05-15
3488	121	 183,51грн.	2020-02-19
3489	360	 154,84грн.	2020-09-16
3490	2017	 153,21грн.	2020-03-21
3491	1950	 223,41грн.	2020-08-20
3492	976	 260,46грн.	2020-05-18
3493	1372	 213,46грн.	2020-08-13
3494	1963	 224,99грн.	2020-07-23
3495	1262	 17,28грн.	2020-08-01
3496	678	 207,88грн.	2020-11-01
3497	694	 254,73грн.	2020-11-19
3498	435	 272,73грн.	2020-06-16
3499	1470	 167,47грн.	2020-01-07
3500	1912	 164,42грн.	2020-05-09
3501	337	 215,77грн.	2020-03-23
3502	306	 245,13грн.	2020-07-18
3503	998	 131,30грн.	2020-12-19
3504	798	 214,88грн.	2020-09-09
3505	570	 177,14грн.	2020-01-26
3506	1068	 112,52грн.	2020-10-20
3507	1034	 154,94грн.	2020-08-06
3508	1737	 101,77грн.	2020-08-10
3509	479	 109,72грн.	2020-10-16
3510	1395	 243,85грн.	2020-06-20
3511	1322	 148,71грн.	2020-08-31
3512	363	 120,47грн.	2020-10-30
3513	1040	 280,74грн.	2020-01-31
3514	315	 211,28грн.	2020-12-17
3515	1197	 234,95грн.	2020-07-30
3516	865	 59,79грн.	2020-01-21
3517	259	 51,09грн.	2020-01-26
3518	1783	 72,92грн.	2020-07-11
3519	1798	 108,97грн.	2020-01-02
3520	93	 182,09грн.	2020-03-22
3521	1980	 128,54грн.	2020-07-07
3522	1619	 36,29грн.	2020-06-19
3523	1387	 220,06грн.	2020-11-11
3524	861	 210,34грн.	2020-10-28
3525	1812	 158,54грн.	2020-05-19
3526	1340	 99,81грн.	2020-09-21
3527	384	 189,93грн.	2020-12-16
3528	1347	 203,68грн.	2020-12-21
3529	881	 66,80грн.	2020-02-21
3530	1466	 185,58грн.	2020-11-11
3531	1857	 97,81грн.	2020-02-07
3532	40	 166,42грн.	2020-10-23
3533	217	 3,84грн.	2020-01-11
3534	809	 257,37грн.	2020-08-17
3535	1108	 39,21грн.	2020-09-04
3536	394	 112,73грн.	2020-08-16
3537	271	 89,38грн.	2020-07-06
3538	1236	 150,18грн.	2020-07-10
3539	686	 107,86грн.	2020-12-16
3540	746	 178,41грн.	2020-11-23
3541	153	 245,81грн.	2020-08-02
3542	750	 195,79грн.	2020-01-21
3543	2090	 246,79грн.	2020-02-07
3544	318	 171,21грн.	2020-08-04
3545	1848	 132,04грн.	2020-08-30
3546	1961	 88,13грн.	2020-06-24
3547	416	 106,00грн.	2020-05-12
3548	498	 120,37грн.	2020-09-04
3549	947	 116,29грн.	2020-01-18
3550	1723	 278,55грн.	2020-03-03
3551	434	 124,83грн.	2020-07-27
3552	1421	 57,73грн.	2020-06-23
3553	978	 165,24грн.	2020-01-01
3554	1085	 206,28грн.	2020-12-02
3555	1168	 100,00грн.	2020-04-26
3556	866	 274,72грн.	2020-01-27
3557	437	 94,68грн.	2020-07-13
3558	2014	 73,08грн.	2020-12-22
3559	67	 203,97грн.	2020-07-19
3560	670	 100,48грн.	2020-09-27
3561	1662	 188,77грн.	2020-02-17
3562	1106	 210,84грн.	2020-12-22
3563	1654	 218,40грн.	2020-02-12
3564	910	 162,82грн.	2020-10-17
3565	230	 191,31грн.	2020-06-22
3566	104	 129,07грн.	2020-12-04
3567	2046	 107,67грн.	2020-11-29
3568	1733	 49,71грн.	2020-01-15
3569	694	 147,25грн.	2020-03-25
3570	372	 180,93грн.	2020-03-21
3571	241	 83,63грн.	2020-10-21
3572	1937	 210,95грн.	2020-04-19
3573	900	 130,13грн.	2020-10-03
3574	967	 245,57грн.	2020-06-26
3575	446	 76,67грн.	2020-09-05
3576	1971	 115,29грн.	2020-02-21
3577	405	 142,02грн.	2020-03-25
3578	319	 223,84грн.	2020-11-24
3579	102	 134,12грн.	2020-07-23
3580	1220	 144,98грн.	2020-07-09
3581	1771	 126,84грн.	2020-04-09
3582	1083	 60,04грн.	2020-09-19
3583	139	 244,16грн.	2020-08-26
3584	1272	 128,71грн.	2020-04-30
3585	1892	 162,89грн.	2020-07-20
3586	154	 263,47грн.	2020-02-18
3587	343	 147,10грн.	2020-09-19
3588	670	 163,35грн.	2020-05-01
3589	2042	 110,51грн.	2020-10-15
3590	370	 249,55грн.	2020-08-18
3591	884	 160,16грн.	2020-05-03
3592	951	 129,72грн.	2020-11-05
3593	601	 141,33грн.	2020-09-19
3594	1499	 116,99грн.	2020-08-18
3595	1470	 94,00грн.	2020-06-16
3596	1705	 56,18грн.	2020-06-26
3597	1460	 94,47грн.	2020-10-01
3598	1224	 236,04грн.	2020-12-10
3599	304	 119,00грн.	2020-04-10
3600	1528	 146,17грн.	2020-01-07
3601	936	 116,44грн.	2020-07-14
3602	1893	 37,36грн.	2020-03-24
3603	2040	 14,13грн.	2020-07-04
3604	1726	 48,77грн.	2020-06-15
3605	843	 235,87грн.	2020-12-15
3606	1292	 114,01грн.	2020-01-02
3607	235	 88,19грн.	2020-03-07
3608	1219	 250,76грн.	2020-05-10
3609	1047	 135,32грн.	2020-09-12
3610	1875	 101,67грн.	2020-04-23
3611	833	 109,55грн.	2020-10-07
3612	36	 190,78грн.	2020-06-19
3613	1730	 183,05грн.	2020-07-20
3614	295	 229,90грн.	2020-03-08
3615	618	 239,51грн.	2020-05-17
3616	1677	 221,14грн.	2020-02-01
3617	1977	 160,81грн.	2020-01-21
3618	1912	 207,79грн.	2020-08-22
3619	600	 184,75грн.	2020-07-09
3620	1552	 116,84грн.	2020-10-13
3621	711	 115,25грн.	2020-11-09
3622	1585	 118,36грн.	2020-08-24
3623	1315	 124,53грн.	2020-07-23
3624	1483	 239,53грн.	2020-05-04
3625	310	 131,85грн.	2020-09-10
3626	2010	 83,24грн.	2020-05-06
3627	824	 138,58грн.	2020-09-01
3628	660	 211,82грн.	2020-03-04
3629	1419	 170,91грн.	2020-01-08
3630	1753	 80,84грн.	2020-07-22
3631	1583	 65,81грн.	2020-05-05
3632	1002	 184,71грн.	2020-05-25
3633	1184	 134,92грн.	2020-02-22
3634	1932	 202,13грн.	2020-11-23
3635	548	 213,74грн.	2020-06-15
3636	1743	 102,86грн.	2020-05-23
3637	1415	 137,90грн.	2020-03-04
3638	65	 207,35грн.	2020-12-31
3639	1167	 213,72грн.	2020-11-27
3640	1734	 53,72грн.	2020-03-15
3641	203	 189,24грн.	2020-11-04
3642	1723	 136,87грн.	2020-08-21
3643	1299	 119,72грн.	2020-05-30
3644	217	 112,21грн.	2020-05-13
3645	1470	 182,84грн.	2020-03-16
3646	681	 31,69грн.	2020-06-26
3647	611	 104,42грн.	2020-10-01
3648	599	 191,57грн.	2020-09-02
3649	1745	 103,29грн.	2020-10-13
3650	1525	 92,50грн.	2020-03-03
3651	827	 69,77грн.	2020-05-31
3652	947	 168,01грн.	2020-10-22
3653	1200	 225,56грн.	2020-09-29
3654	1852	 145,29грн.	2020-10-16
3655	1689	 240,07грн.	2020-10-30
3656	525	 166,02грн.	2020-02-11
3657	1161	 136,53грн.	2020-02-12
3658	1914	 22,08грн.	2020-01-16
3659	1161	 70,13грн.	2020-05-20
3660	883	 146,44грн.	2020-11-18
3661	980	 70,23грн.	2020-01-21
3662	1928	 123,76грн.	2020-12-31
3663	1165	 175,39грн.	2020-04-04
3664	1776	 129,81грн.	2020-07-09
3665	315	 136,97грн.	2020-12-20
3666	1706	 121,70грн.	2020-08-17
3667	728	 91,01грн.	2020-09-13
3668	190	 106,41грн.	2020-07-29
3669	1803	 195,81грн.	2020-02-03
3670	1914	 224,24грн.	2020-01-22
3671	915	 96,11грн.	2020-05-13
3672	732	 186,15грн.	2020-04-18
3673	934	 233,08грн.	2020-05-22
3674	1294	 143,73грн.	2020-10-08
3675	452	 123,60грн.	2020-03-19
3676	265	 118,33грн.	2020-07-06
3677	745	 75,58грн.	2020-08-13
3678	2002	 70,16грн.	2020-11-01
3679	750	 185,68грн.	2020-02-23
3680	640	 82,60грн.	2020-07-04
3681	857	 57,65грн.	2020-09-03
3682	1189	 146,76грн.	2020-08-20
3683	2041	 255,49грн.	2020-09-29
3684	1310	 100,68грн.	2020-12-10
3685	998	 48,58грн.	2020-10-23
3686	274	 113,29грн.	2020-09-09
3687	171	 174,53грн.	2020-01-31
3688	1480	 206,39грн.	2020-08-23
3689	1444	 190,63грн.	2020-10-02
3690	1317	 89,65грн.	2020-09-14
3691	1348	 148,33грн.	2020-12-12
3692	756	 53,03грн.	2020-10-22
3693	1166	 224,80грн.	2020-04-08
3694	437	 120,93грн.	2020-10-26
3695	2037	 83,72грн.	2020-10-04
3696	167	 128,16грн.	2020-05-26
3697	1179	 218,97грн.	2020-07-25
3698	1438	 146,50грн.	2020-12-27
3699	887	 126,85грн.	2020-10-30
3700	692	 180,48грн.	2020-11-22
3701	1578	 170,80грн.	2020-06-27
3702	1554	 78,59грн.	2020-02-21
3703	833	 129,92грн.	2020-01-21
3704	1403	 63,03грн.	2020-12-26
3705	504	 233,05грн.	2020-06-04
3706	513	 197,88грн.	2020-11-12
3707	459	 226,48грн.	2020-07-06
3708	2019	 93,84грн.	2020-03-18
3709	1808	 93,48грн.	2020-05-07
3710	952	 236,03грн.	2020-05-30
3711	543	 162,95грн.	2020-06-28
3712	1684	 116,50грн.	2020-01-30
3713	1960	 141,73грн.	2020-08-04
3714	557	 182,15грн.	2020-06-21
3715	560	 108,87грн.	2020-06-16
3716	2094	 190,81грн.	2020-01-15
3717	149	 186,36грн.	2020-02-12
3718	1145	 16,32грн.	2020-04-07
3719	1675	 269,07грн.	2020-10-23
3720	319	 138,80грн.	2020-07-21
3721	213	 71,86грн.	2020-02-04
3722	2061	 158,64грн.	2020-06-25
3723	1102	 40,05грн.	2020-01-28
3724	414	 126,78грн.	2020-02-24
3725	879	 215,56грн.	2020-08-14
3726	24	 164,43грн.	2020-05-11
3727	512	 84,34грн.	2020-02-16
3728	474	 194,36грн.	2020-10-14
3729	1884	 152,28грн.	2020-10-25
3730	1237	 122,58грн.	2020-05-13
3731	1342	 164,36грн.	2020-08-02
3732	630	 69,39грн.	2020-02-18
3733	990	 71,31грн.	2020-02-18
3734	1871	 113,17грн.	2020-05-21
3735	1050	 111,36грн.	2020-10-19
3736	1055	 183,64грн.	2020-06-27
3737	1145	 67,89грн.	2020-08-20
3738	489	 178,75грн.	2020-05-23
3739	1823	 199,93грн.	2020-12-15
3740	743	 98,75грн.	2020-12-14
3741	1255	 105,55грн.	2020-06-26
3742	1079	 40,30грн.	2020-10-13
3743	1665	 70,54грн.	2020-08-10
3744	1259	 171,84грн.	2020-08-24
3745	1957	 195,70грн.	2020-01-23
3746	524	 168,16грн.	2020-10-03
3747	1269	 136,76грн.	2020-01-09
3748	702	 95,01грн.	2020-03-06
3749	329	 146,50грн.	2020-07-13
3750	199	 51,56грн.	2020-01-16
3751	356	 82,98грн.	2020-01-30
3752	1247	 153,89грн.	2020-06-08
3753	42	 101,98грн.	2020-06-12
3754	98	 179,04грн.	2020-10-05
3755	936	 217,72грн.	2020-03-14
3756	1088	 217,16грн.	2020-09-30
3757	1787	 117,84грн.	2020-12-09
3758	1436	 189,61грн.	2020-03-31
3759	872	 146,81грн.	2020-07-26
3760	1513	 207,17грн.	2020-08-28
3761	2030	 237,90грн.	2020-04-27
3762	642	 69,69грн.	2020-09-16
3763	86	 215,22грн.	2020-09-23
3764	1382	 181,11грн.	2020-06-07
3765	599	 172,48грн.	2020-09-23
3766	1489	 219,15грн.	2020-01-20
3767	1041	 91,49грн.	2020-02-06
3768	881	 122,19грн.	2020-07-19
3769	1978	 140,19грн.	2020-11-22
3770	298	 27,18грн.	2020-04-26
3771	774	 152,29грн.	2020-01-23
3772	926	 131,66грн.	2020-09-02
3773	1677	 169,07грн.	2020-07-25
3774	869	 113,16грн.	2020-07-24
3775	1729	 236,35грн.	2020-03-28
3776	1234	 238,11грн.	2020-08-12
3777	104	 93,42грн.	2020-12-07
3778	291	 71,61грн.	2020-09-09
3779	89	 156,22грн.	2020-11-04
3780	79	 61,48грн.	2020-10-08
3781	250	 284,09грн.	2020-02-07
3782	869	 54,91грн.	2020-10-29
3783	511	 69,34грн.	2020-11-23
3784	12	 153,22грн.	2020-06-23
3785	1864	 131,51грн.	2020-08-13
3786	1499	 61,49грн.	2020-08-15
3787	1666	 115,55грн.	2020-11-14
3788	218	 121,18грн.	2020-01-31
3789	200	 162,25грн.	2020-02-23
3790	454	 224,31грн.	2020-05-17
3791	1104	 120,01грн.	2020-07-04
3792	66	 181,32грн.	2020-08-09
3793	1312	 228,09грн.	2020-12-26
3794	676	 210,78грн.	2020-10-31
3795	136	 47,75грн.	2020-08-13
3796	1512	 217,45грн.	2020-03-07
3797	1428	 214,33грн.	2020-05-12
3798	1072	 206,32грн.	2020-01-26
3799	1175	 208,05грн.	2020-01-26
3800	1206	 192,67грн.	2020-02-21
3801	1349	 78,29грн.	2020-08-29
3802	883	 213,33грн.	2020-01-04
3803	1370	 234,42грн.	2020-02-18
3804	845	 151,65грн.	2020-08-10
3805	1799	 193,59грн.	2020-09-04
3806	487	 282,42грн.	2020-11-03
3807	1998	 253,22грн.	2020-04-05
3808	214	 213,39грн.	2020-01-29
3809	120	 208,11грн.	2020-07-03
3810	1574	 145,03грн.	2020-11-08
3811	1958	 113,99грн.	2020-08-26
3812	1647	 78,28грн.	2020-05-26
3813	989	 270,02грн.	2020-03-18
3814	698	 274,81грн.	2020-04-13
3815	126	 206,62грн.	2020-04-25
3816	415	 59,33грн.	2020-05-13
3817	1874	 202,65грн.	2020-09-05
3818	1640	 38,37грн.	2020-04-15
3819	1431	 148,56грн.	2020-10-19
3820	606	 192,73грн.	2020-02-22
3821	841	 145,60грн.	2020-11-01
3822	316	 245,29грн.	2020-11-20
3823	677	 195,07грн.	2020-04-28
3824	1065	 119,74грн.	2020-08-21
3825	1034	 109,94грн.	2020-04-23
3826	28	 287,97грн.	2020-10-14
3827	471	 91,51грн.	2020-01-18
3828	1597	 39,22грн.	2020-12-03
3829	1624	 223,87грн.	2020-12-15
3830	421	 69,23грн.	2020-09-29
3831	1822	 150,71грн.	2020-05-29
3832	1566	 112,97грн.	2020-09-12
3833	1908	 193,91грн.	2020-09-21
3834	2012	 149,67грн.	2020-04-25
3835	1030	 185,78грн.	2020-01-16
3836	400	 63,87грн.	2020-04-09
3837	250	 12,55грн.	2020-03-14
3838	250	 276,57грн.	2020-11-14
3839	191	 237,29грн.	2020-07-22
3840	754	 190,01грн.	2020-01-05
3841	2100	 147,46грн.	2020-08-20
3842	1539	 228,96грн.	2020-10-19
3843	666	 240,02грн.	2020-05-30
3844	903	 154,01грн.	2020-11-25
3845	540	 10,46грн.	2020-12-24
3846	8	 99,35грн.	2020-11-14
3847	115	 131,38грн.	2020-11-24
3848	284	 242,64грн.	2020-12-19
3849	1929	 165,34грн.	2020-04-22
3850	593	 217,55грн.	2020-12-29
3851	1884	 149,57грн.	2020-01-05
3852	1950	 63,08грн.	2020-08-08
3853	458	 216,85грн.	2020-10-15
3854	1780	 186,61грн.	2020-09-02
3855	1257	 133,11грн.	2020-12-30
3856	746	 51,35грн.	2020-11-24
3857	1375	 285,78грн.	2020-11-29
3858	2061	 119,98грн.	2020-10-12
3859	559	 193,53грн.	2020-10-28
3860	1984	 111,17грн.	2020-09-15
3861	1500	 105,79грн.	2020-04-10
3862	2043	 44,12грн.	2020-01-31
3863	483	 174,80грн.	2020-12-06
3864	77	 93,27грн.	2020-05-21
3865	1624	 60,40грн.	2020-10-11
3866	211	 174,30грн.	2020-05-11
3867	1504	 5,95грн.	2020-05-16
3868	1463	 33,70грн.	2020-01-04
3869	2039	 167,31грн.	2020-09-10
3870	1936	 67,37грн.	2020-06-26
3871	1429	 138,77грн.	2020-01-23
3872	385	 63,14грн.	2020-08-15
3873	1837	 213,19грн.	2020-04-09
3874	2078	 33,21грн.	2020-06-15
3875	431	 160,14грн.	2020-03-07
3876	1036	 195,88грн.	2020-02-13
3877	642	 242,72грн.	2020-06-17
3878	189	 221,81грн.	2020-09-02
3879	1139	 36,77грн.	2020-12-09
3880	1952	 100,07грн.	2020-04-22
3881	1272	 151,50грн.	2020-03-18
3882	1904	 173,86грн.	2020-10-16
3883	1982	 158,89грн.	2020-08-13
3884	630	 207,49грн.	2020-11-13
3885	1998	 173,06грн.	2020-11-14
3886	1652	 135,21грн.	2020-11-12
3887	649	 162,67грн.	2020-03-10
3888	558	 129,38грн.	2020-10-14
3889	1643	 225,58грн.	2020-09-19
3890	9	 125,97грн.	2020-03-14
3891	1282	 221,14грн.	2020-07-24
3892	1894	 31,89грн.	2020-06-06
3893	1808	 137,16грн.	2020-12-05
3894	1882	 71,68грн.	2020-03-24
3895	570	 178,47грн.	2020-02-18
3896	644	 213,64грн.	2020-11-24
3897	773	 206,73грн.	2020-04-28
3898	172	 239,28грн.	2020-06-30
3899	1277	 166,42грн.	2020-06-08
3900	1659	 104,54грн.	2020-08-21
3901	1591	 138,82грн.	2020-05-31
3902	777	 117,01грн.	2020-10-19
3903	2090	 179,82грн.	2020-07-02
3904	1893	 177,56грн.	2020-05-15
3905	42	 129,96грн.	2020-12-17
3906	319	 122,06грн.	2020-11-09
3907	1143	 92,79грн.	2020-06-26
3908	282	 60,13грн.	2020-12-11
3909	1022	 62,33грн.	2020-02-03
3910	1853	 99,36грн.	2020-08-08
3911	1987	 172,16грн.	2020-01-03
3912	1967	 110,41грн.	2020-05-01
3913	1826	 102,41грн.	2020-02-22
3914	773	 53,24грн.	2020-10-24
3915	1649	 121,97грн.	2020-09-04
3916	342	 142,98грн.	2020-06-24
3917	130	 130,50грн.	2020-10-21
3918	1392	 88,44грн.	2020-11-05
3919	452	 261,82грн.	2020-04-05
3920	1195	 65,11грн.	2020-12-25
3921	1383	 166,20грн.	2020-05-26
3922	1428	 70,86грн.	2020-03-01
3923	1072	 196,39грн.	2020-03-28
3924	1913	 153,57грн.	2020-08-24
3925	933	 120,75грн.	2020-11-20
3926	1230	 210,56грн.	2020-07-21
3927	906	 8,43грн.	2020-04-29
3928	1702	 135,99грн.	2020-04-21
3929	1167	 142,01грн.	2020-05-29
3930	749	 119,37грн.	2020-12-27
3931	1156	 97,76грн.	2020-08-17
3932	1547	 84,31грн.	2020-09-19
3933	1333	 31,79грн.	2020-01-01
3934	234	 214,89грн.	2020-08-20
3935	2007	 14,70грн.	2020-04-19
3936	1471	 197,24грн.	2020-02-22
3937	1486	 258,77грн.	2020-10-19
3938	1609	 118,44грн.	2020-09-02
3939	1228	 34,91грн.	2020-08-29
3940	1967	 99,89грн.	2020-01-10
3941	1576	 256,49грн.	2020-12-04
3942	740	 50,21грн.	2020-06-22
3943	1334	 238,65грн.	2020-04-15
3944	1006	 121,50грн.	2020-12-10
3945	1265	 144,25грн.	2020-12-24
3946	1127	 184,65грн.	2020-06-17
3947	727	 179,91грн.	2020-09-11
3948	1055	 102,20грн.	2020-05-07
3949	1144	 95,65грн.	2020-05-13
3950	2036	 268,76грн.	2020-03-29
3951	1521	 100,11грн.	2020-09-04
3952	1034	 232,23грн.	2020-11-26
3953	374	 162,59грн.	2020-07-01
3954	795	 87,04грн.	2020-03-01
3955	1548	 107,06грн.	2020-12-25
3956	716	 166,63грн.	2020-05-01
3957	2113	 132,23грн.	2020-01-17
3958	74	 86,83грн.	2020-11-12
3959	1131	 129,10грн.	2020-10-27
3960	943	 165,15грн.	2020-06-01
3961	1694	 55,84грн.	2020-09-08
3962	660	 215,78грн.	2020-11-04
3963	1359	 57,16грн.	2020-09-05
3964	1124	 95,49грн.	2020-11-24
3965	1894	 36,41грн.	2020-10-12
3966	1737	 228,88грн.	2020-03-26
3967	823	 7,15грн.	2020-02-27
3968	794	 143,08грн.	2020-02-04
3969	1472	 279,70грн.	2020-05-14
3970	1077	 181,99грн.	2020-01-24
3971	803	 241,83грн.	2020-09-15
3972	1123	 255,34грн.	2020-09-25
3973	111	 218,72грн.	2020-02-10
3974	219	 264,05грн.	2020-06-22
3975	2016	 135,62грн.	2020-03-24
3976	782	 84,13грн.	2020-11-01
3977	1236	 176,87грн.	2020-05-29
3978	2050	 174,55грн.	2020-01-19
3979	163	 17,73грн.	2020-03-26
3980	2022	 158,47грн.	2020-05-03
3981	1316	 71,35грн.	2020-06-13
3982	1267	 240,42грн.	2020-06-09
3983	2061	 25,15грн.	2020-05-21
3984	1507	 136,60грн.	2020-01-19
3985	1773	 205,92грн.	2020-09-30
3986	1718	 57,62грн.	2020-04-06
3987	980	 179,35грн.	2020-07-30
3988	833	 224,27грн.	2020-02-28
3989	750	 246,13грн.	2020-04-13
3990	625	 274,16грн.	2020-03-30
3991	1543	 230,19грн.	2020-08-23
3992	827	 114,32грн.	2020-03-17
3993	1529	 139,17грн.	2020-05-02
3994	1275	 180,23грн.	2020-05-16
3995	173	 191,28грн.	2020-03-29
3996	751	 153,86грн.	2020-11-10
3997	554	 112,59грн.	2020-03-27
3998	1129	 146,27грн.	2020-09-07
3999	1476	 199,97грн.	2020-10-18
4000	1604	 23,60грн.	2020-08-17
4001	615	 169,14грн.	2020-02-04
4002	1483	 196,13грн.	2020-05-13
4003	204	 256,39грн.	2020-02-10
4004	758	 171,34грн.	2020-10-31
4005	1938	 149,88грн.	2020-03-03
4006	1580	 230,73грн.	2020-07-01
4007	280	 193,21грн.	2020-12-20
4008	770	 37,66грн.	2020-08-09
4009	103	 70,63грн.	2020-09-02
4010	102	 189,16грн.	2020-05-18
4011	347	 95,55грн.	2020-02-14
4012	2069	 76,92грн.	2020-09-14
4013	719	 262,93грн.	2020-07-21
4014	503	 133,26грн.	2020-02-02
4015	64	 188,91грн.	2020-08-05
4016	2040	 96,61грн.	2020-10-09
4017	952	 253,56грн.	2020-02-14
4018	2082	 166,01грн.	2020-05-09
4019	1191	 217,04грн.	2020-04-03
4020	1406	 111,82грн.	2020-09-15
4021	1505	 195,57грн.	2020-07-18
4022	191	 69,85грн.	2020-01-03
4023	1209	 207,90грн.	2020-04-26
4024	1808	 82,98грн.	2020-02-03
4025	172	 73,67грн.	2020-11-02
4026	1879	 226,42грн.	2020-06-21
4027	797	 155,95грн.	2020-07-15
4028	1055	 140,94грн.	2020-05-12
4029	1625	 239,43грн.	2020-11-21
4030	523	 39,95грн.	2020-05-22
4031	813	 164,93грн.	2020-05-22
4032	2095	 217,36грн.	2020-10-15
4033	1741	 56,48грн.	2020-05-08
\.


--
-- Data for Name: products; Type: TABLE DATA; Schema: public; Owner: postgres
--

COPY public.products (id, name, category) FROM stdin;
1	Carrot	Vegetables
2	Roshen hazelnut nougat milk chocolate 90g	Chocolate
3	Tobleron dark chocolate 100g	Chocolate
4	Chocolate milky Belgian salt bars 100g	Chocolate
5	Chocolate black Belgian salt 50% 100g Belgium	Chocolate
6	Chocolate black Belgian bars 100g	Chocolate
7	Kinder® Chocolate With Milk Filling Milk Chocolate 150g	Chocolate
8	KIinder® Chocolate With Cereals With Milky And Cereal Filling 4pcs 94g	Chocolate
9	Chocolate milky Kinder 6pcs 90g	Chocolate
10	Kinder® Chocolate Maxi With Milk Filling Milk Chocolate Bar 21g	Chocolate
11	KIinder® Chocolate With Cereals With Milky And Cereal Filling 23.5g	Chocolate
12	Kinder® Chocolate With Milk Filling Milk Chocolate 50g	Chocolate
13	Kinder® Chocolate Maxi With Milk Filling Milk Chocolate Bar 6pcs 126g	Chocolate
14	Kinder® Chocolate With Milk Filling Milk Chocolate 100g	Chocolate
15	Milka Chocolate milk with Oreo round cookies with vanilla flavor 92g	Chocolate
16	Milka Mini Snow Balls Milk Chocolate Candies 110g	Chocolate
17	Milka Snowman Chocolate Figure 75g	Chocolate
18	Milka With Milk Filling With Cocoa, cookies, Ginger, Cloves And Cinnamon Chocolate 100g	Chocolate
19	Milka With Milk Filling With Vanilla Flavor And CookiesOreo Golden Chocolate 100g	Chocolate
20	Milka Milk Chocolate 90g	Chocolate
21	Milka Bubbles Milk Airy Chocolate 80g	Chocolate
22	Milka Milk Chocolate With Cream And Strawberry Fillings	Chocolate
23	Milka Milk Chocolate with Cream and Almond 90g	Chocolate
24	Milka in caramel and peanut stuffing with peanut pieces milk chocolate 37g	Chocolate
25	Milka in caramel and peanut stuffing with peanuts milk chocolate 276g	Chocolate
26	Milka with coconut flavor air milk chocolate 97g	Chocolate
27	Milka With Vanilla And Oreo Biscuit Taste Milk Chocolate 300g	Chocolate
28	Milka With Cookies Milky Chocolate	Chocolate
29	Milka with cookies Oreo milk сhocolate 37g	Chocolate
30	Milka with milk and caramel filling and roasted whole hazelnut milk chocolate 300g	Chocolate
31	Chocolate milky Milka bars 100g	Chocolate
32	Milka Milk Chocolate caramel with peanuts 90g	Chocolate
33	Milka Chocolate Milk Cappuccino Bubble 97g	Chocolate
34	Milka Milkinis Chocolate With Milk Filling 43.75g	Chocolate
35	Milka Oreo Chocolate with Cocoa Filling and Biscuit Pieces 100g	Chocolate
36	Milka With Cookies, Chocolate And Cream Filling Milk Chocolate 300g	Chocolate
37	Millenium dark chocolate 99% 100g	Chocolate
38	Millennium aerated milk and white chocolate 70g	Chocolate
39	Millenium Fruits&Nuts dark сhocolate 80g	Chocolate
40	Millenium Fruits&Nuts milk сhocolate 80g	Chocolate
41	Millenium Fruits&Nuts milk сhocolate 80g	Chocolate
42	Millennium aerated with chopped almond milk chocolate 70g	Chocolate
43	Millennium Gold white chocolate with nuts and cranberries 100g	Chocolate
44	Millennium Chocolate black with stevia 54% 100g	Chocolate
45	Millenium Golden Nut Dark Chocolate	Chocolate
46	Millennium Golden Nut Black Chocolate with Whole Hazelnuts 90g	Chocolate
47	Millenium Milk Airy Chocolate	Chocolate
48	Millennium Premium White Airy Chocolate	Chocolate
49	Millennium Premium Dark Airy Chocolate	Chocolate
50	Millennium Golden Nut Milk Chocolate with Whole Almonds 90g	Chocolate
51	Millenium Golden Nut Milk Chocolate	Chocolate
52	Millennium Chocolate black with stevia 74% 100g	Chocolate
53	Millenium White Airy Chocolate	Chocolate
54	Millennium chocolate milk with stevia 100g	Chocolate
55	Millennium Premium Milk Airy Chocolate 90g	Chocolate
56	Millennium Golden Nut Milk Chocolate	Chocolate
57	Millenium Extra Brut Black Chocolate	Chocolate
58	Roshen Whole Hazelnuts Extra Dark Chocolate	Chocolate
59	Roshen Classic Brut 78% Dark Chocolate	Chocolate
60	Roshen Chaika Dark Milk Chocolate 90g	Chocolate
61	Roshen Milk Chocolate Milk Filling And Cocoa Wafers 105g	Chocolate
62	Roshen Milk Chocolate with Sesame 90g	Chocolate
63	Roshen Milk Chocolate Strawberry Panna Cotta 90g	Chocolate
64	Roshen Lacmi Chocolate Salted Caramel 90g	Chocolate
65	Roshen Lacmi Milk Chocolate Nuts and Caramel 295g	Chocolate
66	Roshen Lacmi Milk Chocolate Cocoa Filling and Crispy Wafers 105g	Chocolate
67	Roshen Lacmi Milk Chocolate Nut and Cookies 290g	Chocolate
68	Roshen Milk Chocolate 90g	Chocolate
69	Roshen Lacmi Milk Chocolate with Chopped Hazelnuts 90g	Chocolate
70	Roshen Lacmi Milk Chocolate Milk Filling And Crunchy Cookies 115g	Chocolate
71	Roshen with whole almonds milk chocolate 90g	Chocolate
72	Roshen Classic Extra Dark Chocolate 56% 90g	Chocolate
73	Roshen bilberry nougat milk chocolate 90g	Chocolate
74	Roshen coconut nougat milk chocolate 90g	Chocolate
75	Roshen milk air chocolate 80g	Chocolate
76	Roshen white air chocolate 80g	Chocolate
77	Roshen dark air chocolate 80g	Chocolate
78	Roshen Whole Hazelnuts Milk Chocolate 90g	Chocolate
79	Tobleron milk chocolate 100g	Chocolate
80	Tobleron with raisins and nougat milk chocolate 100g	Chocolate
81	Tobleron with almond and honey-almond nougat milk chocolate 100g	Chocolate
82	AVK chocolate black with fructose 90g	Chocolate
83	With Nuts, Blueberries And Stevia Black Chocolate 90g	Chocolate
84	AVK Black With Stevia Chocolate 90g	Chocolate
85	Korona Cream Filling With Coffee Black Chocolate 85g	Chocolate
86	Korona Milk Chocolate With Whole Hazelnuts	Chocolate
87	Korona Max Fun with marmalade, cookies and caramel milk chocolate 38g	Chocolate
88	Korona Max Fun pineapple-passion fruit-caramel milk chocolate 160g	Chocolate
89	Korona air white chocolate 80g	Chocolate
90	Korona air milk chocolate 80g	Chocolate
91	Korona air dark chocolate 80g	Chocolate
92	Korona Dark Chocolate 85g	Chocolate
93	Korona Milk Chocolate 85g	Chocolate
94	Korona with raspberry and cream filling chocolate 85g	Chocolate
95	Korona Caramel Cookies Milky Chocolate	Chocolate
96	Korona Max Fun Milk Chocolate Fruit and Berry 160g	Chocolate
97	Korisna Konditerska Black Chocolate with Stevia 100g	Chocolate
98	Korysna Kondyterska Black Chocolate With Blueberries	Chocolate
99	Korysna Kondyterska Black Chocolate With Hazelnuts	Chocolate
100	Chocolate milky Lyubimov 150g	Chocolate
101	Lyubimov Kids Minions with milk filling and biscuit chocolate 38g	Chocolate
102	SVITOCH® Avtorskyi dark chocolate 85g	Chocolate
103	SVITOCH® milk chocolate 85g	Chocolate
104	SVITOCH® Avtorskyi extra dark chocolate 71% 85g	Chocolate
105	SVITOCH® Exclusive Hazelnut and Peanut dark chocolate 51% 100g	Chocolate
106	SVITOCH® Exclusive Chili and Apricot dark chocolate 51% 100g	Chocolate
107	SVITOCH® Exclusive Sea salt and Caramel dark chocolate 51% 100g	Chocolate
108	Delicia Vedmezhata Scalded Gingerbread 240g	Confectionery
109	Delicia Vorzelski Scalded Gingerbread 250g	Confectionery
110	Delicia Cookies in Dark Chocolate with Orange Flavor 500g	Confectionery
111	Delicia Rajski Yabluchka Cookie 600g	Confectionery
112	NESTLÉ® NESQUIK® sharing sweets with wafer 191g	Confectionery
113	Kyivkhlib Cookies pretzels with sesame 260g	Confectionery
114	Lucas Grain Cookies 610g	Confectionery
115	Lekorna Rainbow Wafer Cake Layers	Confectionery
116	7Days Cocoa Cream Mini Croissant	Confectionery
117	7Days Vanilla Cream Mini Croissant	Confectionery
118	7Days Cocoa Cream Croissant	Confectionery
119	7Days Vanilla Cream Croissant	Confectionery
120	7Days Boiled Evaporated Milk Croissant	Confectionery
121	7Days Boiled Evaporated Milk Mini Croissant	Confectionery
122	7 Days with cocoa croissant 110g	Confectionery
123	7 Days cherry-vanilla croissant 110g	Confectionery
124	7Days Cocoa Cream Mini Croissant	Confectionery
125	Boom Choc with rice balls in milk chocolate dragee 30g	Confectionery
126	Boom Choc Fruit Jelly in Milk Chocolate Dragee 45g	Confectionery
127	Boom Choc with raisins and milk chocolate dragee 45g	Confectionery
128	Boom Choc Dragee Peanut in milk chocolate and multi-colored glaze 50g	Confectionery
129	Boom Choc Dragee with nuts and milk chocolate 45g	Confectionery
130	Boom Choc Peanuts in Yellow-blue Glaze Dragee 50g	Confectionery
131	Salt stick Chio Stickletti with taste of sour cream salt 80g	Confectionery
132	Salt stick Chio 70g	Confectionery
133	Sticks+rings Chio Stickletti+Brezli 250g Hungary	Confectionery
134	Sticks Chio Stickletti with salt 125g	Confectionery
135	Chipicao Cocoa cake bar with vanilla flavour filling 64g	Confectionery
136	Chipicao with cocoa croissant 60g	Confectionery
137	Waffles Crich with cappuccino 250g	Confectionery
138	Waffles Crich with cocoa 250g	Confectionery
139	Waffles Crich with vanilla 250g	Confectionery
140	Cookies Crich Wholegrain 500g	Confectionery
141	Waffles Crich with hazelnuts 250g	Confectionery
142	Delicia Winter Wonderland cake 850g	Confectionery
143	Delicia Santa's Sleigh cake 900g	Confectionery
144	Delicia Festive Train Cookies 780g	Confectionery
145	Delicia House Gingerbread 790g	Confectionery
146	Delicia Wafer Rolls with Baked Milk Flavor 500g	Confectionery
147	Delicia Homemade Cookies with Powdered Sugar 500g	Confectionery
148	Delicia Cappuccino Biscuit Cookies 0.5kg	Confectionery
149	Delicia Friendy Jelly Berry Butter Cookies 200g	Confectionery
150	Delicia With Melted Milk Flavor Waffer Rolls 150g	Confectionery
151	Delicia Yalynka pryaniki 510g	Confectionery
152	Delicia Margarytka With Black Currant In Durk Glaze Butter Cookies 150g	Confectionery
153	Delicia Margaritka With Black Currant Taste In Milk Glaze Butter Cookies 150g	Confectionery
154	Delicia Margarytka With Raspberry In Dark Glaze Butter Cookies	Confectionery
155	Delicia Positive In Milk Glaze With Cherry Taste Butter Cookies 135g	Confectionery
156	Delicia Yalynkovi prykrasy cake 740g	Confectionery
157	Delicia Bavarski Scalded Gingerbread 250g	Confectionery
158	Delicia With Cherry Taste Butter Cookies 135g	Confectionery
159	Delicia With Orange Taste Butter Cookies 135g	Confectionery
160	Delicia Super Monika Cookies 600g	Confectionery
161	Delicia Paradise Apples Cookies with Cherry Flavor 600g	Confectionery
162	Delicia Chamomile Cookies 500g	Confectionery
163	Cookies Elvan biscuit with coconut flavor 50g	Confectionery
164	Today Glazed Donut  with banana cream 50g	Confectionery
165	Flint Baguette Crackers with French Hot Dog Flavor 110g	Confectionery
166	Cookies Fortune cookies 84g	Confectionery
167	Cookies Ghiott with almonds 200g	Confectionery
168	Cookies Ghiott with almonds 250g	Confectionery
169	Cookies Ghiott with chocolate 200g	Confectionery
170	Cookies Ghiott with almonds 200g	Confectionery
171	Cookies Ghiott with chocolate drops 200g	Confectionery
172	Cookies Golski with chocolate 200g	Confectionery
173	Waffles Golski melted milk 200g	Confectionery
174	Grona Napoleon with baked milk cookies 290g	Confectionery
175	Grona Zoolohichne cookies 250g	Confectionery
176	Grona Dukat cracker 244g	Confectionery
177	Grona Sea Cruise Cracker with onion 160g	Confectionery
178	Cracker Grona Sea 160g	Confectionery
179	Grona Classic Cream Cracker 336g	Confectionery
180	Kinder Delice Cocoa Covered Sponge Cake With Milk Filling	Confectionery
181	Kinder Bueno White Wafer With Milky And Nut Filling Covered With White Chocolate Waffers 39g	Confectionery
182	Dragee Klim with nuts 100g	Confectionery
183	Cookies Konti with chocolate in glaze 50g packaged	Confectionery
184	Konti Buratino Sugar Milk Cookies	Confectionery
185	Superkontik Chocolate Flavour Sandwich Cookie	Confectionery
186	Konti Day & Night Sandwich Cookies	Confectionery
187	Superkontik Vanilla Sandwich Cookie	Confectionery
188	Superkontik Condensed Milk Sandwich Cookie	Confectionery
189	Super Kontik with milk flavored cookies 76g	Confectionery
190	Konti Super Kontik with marshmallow and strawberry filling cookies 30g	Confectionery
191	Konti Super Kontik Peach-Passion Fruit Sandwich Cookies 152g	Confectionery
192	Superkontik Chocolate Glazed Nut Sandwich Cookie	Confectionery
193	Lekorna Bread Tartlet 70g	Confectionery
194	Lekorna with cocoa waffle cakes 90g	Confectionery
195	Lekorna Classic Wafer cake 90g	Confectionery
196	Lekorna Wafer Crusts	Confectionery
197	Lekorna Shortcake Dough Tenderness Tartlets	Confectionery
198	Lekorna Brizoli Wafer Cakes With Rye Flour And Italian Herbs 42pcs 50g	Confectionery
199	LaCrema Croissant with cherry filling 65g	Confectionery
200	LaCrema Croissant with chocolate filling 65g	Confectionery
201	LaCrema Croissant with Chocolate Flavor 210g	Confectionery
202	LaCrema Croissant with Chocolate Flavor 210g	Confectionery
203	LaCrema Croissant with strawberry filling 65g	Confectionery
204	Loacker Quadratini Chocolate wafers 125g	Confectionery
205	Loacker Quadratini Napolitaner with nuts filling wafers 125g	Confectionery
206	Loacker Quadratini Vanilla Wafers 125g	Confectionery
207	Loacker Quadratini Blueberry-Yoghurt wafers 110g	Confectionery
208	Milka Choco Wafer Waffles with cocoa filling in milk chocolate 6pcs 180g	Confectionery
209	Milka in chocolate glaze cookies 200g	Confectionery
210	Milka Mini Choco Bite 117g	Confectionery
211	Milka Mini Choco Brownie 117g	Confectionery
212	Milka Chocomax in milk chocolate waffles 31g	Confectionery
213	Milka with pieces milk chocolate cookies 156g	Confectionery
214	Milka with chocolate filling and pieces of milk chocolate biscuit cookies 35g	Confectionery
215	Milka in chocolate glaze cookies 40g	Confectionery
216	Milka biscuit and chocolate сookies 175g	Confectionery
217	Milka in chocolate glaze with oat flakes cookies 168g	Confectionery
218	Milka with milk chocolate wafer 6pcs*30g	Confectionery
219	Millennium Cookies Caramel 138g	Confectionery
220	Millennium Cookies Peanut butter 136g	Confectionery
221	Millennium Golden Nuts Almonds Dragee in Dark Chocolate 50g	Confectionery
222	Millennium Golden Nuts Milk Chocolate Hazelnuts 100g	Confectionery
223	Only Gingerbread with Milk Chocolate 500g	Confectionery
224	Only Gingerbread with Dark Chocolate 500g	Confectionery
225	Oreo Mini With Cocoa Filling And Vanilla Taste Cookies 100g	Confectionery
226	Oreo Original with cream cookies 38g	Confectionery
227	Oreo With Coconut Cookies 192g	Confectionery
228	Oreo Original with cream cookies 95g	Confectionery
229	Oreo Original with cream cookies 228g	Confectionery
230	Oreo Original with cocoa and cocoa filling cookies 192g	Confectionery
231	Oreo Original with cocoa and vanilla cookies 192g	Confectionery
232	Oreo Original with vanilla cookies 96g	Confectionery
233	Oreo Original with cacao cookies 96g	Confectionery
234	Oreo Original with cocoa and double filling with vanilla flavor cookies 170g	Confectionery
235	Oreo cheesecake and strawberries with cream cookies 154g	Confectionery
236	Riga Hlib Kumovsky Rusks with Onions 80g	Confectionery
237	Rusks Riga khlib with garlic 80g	Confectionery
238	Roshen Roll Golden key 180g	Confectionery
239	Roshen Roll Cherry henna 180g	Confectionery
240	Roshen Prague Roll 180g	Confectionery
241	Roshen Prague biscuit 300g	Confectionery
242	Roshen Sponge cake  Gold key condensed milk 6pcs 50g	Confectionery
243	Roshen Karolina With Apple And Cinnamon Cookies 168g	Confectionery
244	Roshen Karolina With Cherry And Vanilla Filling Cookies 168g	Confectionery
245	Roshen Karolina With Pear And Caramel Cookies 168g	Confectionery
246	Roshen vannila cookies 185g	Confectionery
247	Roshen Multi-Cake Cocoa Cookies	Confectionery
248	Roshen Multicake strawberries with cream cookies 195g	Confectionery
249	Roshen Esmeralda Cookies with Cocoa Glaze 150g	Confectionery
250	Roshen For Coffee With Melted Milk Aroma Cookies 185g	Confectionery
251	Roshen Roll Tiramisu 180g	Confectionery
252	Roshen Multi Cake Cookie raspberry and cream 195g	Confectionery
253	Roshen Multicake Duo cookies with ice cream flavor 180g	Confectionery
254	Roshen Multicake Duo Cookies cocoa-nut 180g	Confectionery
255	Roshen Multi-Cake Milk Cookies	Confectionery
256	Roshen Esmeralda with orange cookies 150g	Confectionery
257	Roshen Konafetto with milk waffle rolls 156g	Confectionery
258	Roshen Konafetto with filled nuts waffle rolls 156g	Confectionery
259	Roshen Esmeralda Choco cookies 170g	Confectionery
260	Roshen To coffee with melted milk cookies 370g	Confectionery
261	Roshen hazelnut waffles 72g	Confectionery
262	Roshen chocolate waffles 72g	Confectionery
263	Roshen milk waffles 72g	Confectionery
264	Roshen Esmeralda milk cookies 170g	Confectionery
265	Roshen Wafers with nut filling 216g	Confectionery
266	Roshen Cookies Esmeralda Hazelnuts 170g	Confectionery
267	Roshen Esmeralda with peanuts cookies 150g	Confectionery
268	Roshen Esmeralda Chocolate Drops Bisquits	Confectionery
269	Tarta  Cake Tube sweet Toffee 130g	Confectionery
270	Tarta Waffle Cake with Condensed Milk 180g	Confectionery
271	Torku Tam cookies wholegrain oatmeal 375g	Confectionery
272	Torku Favorimo dark cookies 61g	Confectionery
273	Torku Miniki cocoa cookies with orange jelly 94g	Confectionery
274	Torku Favorimo Cookies Banana Flavor 61g	Confectionery
275	Torku Tam cookies wholegrain oatmeal 125g	Confectionery
276	Torku Miniki cocoa cookies with strawberry jelly 94g	Confectionery
277	Torku Premio cookies with cocoa and milk cream 57g	Confectionery
278	Twix Top in milk chocolate with caramel cookies 21g	Confectionery
279	Cookies Belvita with chocolate 225g	Confectionery
280	Belvita Cookies with Honey and Nuts 225g	Confectionery
281	Belvita Cookies with Multi-grains 225g	Confectionery
282	M&M's Christmas Tree Dragee Set 106.5g	Confectionery
283	M&M's&Friends Parcel Medium Dragee Set 230.5g	Confectionery
284	M&m's in milk chocolate dragee 90g	Confectionery
285	M&m's with peanuts in milk chocolate dragee 90g	Confectionery
286	M&M's Сovered With Colored Crispy Glaze Dragee With Milk Chocolate 45g	Confectionery
287	M&M's Chocolate Dragees with Crispy Caramel 36g	Confectionery
288	M&M's Dragee Сovered With Colored Crispy Glaze With Peanuts And Milk Chocolate 45g	Confectionery
289	Yizh Nashe Corn Sticks with Fructose 60g	Confectionery
290	Barni Biscuits Assorti 3pcs 30g	Confectionery
291	Barni Banana-Yogurt Bisquit	Confectionery
292	Barni Bear With Milk Cake Biscuit	Confectionery
293	Barni Chocolate-Milk Filling Cake	Confectionery
294	Barni Bear With Milk Cake Biscuit	Confectionery
295	Barni Bear With Chocolate Cake Biscuit	Confectionery
296	Barni Banana-Yogurt Biscuit Cake	Confectionery
297	Barney Apricot sponge cake 150g	Confectionery
298	Barney Apricot sponge cake 30g	Confectionery
299	Barni with chocolate drops sponge cake 6pcs 180g	Confectionery
300	Barni Fun Sandwich Oreo Biscuit 180g	Confectionery
301	Galfim Bagels with Sprouted Wheat 200g	Confectionery
302	Galfim Germinated Wheat With Sesame Cracknels 200g	Confectionery
303	Galfim Germinated Wheat With Flax Cracknels 200g	Confectionery
304	Galfim With Melted Milk Aroma Cracknels 200g	Confectionery
305	Galfim Bagels with Vanilla Flavor 200g	Confectionery
306	Galfim Classic Cracknels 200g	Confectionery
307	Galfim Bagels with Poppy Seeds 200g	Confectionery
308	Galfim With Cocoa Cracknels 200g	Confectionery
309	Domashni Croutons with Onions 100g	Confectionery
310	Domashni produkty vanilla biscuits cakes for cake 400g	Confectionery
311	Domashni produkty Cakes biscuit with cocoa for cake 400g	Confectionery
312	Cakes Domashni produkty for a cake 400g	Confectionery
313	Cakes Domashni produkty for a cake 400g	Confectionery
314	Cakes Domashni produkty Napoleon for a cake 400g	Confectionery
315	Jaco Chocolate Cupcake 240g	Confectionery
316	Fruitcake Jaco with condensed milk 240g Ukraine	Confectionery
317	Zdravo for diabetics cookies 300g	Confectionery
318	Cracknel Zdravo Kroshka on fructose for diabetics 300g packaged	Confectionery
319	Cookies Zdravo Zoological protracted for diabetics 300g packaged	Confectionery
320	Rusks Zdravo on fructose 300g packaged	Confectionery
321	Cookies Zdravo Daylight oat on fructose 300g sachet	Confectionery
322	Golden Nut Chocolate Almonds with Coconut Dragee 100g	Confectionery
323	Golden Nut Dark Chocolate Almonds 100g	Confectionery
324	Golden Nut Assorty Dragee 100g	Confectionery
325	Golden Nut Hazelnut in Dark Chocolate Dragee 50g	Confectionery
326	Golden Nut Milk Chocolate Hazelnuts 50g	Confectionery
327	Kyivkhlib Kyyivsʹki mustard rusks 260g	Confectionery
328	Kyyivkhlib Drying with flax and sesame seeds 250g	Confectionery
329	Kievkhlib Gingerbread with Orange Filling 360g	Confectionery
330	Kyivkhlib with cherry filling pryaniki 360g	Confectionery
331	Kyivkhlib oat cookies 360g	Confectionery
332	Kyivkhlib Kyyivsʹki rusks 260g	Confectionery
333	Kyivkhlib Kyyivsʹki сracknel 420g	Confectionery
334	Kyivkhlib with sugar pretzels 260g	Confectionery
335	Kievkhlib Gingerbread Zaporizhzhya figured 420g	Confectionery
336	KyivHlib Snizhynka Cracknels 340g	Confectionery
337	Kyivkhlib with apricot filling pryaniki 360g	Confectionery
338	Kyivkhlib Kyyivsʹki chovniki cracknel 340g	Confectionery
339	Kyivkhlib Gingerbread Milk taste 420g	Confectionery
340	KyivHlib Oat-Sesame Cookies 360g	Confectionery
341	Kyivkhlib Malyutka cracknel 340g	Confectionery
342	KyivHlib With Poppy And Cherry Filling Roll 300g	Confectionery
343	KyivKhlib Pretzels With Cocoa 260g	Confectionery
344	Kyivkhlib Kií̈vs'kí with milk filling pryaniki 360g	Confectionery
345	Kyivkhlib sweet stick 100g	Confectionery
346	Kyivkhlib sweet stick 200g	Confectionery
347	Kyivhlib Fruktovy Sad Gingerbread with Raspberry Filling 360g	Confectionery
348	Kyivkhlib sweet stick 400g	Confectionery
349	Kyyivkhlib Gingerbread Rainbow 420g	Confectionery
350	Kyivkhlib with strawberries pryaniki 260g	Confectionery
351	Kievhlib Gingerbread with lemon stuffing 360g	Confectionery
352	Kyivkhlib with vanilla cracknel 340g	Confectionery
353	Kyiv Hlib Classic Rusks 260g	Confectionery
354	Cookies Korysna kondyterska melted milk shortbread for diabetics 130g	Confectionery
355	Cookies Korysna kondyterska corn with stevia shortbread 300g	Confectionery
356	Korysna Kondyterska In Chocolate Glaze Cookies	Confectionery
357	Korysna Kondyterska Buckwheat Oatmeal Cookies	Confectionery
358	Korysna Kondyterska With Almonds Cookies	Confectionery
359	Korisna Konditerska Shortbread Cookies with Baked Milk without Sugar 300g	Confectionery
360	Korisna Konditerska Shortbread Cookies with Chocolate 300g	Confectionery
361	Lukas Hrylʹyazhne cookies 500g	Confectionery
362	Cookies Lukas Martselyak 450g packaged	Confectionery
363	Lukas Djaga-djaga cookies 650g	Confectionery
364	Lucas Khrulik Cookies 500g	Confectionery
365	Lyubimov Almonds In Dark Chocolate Dragee	Confectionery
366	Lyubimov Almonds In Milk Chocolate Dragee	Confectionery
367	Dragee Lyubimov with almonds in white chocolate 100g packaged	Confectionery
368	Cake Polus waffle with hazelnuts in glaze 60g	Confectionery
369	Pole Choco-shocks Hazelnut Waffles 40g	Confectionery
370	Cake Polus waffle with condensed milk 60g	Confectionery
371	SVITOCH® Artek Classic wafers 80g	Confectionery
372	SVITOCH® Artek Chocolate wafers 80g	Confectionery
373	SVITOCH® Artek Plombir wafers with ice-cream taste 80g	Confectionery
374	SVITOCH® Artek Plombir wafers with ice-cream taste 250g	Confectionery
375	SVITOCH® Artek Classic wafer 250g	Confectionery
376	SVITOCH® Artek wafers with nut taste 80g	Confectionery
377	SVITOCH® Artek Cocoa and Milk taste wafers 80g	Confectionery
378	Cookies Slodych 125g	Confectionery
379	Slodych Znaika Funny Figures Cookie 150g	Confectionery
380	Cookies Slodych 180g	Confectionery
381	Cookies Slodych 180g	Confectionery
382	Cookies Soyuz konditer oat 400g	Confectionery
383	Khutorok Panski Rue With Lard And Mustard Toasts 100g	Confectionery
384	Rolls waffle with cream 2pcs 110g packaged	Confectionery
385	Cookies Gullon 165g	Confectionery
386	Cookies Gullon 500g	Confectionery
387	Cookies Gullon 200g	Confectionery
388	Cookies Shidni solodoshchi Sonnet fruit 300g	Confectionery
389	Cookies Gullon 200g	Confectionery
390	Cookies Gullon 500g	Confectionery
391	Gullon Cookies with Cinnamon 235g	Confectionery
392	Sonnet Cookies milk 300g	Confectionery
393	Sonnet Cookies chocolate 300g	Confectionery
394	Cookies Gullon 200g Italy	Confectionery
395	Grona Maria cookies 310g	Confectionery
396	Croissant	Confectionery
397	Croissant with condensed milk 85g	Confectionery
398	Croissant with chocolate 75g	Confectionery
399	Tuc With Cheese Salt Cracker	Confectionery
400	Tuc With Onion And Sour Cream Salt Cracker	Confectionery
401	Tuc With Paprica Salt Cracker	Confectionery
402	Tic tac Strawbery Mix Dragee 16g	Confectionery
403	Skittles Fruits Chewing Candies With Juice	Confectionery
404	Tuc Original Cracker 100g	Confectionery
405	Biscuit Chocolate Сrostata With Strawberry Shortbread 50g	Confectionery
406	Тіc Таc Coca Cola Dragee 49g	Confectionery
407	Tuc Mini With Cheese Taste Cracker 100g	Confectionery
408	Tuc Mini With Sour Cream And Onion Taste Cracker 100g	Confectionery
409	Cookies Lagoda Maria protracted 175g packaged	Confectionery
410	Biscuit Chocolate DIabetic On Fructose Cookies 400g	Confectionery
411	Biscuit-Chocolate Funny Fishes Cracker 180g	Confectionery
412	Biscuit-Chocolate Limonchik On Fructose Wafers 130g	Confectionery
413	Biscuit-Chocolate Senior Batonio Crackers 350g	Confectionery
414	Biscuit Chocolate Zoological Cookies 180g	Confectionery
415	Biscuit Chocolate Kofeiushka Cookie 250g	Confectionery
416	Biscuit Chocolate DIabetic Biscuits 200g	Confectionery
417	Biscuit-Chocolate With Cocoa On Fructose Wafers 130g	Confectionery
418	Cookies curd full-flavored 250g	Confectionery
419	Waffles Dia life Artek on fructose for diabetics 80g	Confectionery
420	Cookies oat with sesame 400g	Confectionery
421	Tuc with sausages salt cracker 100g	Confectionery
422	Cookies oat 400g	Confectionery
423	Cookies oat 400g	Confectionery
424	Ligos  Croissant with strawberry filling 65 g	Confectionery
425	Сroissant Ligos with condensed milk filling 65 g	Confectionery
426	Ligos with cherry croissant 210g	Confectionery
427	Croissant Ligos with chocolate filling 65 g	Confectionery
428	Ligos with chocolate croissant 210g	Confectionery
429	Ligos Сroissant with chocolate and nut filling 65 g	Confectionery
430	Ligos Croissant with condensed milk 210g	Confectionery
431	Ligos Croissant with cherry filling 65 g	Confectionery
432	Biskvit-Shokolad Crispy Double Milk Waffles 32g	Confectionery
433	Biscuit-Chocolate Crispy Chocolate Waffles 32g	Confectionery
434	Biscuit-Chocolate With Milk Wafer Rolls 77g	Confectionery
435	Biscuit-Chocolate With Cocoa Wafer Rolls 77g	Confectionery
436	Biscuit Chocolate Crispy Cake Chocolate Waffer Cake 195g	Confectionery
437	Biscuit Chocolate Crispy Cake With Milk Waffle Cake 195g	Confectionery
438	Cracker Biscuit-chocolate Solitaire 180g packaged Ukraine	Confectionery
439	Stick Mac dak corn 175g packaged	Confectionery
440	Stick Mac dak corn milk 175g packaged	Confectionery
441	Stick Mac dak corn milk 75g	Confectionery
442	Dragee peanuts peanuts 90g	Confectionery
443	Dragee peanuts in yogurt 90g	Confectionery
444	Tic-tac Fruit Mix Dragee 16g	Confectionery
445	Tic-Tac Berry Mix Dragee 16g	Confectionery
446	Tic Tac Mint Dragee 16g	Confectionery
447	Тіс Тас Orange Dragee 16g	Confectionery
448	Tic Tac Orange Dragee 49g	Confectionery
449	Tic Tac Coca Cola Dragee 16g	Confectionery
450	Old Gruzia Saperavi Red Dry Wine 13% 1.5l	Wine
451	Solo Corso red dry wine 11,5% 0,75l	Wine
452	Salentein el Portillo Malbec Red Dry Wine 14% 0.75l	Wine
453	Wine Terre passeri red dry 10.5% 750ml glass bottle Italy	Wine
454	46 Parallel El Capitan Pinot Gris White Dry Wine 10-14% 0.75l	Wine
455	46 Parallel El Capitan Pinot Meunier Pink Dry Wine 12.1% 0.75l	Wine
456	Villa Antinori Bianco Toscana IGT White Dry Wine 12% 0,75l	Wine
457	Villa Antinori Red Toscana IGT Red Dry Wine 13.5% 0.75l	Wine
458	Antinori Peppoli Chianti Classico Red Dry Wine 13% 0.75l	Wine
459	La Braccesca Nobile Di Montepulciano Red Dry Wine 13.5% 0.75l	Wine
460	Antinori Castello Della Sala Orvieto White Dry Wine 12.5% 0.75l	Wine
461	Antinori Villa Antinori Toscana White Dry Wine 12% 0.375l	Wine
462	Aznauri Wine Saperavi red dry 11% 0,75l	Wine
463	Wine Aznauri Pirosmani red semisweet 9-13% 750ml glass bottle Georgia	Wine
464	Aznauri Saperavi Red Dry Wine 11% 1.5l	Wine
465	Aznauri Rose Semi Sweet Wine 9-13% 1.5l	Wine
466	Aznauri Alazan Valley Red Semi Sweet Wine 9-13% 1.5l	Wine
467	Aznauri Savaneli White dry 0,75l	Wine
468	Aznauri Rose Semi-sweet Pink 0,75l	Wine
469	Aznauri Alazan Valley White Semi Sweet Wine 9-13% 1.5l	Wine
470	Aznauri Rkatsiteli white dry wine 14% 0,75l	Wine
471	Aznauri Wine Alazani Valley red semisweet 9-13% 0,75l	Wine
472	Aznauri Wine Alazani valley white semisweet 9-13% 0,75l	Wine
473	Aznauri Rkatsiteli-Chardonnay White Dry Wine 9.5-14% 0,75l	Wine
474	Aznauri Saperavi Premium Red Dry Wine 9.5-14% 0,75l	Wine
475	Apostrophe Bastardo Red Semi Sweet Wine 9-13% 0.75l	Wine
476	Apostrophe Muscat White Semi Sweet Wine 9-13% 0.75l	Wine
477	Apostrophe Cabernet Red Dry Wine 9.5-14% 0.75l	Wine
478	Apostrophe Chardonnay White Dry Wine 10-14% 0.75l	Wine
479	Apostrophe Ukrainian Cahor Red Dessert Wine 16% 0.75l	Wine
480	Apostrophe Rose Pink Semi Sweet Wine 9-13% 0.75l	Wine
481	Apostrophe Riesling White Semi Dry Wine 9-13% 0.75l	Wine
482	Avignonesi Vino Nobile di Montepulciano Wine red dry 14% 0,75l	Wine
483	Badagoni Alazan Valley Wine white semi-sweet 10% 0,75l	Wine
484	Badagoni Saperavi Wine red dry 13% 0,75l	Wine
485	Badagoni Alazan Valley Semi-Sweet Red Wine	Wine
486	Badagoni Tsinandali  Wine white dry 13%  0,75l	Wine
487	Badagoni Kindzmarauli semi-sweet red wine 10-12% 0,75l	Wine
488	Bolgrad Good Year Bastardo Red Semi Sweet Wine 13% 0.75l	Wine
489	Bolgrad Blanc Select Ordinary Table White Semi Sweet Wine 9-13% 0.75l	Wine
490	Bolgrad GY Costa Sur Red Semi Sweet Wine 11% 0.75l	Wine
491	Bolgrad Ukrainian Kagor red sweet dessert strong wine 16% 0,7l	Wine
492	Bolgrad Blan de Noirs Rose Semi Sweet Wine 13% 0.75l	Wine
493	Bolgrad Good Year Granato Rosso Ordinary Table Red Semi-Sweet Wine 9-13% 0,75l	Wine
494	Bolgrad Good Year Fresh Table Ordinary White Semi-Sweet Wine 9-13% 0,75l	Wine
495	Bolgrad Chateau de vin red semi-sweet wine 13% 0,75l	Wine
496	Bolgrad Muskat Select Ordinary Table Red Semi Sweet Wine 9-13% 0.75l	Wine
497	Bolgrad Good Year Fiore Rosso Grape Ordinary Table Red Semi-Sweet Wine 9-13% 0,75l	Wine
498	Bolgrad Chateau De Vin Grape Ordinary Table White Semi-Sweet Wine 9-13% 0,75l	Wine
499	Bolgrad Good Year Bianco Dolce Ordinary Table White Semi-Sweet Wine 9-13% 0,75l	Wine
500	Bolgrad Muscat Select Grape Ordinary Table Semi-Sweet White Wine 9-13% 0.75l	Wine
501	Bolgrad Chardonnay Dry White Wine 0.75l	Wine
502	Wine Bolgrad red dry 11% 750ml glass bottle	Wine
503	Borges Ruby Porto Red Sweet Porto 19% 0,75l	Wine
504	Borges Tawny Porto Red Sweet Porto 0,75l 19%	Wine
505	Borsao Garnacha Rose Dry Wine 13.5% 0.75l	Wine
506	Borsao Garnacha Red Dry Wine 13.5% 0.75l	Wine
507	Borsao White Dry Wine 12.5% 0.75l	Wine
508	Tres Picos Bodegas Borsao Red Dry Wine 14.5% 0.75l	Wine
509	Banrock Station Cabernet Sauvignon red dry wine 13,5% 0,75l	Wine
510	Banrock Station Chardonnay white dry wine 13% 0,75l	Wine
511	Barista Pinotage 2013 Red Dry Wine 13.5% 0.75l	Wine
512	Bodegas del Palacio Albarino de Fefinanes White Dry Wine 12.5% 0.75l	Wine
513	Boekenhoutskloof Sauvignon Blanc white dry wine 12,5% 0,75l	Wine
514	Boekenhoutskloof The Wolftrap White dry wine 14,5% 0,75l	Wine
515	Boekenhoutskloof Porcupine Ridge Syrah red dry wine 14,5% 0,75l	Wine
516	Bonacchi Ghianti Gentilesco Red Dry Wine 12.5% 0.75l	Wine
517	Bonacchi Chianti Riserva Red Dry Wine 13% 0.75l	Wine
518	Chianti Classico Bonacchi Wine red dry 13% 0.75l	Wine
519	Brancott Estate Dry Red Wine 10.5-15% 0.75L	Wine
520	Brancott Estate Dry White Wine 10.5-15% 0.75L	Wine
521	Broglia Gavi Dry White Wine 0.75l	Wine
522	Pere Anselme Cotes de Provence pink dry wine 12% 0.75l	Wine
523	Brotte La Griveliere Cotes Du Rhone Red Dry Wine 14% 0,75l	Wine
524	Brotte La Griveliere Cotes Du Rhone white dry wine  13% 0,75l	Wine
525	Brotte Barville Cotes du Rhone pink dry wine 13% 0.75l	Wine
526	Brotte Reserve de Laube white dry wine 13.5% 0.75l	Wine
527	Brotte Reserve de l'Aube  Merlot-Syrah pink dry wine 12.5% 0,75l	Wine
528	Pere Anselme Viognier Brotte Wine  14% 0.75l	Wine
529	Brotte Tavel Les Eglantiers pink dry wine 14% 0.75l	Wine
530	Canti Pinot Grigio Veneto Blanc white dry wine 12% 0,25l	Wine
531	Canti Merlot Terre Siciliane red dry wine 13% 0,25l	Wine
532	Canti Merlot Terre Siciliane Red Dry Wine 13% 0.75l	Wine
533	Canti Negroamaro Primitivo Puglia red dry wine 13,5% 0,75l	Wine
534	Canti Merlot Veneto Medium Red Semi Sweet Wine 11.5% 0.75l	Wine
535	Canti Catarratto Chardonnay Terre Siciliane white dry wine 12% 0,75l	Wine
536	Canti Pinot Grigio Veneto Blanc white dry wine 12% 0,75l	Wine
537	Canti Chardonnay Veneto Medium Sweet white semisweet wine 11,5% 0,75l	Wine
538	Canti Pinot Grigio Pavia White Dry Wine 11,5% 0,75l	Wine
539	Saint Tropez Carte Noire Rose Pink Dry Wine 13.5% 0.75l	Wine
540	Cesari Mara Wine 13% 0,75l	Wine
541	Bardolino Trevenezie Essere 2 Be Cesari Red Dry Wine 11.5% 0.75l	Wine
542	Cesari Recioto classico Wine 13% 0,5l	Wine
543	Wine Gerardo cesari red dry 13% 750ml Italy	Wine
544	Cesari Soave Essere White Dry Wine 11.5% 0.75l	Wine
545	Essere Cesari Soave White Dry Wine 11.5% 1.5l	Wine
546	Cesari 2 Be Essere Venezie Merlot Red Dry Wine 12% 0.75l	Wine
547	Cesari Pinot Grigio Delle Venezie White Dry Wine 12.5% 0.75l	Wine
548	Cesari 2 Be Essere Trevenezie Bianco White Dry Wine 12% 0.75l	Wine
549	Cesari Merlot delle Venezie Essere Red Dry Wine 12% 1.5l	Wine
550	Merlot Trevenezie IGT 2 BE Essere Wine  12% 0,25l	Wine
551	2 Be Essere Chardonnay Wine whote dry 12% 0,25l	Wine
552	Gemellae Wine white dry 12.5% 0,75l	Wine
553	Wine Casa santos lima red dry 13% 750ml Portugal	Wine
554	Wine Casa santos lima red dry 13.5% 750ml Portugal	Wine
555	Wine Casa santos lima red dry 13% 750ml Portugal	Wine
556	Wine Casa santos lima red dry 14% 750ml Portugal	Wine
557	Wine Casa santos lima red dry 14.5% 750ml Portugal	Wine
558	Wine Casa santos lima red dry 12% 750ml Portugal	Wine
559	Wine Casa santos lima white semidry 8.5% 750ml Portugal	Wine
560	Wine Casa santos lima pink dry 9.5% 750ml Portugal	Wine
561	Casa Santos Lima Wine red dry 13% 0.75l	Wine
562	Wine Casa santos lima red dry 14% 750ml Portugal	Wine
563	Casillero del Diablo Cabernet Sauvignon red dry wine 13,5% 0,75l	Wine
564	Casillero del Diablo Chardonnay white dry wine 13,5% 0,75l	Wine
565	Casillero del Diablo Wine Red Dry 13,5% 0,75l	Wine
566	Casillero del Diablo Sauvignon Blanc white dry 12,5% 0,75l	Wine
567	Casillero del Diablo Merlot red dry wine 13,5% 0,75l	Wine
568	Fornaci Wine white dry 12.5% 0.75l	Wine
569	Gavi Salluvii Wine white dry 12% 0,75l	Wine
570	Castillo San Simon Shiraz red dry wine 12.5% 0,75l	Wine
571	Castillo San Simon Jumilla Red Dry Wine 12.5% 0.75l	Wine
572	Castillo San Simon Garcia Garrion White Dry Wine 11% 0.75l	Wine
573	Castillo San Simon Chardonnay white dry wine 11.5% 0,75l	Wine
574	Wine malbec Catena alta red dry 14.5% 750ml glass bottle Mendoza Argentina	Wine
575	Chateau Dereszla Tokaji White Dry Wine 14% 0.75l	Wine
576	Chateau Galau Cotes de Bourg red dry wine 13.5% 0,75l	Wine
577	Chateau Hennebelle Haut-Medoc red dry wine 13% 0.75l	Wine
578	Chateau Tour Labatut 2012 Red Dry Wine 13,5% 0,75l	Wine
579	Chatelain Desjacques Rose dAnjou Semi Dry Pink 10,5% 0,75l	Wine
580	Chatelain Desjacques Anjou white dry wine 12.5% 0,75l	Wine
581	Chatelain Desjacques Cabernet d'Anjou pink semi-sweet wine 11% 0,75l	Wine
582	Chateau de Lamarque Red Dry Wine 13,5% 750ml	Wine
583	Cola de Cometa wine red dry 11% 0,75l	Wine
584	Cola de Cometa wine white dry 11% 0,75l	Wine
585	Cola de Cometa wine white semi-sweet 10,5% 0,75l	Wine
586	Cola de Cometa Tempranillo wine red dry 12% 0,75l	Wine
587	Cola de Cometa wine pink semi-sweet 10,5% 0,75l	Wine
588	Cola de Cometa Airen wine white dry 11% 0,75l	Wine
589	Cola de Cometa wine red semi-sweet 10,5% 0,75l	Wine
590	Coral Reef Shiraz Cabernet Savignon red dry wine 13.5% 0,75	Wine
591	Wine Cuerno del toro red dry 11.5% 750ml	Wine
592	D'Arenberg Stump Jump Shiraz 2008 Red Dry Wine 12.5% 0.75l	Wine
593	D'Arenberg Stump Jump Grenache 2008 Red Dry Wine 14% 0.75l	Wine
594	Chateau Dereszla Tokaji Szamorodni white sweet wine 12% 0.5l	Wine
595	Dereszla Tokaji Chateau Furmint Dry White Dry Wine 12.5% 0.75l	Wine
596	Dereszla Tokaji Furmint White Semi-Sweet Wine 13% 0.75l	Wine
597	Dereszla Tokaji Chateau Muskotaly White Semi Sweet Wine 11.5% 0.75l	Wine
598	Riesling Domane Wachau Federspiel Wine 12.5% 0,75l	Wine
599	Domane Wachau Gruner Terrassen White Dry Wine 12.5% 0.75l	Wine
600	Don Pascual Reserve red dry wine 13% 0,75l	Wine
601	Don Pascual Viognier Reserve white dry wine 13% 0,75l	Wine
602	Don Pascual Sauvignon Blanc white dry wine 12,5% 0,75l	Wine
603	Don Pascual Tannat red dry wine 12,5% 0,75l	Wine
604	Don Simon Tempranillo Red Dry Wine 12,5% 0,75l	Wine
605	Don Simon Tinto Dry Red Wine 11% 0,75l	Wine
606	Don Simon Cabernet Sauvignon Red Dry Wine 12,5% 0,75l	Wine
607	Doudet Naudin Beaujolais-Villages red dry wine 12.5% 0,75l	Wine
608	Dr. Loosen UP Dornfelder red semi-sweet wine 0,75l	Wine
609	Dr. Zenzen Weinkrone Riesling Wine white semi-dry 11,5% 0,75l	Wine
610	El Campo Merlot red dry wine 13% 0,75l	Wine
611	El Campo Chardonnay white dry wine 13% 0,75l	Wine
612	El Campo Sauvignon Blanc white dry wine 12.5% 0,75l	Wine
613	El Campo Cabernet Sauvignon red dry wine 12.5% 0,75l	Wine
614	Faro Di Mare Montepulciano d`abruzzo DOC red dry wine 12,5% 0,75l	Wine
615	Faro Di Mare Soave DOC white dry wine 12% 0,75l	Wine
616	Faro Di Mare Chianti DOCG red dry wine 12% 0,75l	Wine
617	Faro Di Mare Pinot Grigio Delle Venezie DOC white dry wine 12% 0,75l	Wine
618	Friends Wine Mukuzani Red Dry Wine 12.5% 0.75l	Wine
619	Friends' Wine Qvevris Tibanuri White Dry Wine 12.5% 0.75l	Wine
620	Friends' Wine Akhmetis Mtsvane White Dry Wine 12.5% 0.75l	Wine
621	Frontera Cabernet Sauvignon Wine red semi-dry 12,5% 0,75l	Wine
622	Frontera Sweet Red Red Sweet Wine 9.5% 0,75l	Wine
623	Frontera Late Harvest White Sweet Wine 12% 0,75l	Wine
624	Frontera Merlot red dry wine 12% 0,75l	Wine
625	Frontera Chardonnay Wine white semi-dry 13% 0,75l	Wine
626	Frontera Carmenere Red Dry Wine 12% 0.75l	Wine
627	Gocha`s Estate Manavi Wine 13% 0.75l	Wine
628	Gocha`s Estate Saperavi Wine 12% 0.75l	Wine
629	Wine Gran oristan red dry 13.5% 750ml Castilia la manchi Spain	Wine
630	Gamla Cabernet Sauvignon Red Dry Wine 14.5% 0.75l	Wine
631	Gatao Vinho Verde DOC Red Semi-dry Wine 12% 0,75l	Wine
632	Gourmet Pere & Fils Fruits de Mer Entre Deux Mers white dry wine 11.5% 0,75l	Wine
633	Gourmet Pere & Fils Entrecote Merlot Cabernet Syrah red dry wine 13.5% 0,75l	Wine
634	Gourmet Pere & Fils Camembert Syrah Marselar red semi-dry 13.5% 0,75l	Wine
635	Graffigna Dry Red Wine 10.5-15% 0.75L	Wine
636	Graffigna Dry Red Wine 10.5-15% 0.75L	Wine
637	Grao Vasco Dao Red Dry Wineк 12% 0.75l	Wine
638	Grao Vasco Dao White White Dry Wine 13.5% 0.75l	Wine
639	Heart of Africa Pinotage red dry wine 14% 0,75l	Wine
640	Heart of Africa Dry Red wine 14% 0,75l	Wine
641	Heart of Africa Cabernet Merlot red dry wine 14,5% 0,75l	Wine
642	H&H Madeira Finest Medium Dry Meio Seco Wine 19% 0.5l	Wine
643	Wine Henriques&henriques Madeira white sweet 19% 500ml Portugal	Wine
644	Wine Henriques&henriques Madeira white dry 19% 500ml Portugal	Wine
645	Mount Hermon Yarden White Dry Kosher Wine 13.5% 0.75l	Wine
646	Yarden Mount Hermon Red Red Dry Wine 14% 0.75l	Wine
647	Hunawihr Riesling white dry wine 13% 0,75l	Wine
648	Hunawihr Gewurztraminer Reserve white semi-dry wine 12.5% 0.75л	Wine
649	J.P.Chenet Rouge Medium Sweet White Sparkling Wine 12% 0,75l	Wine
650	J.P.Chenet Cabernet-Syrah Red Dry Wine 13% 0,75l	Wine
651	J.P.Chenet Merlot Red Dry Wine 13% 0,75l	Wine
652	J.P.Chenet Colombard-Sauvignon White Semi Dry Wine 11% 0,75l	Wine
653	J.P.Chenet Blanc Medium Sweet White Semi Sweet Wine 11,5% 0,75l	Wine
654	J.P. Chenet Demi Sec White Semi Dry Champagne 10,5% 0,75l	Wine
655	Jacob's Creek Dry Red Wine 10.5-15% 0.75L	Wine
656	Jacob's Creek Semi-Dry White Wine 10.5-15% 0.75L	Wine
657	Jacob's Creek Dry Red Wine 10.5-15% 0.75L	Wine
658	Jacob's Creek Dry White Wine 10.5-15% 0.75L	Wine
659	Jaume Serra Chardonnay White Dry Wine 12.5% 0.75l	Wine
660	Koblevo Muscat Wine semi-sweet white 9-12% 1l	Wine
661	Koblevo Chardonnay White Dry Wine 9.5-14% 1.5l	Wine
662	Koblevo Cabernet Red Dry Wine 9-14% 1.5l	Wine
663	Koblevo Chardonnay Wine white dry 9,5-14% 0,75l	Wine
664	Koblevo Cabernet Wine red dry 9,5-14% 0,75l	Wine
665	Koblevo Merlot Reserve Red Wine	Wine
666	Koblevo Traminer Reserve Wine Dry White Wine 13% 0,75l	Wine
667	Koblevo Cabernet Reserve Red Wine	Wine
668	Koblevo Isabella Red Dessert Wine 16% 0,75l	Wine
669	Koblevo Muscat White Semi-Sweet Wine	Wine
670	Koblevo Muscat Pink Semi-Sweet Wine	Wine
671	Koblevo Riviera Select red semi-sweet wine 9.5-13% 0,75l	Wine
672	Koblevo Sauvignon white dry wine 13% 0,75l	Wine
673	Koblevo Bordo Bastardo Red Semi-Sweet Wine	Wine
674	Koblevo Select Cahor Ukrainian Red Dessert Sweet Strong Wine 16% 0.75l	Wine
675	Koblevo Select Cabernet Red Dry Wine	Wine
676	Koblevo Kagor Red Dessert Wine 16% 0.75l	Wine
677	Koblevo Cleopatra White Strong Wine 17% 0,75l	Wine
678	Koblevo Select Chardonnay White Dry Wine 13% 0,75l	Wine
679	Koblevo Bakkara red strong wine 17.5% 0,75l	Wine
680	Koblevo Chateau D'arsi White Semi-sweet Wine 0,75l	Wine
681	Koblevo Chateau Laroche Red Semi-sweet Wine 0,75l	Wine
682	Koblevo Chateau D`Arcy white semi-sweet wine 1,5l	Wine
683	Koblevo Chateau Laroche red semi-sweet wine 1,5l	Wine
684	Kanonkop Kadette Cape Blend red dry wine 14% 0,75l	Wine
685	Kanonkop Kadette Pinotage red dry wine 14% 0,75l	Wine
686	Kanonkop Kadette Pinotage Rose Dry Wine 14% 0.75l	Wine
687	La Rioja Alta Vina Alberdi Reserva Red Dry Wine 13.5% 0.75l	Wine
688	Latinium Gewurztraminer White Wine 11% 0,75l	Wine
689	Latinium Liebfraumilch Wine white semi-sweet 9,5% 0,75l	Wine
690	Latinium Riesling white semisweet wine 0.75l	Wine
691	D.O.Valle De Leyda Red Dry Wine 13.5% 0.75l	Wine
692	Leyda Reserva Syrah 2015 Red Dry Wine 13.5% 0.75l	Wine
693	Lo Zoccolaio Barbera d'Alba Red Dry Wine 14,5% 0,75l	Wine
694	M.Chapoutier Luberon La Ciboise Rouge Red Dry Wine 13.5% 0.75l	Wine
695	M.Chapoutier Luberon La Ciboise Blanc White Dry Wine 13% 0.75l	Wine
696	M.Chapoutier Tavel Beaurevoir Rose Dry Wine 14% 0.75l	Wine
697	M.Chapoutier Cotes du Rhone Belleruche White Dry Wine 13.5% 0.75l	Wine
698	Cotes du Rhone Belleruche Red Dry Wine 14.5% 0.75l	Wine
699	Meomari Ilori White Semi-sweet Wine 11,5% 1.5l	Wine
700	Meomari Ilori Red Dry Wine 11.5% 1.5l	Wine
701	Meomari Ilori White Dry Wine 11.5% 1.5l	Wine
702	Meomari Ilori Red Semi Sweet Wine 11.5% 1.5l	Wine
703	Ilori Meomari red semi-sweet wine 12% 0,75l	Wine
704	Ilori ММ Ilori Wine white semi-sweet 12% 0,75l	Wine
705	Ilori Meomari Wine white dry 12,5% 0,75l	Wine
706	Ilori Meomari red dry wine 12,5% 0,75l	Wine
707	Spy Valley Pinot Noir Wine red dry  14% 0,75l	Wine
708	Marlborough Sun Sauvignon Blanc White Dry Wine 13% 0.75l	Wine
709	Saint Clair Marlborough Sun Chardonnay White Dry Wine 13% 0.75l	Wine
710	Marlborough Sun Sauvignon Blanc White Dry Wine 13% 0,375l	Wine
711	Marlborough Sun Sauvignon Pink Dry Wine 12,5% 0,375l	Wine
712	Montes Sauvignon Blanc White Dry Wine 13.5% 0.75l	Wine
713	Montes Reserva Malbec Red Dry Wine 14% 0.75l	Wine
714	Montes Cabernet Sauvignon Carmenere red dry wine 13,5% 0,75l	Wine
715	Montes Reserva Chardonnay White Dry Wine 13.5% 0.75l	Wine
716	Montes Pinot Noir Limited Selection Red Dry Wine 13% 0.75l	Wine
717	Montes Alpha Cabernet Sauvignon red dry wine 13,5% 1,5l	Wine
718	Montes Alpha Chardonnay White Dry Wine 13.5% 0.75l	Wine
719	Montes Cherub rose dry wine 13% 0,75l	Wine
720	Montes Purple Angel red dry wine 15% 0,75l	Wine
721	Old Gruzia Alazan Valley White Semi-Sweet Wine 12% 1.5l	Wine
722	Old Gruzia Alazan Valley Red Semi-Sweet Wine 12% 1.5l	Wine
723	Old Gruzia Rkatsiteli White Dry Wine 13% 1.5l	Wine
724	Teliani Valley Old Gruzia Alazan Valley Red Semi-Sweet Wine 12% 0.75l	Wine
725	Teliani Valley Old Gruzia Alazan Valley White Semi-Sweet Wine 12% 0.75l	Wine
726	Wine Pava with strawberries pink semisweet 9-13% 750ml Ukraine	Wine
727	Pava Playful Strawberry Red Semi-Sweet Sparkling Wine 9-13% 0,75l	Wine
728	Picnic Tamianka Wine white semi-sweet 9-12% 1l	Wine
729	Picnic Kadarka chornomorska Wine red semi-sweet 12% 1l	Wine
730	Picnic Sauvignon White Dry Wine to Poultry 9.5-13% 1l	Wine
731	Picnic Cabernet Dry Red Wine	Wine
732	Le Nature Pelissero Rosso  Wine red dry 13%  0,75l	Wine
733	Pelissero Barbaresco Nubiola red dry wine 14% 0,75l	Wine
734	Pelissero Langhe Nebbiolo Red Dry Wine 14% 0.75l	Wine
735	Pere Anselme Reserve de l'Aube Syrah-Merlot red dry wine 13% 0,75l	Wine
736	Pete`s Pure Rosso Wine red dry 13% 0,75l	Wine
737	Pete`s Pure Pinot Grigio Wine white dry 12% 0.75l	Wine
738	Pete`s Pure Pinot Noir Wentworth Wine red dry 13.5% 0,75l	Wine
739	Planeta Cometa white dry wine 14% 0,75l	Wine
740	Planeta Plumbago red dry wine 13,5% 0,75l	Wine
741	Planeta Rose red dry wine сухое 12,5% 0,75l	Wine
742	Planeta La Segreta White Dry Wine 12.5% 0.75l	Wine
743	Purcari Premium Cabernet-Sauvignon Dry Red Wine	Wine
744	Purcari Merlot de Purcari Red Dry Wine 13% 0.75l	Wine
745	Purcari Chardonnay Wine  white dry 13,5% 0,75l	Wine
746	Wine pinot noir Purcari red dry 13% 750ml glass bottle Moldova	Wine
747	Purcari Freedom Blend Dry Red Wine	Wine
748	Purcari Sauvignon white dry wine 11,5% 0,75l	Wine
749	Purcari Wine rose dry 13.5% 0,75l	Wine
750	Purcari Pinot Grigo Dry White Wine	Wine
751	Purcari Negru De Purcari red dry wine 13.5% 0,75l	Wine
752	Rosu de Purcari Red Dry Wine 12.5% 0.75l	Wine
753	Purcari Alb de Purcari White Dry Wone 14% 0.75l	Wine
754	Barolo Marcenasco Renato Ratti red dry wine 13,5% 0,75l	Wine
755	Renesso Vino Rosso red dry wine 11% 0,75l	Wine
756	Renesso Vino Rosso Semisweet red wine 10,5% 0,75l	Wine
757	Renesso Vino Bianco Semisweet white wine 10,5% 0,75l	Wine
758	Renesso Vino Bianco white dry wine 11% 0,75l	Wine
759	Ruffino La Solatia Pinot Grigio 2010 White Dry Wine 13.5% 0.75l	Wine
760	Ruffino Chianti Riserva red dry wine 12,5% 0,75l	Wine
761	Ruffino Chianti Classico Red Dry Wine 13% 0.75l	Wine
762	Ruffino Rosatello Pink Dry Wine 11.5% 0.75l	Wine
763	Ruffino Chianti Superiore Red Dry Wine 13% 0.75l	Wine
764	Ruffino Rosatello Pink Dry Wine 12% 0.375l	Wine
765	Ruffino Orvieto Classico White Dry Wine 12% 0.375l	Wine
766	Ruffino Aqua di Venus Pink Dry Wine 13% 0.75l	Wine
767	Solo Corso white dry wine 11,5% 0,75l	Wine
768	Solo Corso white semi-sweet wine 11,5% 0,75l	Wine
769	Solo Corso red semi-sweet 11,5% 0,75l	Wine
770	Solo Corso wine red semi-sweet 11,5% 1,5l	Wine
771	Solo Corso wine white semi-sweet 11,5% 1,5l	Wine
772	Solo Corso wine red dry 11% 1,5l	Wine
773	Solo Corso wine white dry 10,5% 1,5l	Wine
774	Marlborough Sun Riesling White Dry Wine 11% 0.75l	Wine
775	Saint Clair Estate Wines White Dry Wine 13,5% 0,75l	Wine
776	Saint Clair Vicar's Choice Sauvignon White Dry Wine 13% 0.75l	Wine
777	Saint Clair Pioneer Block Sauvignon Blanc White Dry Wine 13.5% 0.75l	Wine
778	Marlborough Sun Sauvignon Rose Dry Wine 12.5% 0.75l	Wine
779	Osado Malbec Wine  9-13%  0.75l	Wine
780	Salentein Merlot red dry wine 13.5% 0,75l	Wine
781	Salentein Portillo Chardonnay White Dry Wine 13% 0.75l	Wine
782	Osado White Malbec Wine 9-13% 0.75l	Wine
783	Salentein Chardonnay White Dry Wine 13% 0.75l	Wine
784	Salentein Shiraz Malbec Red Dry Wine 14% 0.75l	Wine
785	Salentein el Portillo Sauvignon Blanc White Dry Wine 13.5% 0.75l	Wine
786	Salentein Portillo Pink Dry Wine 13% 0.75l	Wine
787	Salentein Reserve Malbec Red Dry Wine 13.5% 0.75l	Wine
788	Salvalai Pinot Noir del Venezie IGT Red Dry Wine 12.5% 0.75l	Wine
789	Salvalai Valpolicella Red Dry Wine 12.5% 0.75l	Wine
790	Sandeman Ruby Porto Port Red Fortified Wine 0.75l	Wine
791	Sandeman Wine 10yo 20% 0.75l	Wine
792	Sandeman Jerez Fino White Strong Wine 15% 0.75l	Wine
793	Sandeman Jerez Medium Dry White Wine 15% 0.75l	Wine
794	Wine Sandeman red strong 20% 20yrs 750ml Portugal	Wine
795	Sandeman Jerez Rich Golden White Wine 15% 0.75l	Wine
796	Casa Sant`Orsola Merlot Wine red dry 11.5% 0,75l	Wine
797	Casa Sant’Orsola Pinot Grigio White Dry Wine 11% 0.75l	Wine
798	Casa Sant'Orsola Soave White Dry Wine 11% 0.75l	Wine
799	Casa Sant'Orsola Rosso Red Semi Sweet Wine 11% 0.75l	Wine
800	Casa Sant'Orsola Rosso Red Dry Wine 11% 0.75l	Wine
801	Casa Sant'Orsola Chianti Red Dry Wine 12% 0.75l	Wine
802	Casa Sant'Orsola Bianco White Dry Wine 11% 0.75l	Wine
803	Casa Sant'Orsola Bianco White Semi Sweet Wine 11% 0.75l	Wine
804	Sant'Orsola Nero d'Avola Red Dry Wine 13% 0,75l	Wine
805	Sizarini Bardolino DOC red dry wine 11,5% 0,75l	Wine
806	Sizarini Soave DOC white dry wine 11,5% 0,75l	Wine
807	Sizarini Chardonnay Veneto IGT white dry wine 11,5% 0,75l	Wine
808	Sizarini Pinot Grigio Veneto IGT white dry wine 11,5% 0,75l	Wine
809	Sizarini Valpolicella DOC Red Dry Wine 12% 0,75l	Wine
810	Sizarini Sangiovese Rubicone IGT red dry wine 11.5% 0,75l	Wine
811	Sizarini Chianti DOCG red dry wine 12% 0,75l	Wine
812	Sizarini Cabernet Sauvignon Veneto IGT red dry wine 11,5% 0,75l	Wine
813	Sogrape Vinhos Mateus Rose Semi-Sweet Wine 10.5% 0.75l	Wine
814	Sogrape Vinhos Mateus Aragognes Rose Semi-Sweet Wine 10.5% 0.75l	Wine
815	Wine Sogrape vinhos white dry 13% 750ml Portugal	Wine
816	Wine Sogrape vinhos white dry 11.5% 750ml Portugal	Wine
817	Wine rose Zinfandel Sun Gate 10% 0.75l	Wine
818	Taylor`s Select Reserve Port Wine 20% 0,75l	Wine
819	Teliani Valley Tbilisuri White semi-Dry Wine 12% 0,75l	Wine
820	Teliani Valley Kindmarauli Red Semi-Sweet Wine 12.5% 0.75l	Wine
821	Teliani Valley Alazani Valley White Semisweet Wine 12% 0.75l	Wine
822	Teliani Valley Alazan Valley Red Semi-Sweet Wine 12% 0.75l	Wine
823	Teliani Valley Tsinandali White Dry Wine 13% 0.75l	Wine
824	Teliani Valley Ahasheni Red Semi-Sweet Wine 12.5% 0.75л	Wine
825	Teliani Valley Mukuzani Red Dry Wine 13% 0.75l	Wine
826	Teliani Valley Pirosmani Red Semi-Sweet Wine 12% 0.75l	Wine
827	Teliani Valley Saperavi Red Dry Wine 13% 0.75l	Wine
828	Wine Terre passeri Bardolinno red dry 12% 750ml Italy	Wine
829	Wine Terre passeri red dry 13% 750ml glass bottle Italy	Wine
830	Terre Passeri Inzolia wine white dry 12% 0,75l	Wine
831	Pirovano Terre Passeri Montepulciano d'Abruzzo Red Dry Wine 12,5% 0,75l	Wine
832	Wine Terre passeri red dry 11.5% 750ml glass bottle Italy	Wine
833	Terre Passer Terre Bianca Pirovano white semi-sweet wine 10.5% 0.75l	Wine
834	Terre Passeri Garganega Pinot Grigio wine white dry 11,5% 0,75l	Wine
835	Terre Passeri Terre Rossa Pirovano red semi-sweet wine 10.5% 0.75l	Wine
836	Terre Passeri Trebbiano wine white dry 11% 0,75l	Wine
837	The Grinder Shiraz red dry wine 14% 0,75l	Wine
838	The Grinder Blue Moose red dry wine 14% 0,75l	Wine
839	The Grinder Chenin Blanc White Dry Wine Set 13% 0,75l 2pcs	Wine
840	The Grinder Pinotage Red Dry Wine Set 14% 0,75l 2pcs	Wine
841	The Grinder Pinotage red dry wine 14% 0,75l	Wine
842	The Grinder Chenin Blanc white dry wine 13% 0,75l	Wine
843	The Grinder Rose dry wine 12,7% 0,75l	Wine
844	Shiraz Third Generation Dry Red Wine 11-13% 750ml	Wine
845	Thunevin Baby Bad Boy 2016 Red Dry Wine 14% 0,75l	Wine
846	Dereszla Tokaji Aszu 5 Puttonyos White Sweet Wine 12% 0.5l	Wine
847	Vardiani Tbilisuri White Semi-Dry Wine 9-14% 0,75l	Wine
848	Vardiani Saperavi Red Dry Wine	Wine
849	Vardiani Alazani Valley White Semi-Sweet White Wine 9-13% 0,75l	Wine
850	Vardiani Alazan Valley Red Semi-Sweet Wine 9-13% 0,75l	Wine
851	Wine Vardiani Alazani valley red semisweet 9.5-14% 1500ml Ukraine	Wine
852	Wine Vardiani red dry 9.5-14% 1500ml Ukraine	Wine
853	Vardiani Rkatsiteli White Dry Wine 9.5-14% 1.5l	Wine
854	Vardiani Alazani Valley white semi-sweet wine 9-13% 1,5l	Wine
855	Villa Krim Muscat Riviera Wine rose semi-sweet 9-13% 0,75l	Wine
856	Villa Krim Muscat Berbarro red semi-sweet wine 9-13% 0,75l	Wine
857	Villa Krim Chateau Baron Wine semi-sweet white 9-13% 0,75l	Wine
858	Golden St. Crimea Shevalie Rough Villa Krim Semi-Sweet Red Wine	Wine
859	Villa Krim Muscat Marbel Wine red dry 9,5-13% 0,75l	Wine
860	Villa Krim Muscat Marbel Wine white dry 9,5-13% 0,75l	Wine
861	Bostavan Dor Saperavi red dry wine 13% 0.75l	Wine
862	Bostavan Pastoral Red Strong Dessert Wine 16% 0.75l	Wine
863	Bostavan Rara Neagra Cabernet Sauvignon red dry wine 13% 0,75l	Wine
864	Bostavan DOR Merlot-Saperavi pink dry wine 13% 0,75l	Wine
865	Bostavan Chardonnay white semi-sweet wine 11.5% 0,75l	Wine
866	Bostavan Bastardo red semi-sweet wine 12,5% 0,75l	Wine
867	Bostavan Traminer Chardonnay white dry wine 13% 0,75l	Wine
868	Bostavan Cabernet Sauvignon red semi-sweet wine 12.5% 0,75l	Wine
869	Bostavan Cabernet Sauvignon red dry wine 12% 0,75l	Wine
870	Bostavan Muscat white semi-sweet wine 11,5% 0,75l	Wine
871	Bostavan Chardonnay white dry wine 13,5% 0,75l	Wine
872	Bostavan Viorica White Dry Wine 13% 0,75l	Wine
873	Cantina di Verona Terre di Verona Soave DOC white dry wine 12% 0,75l	Wine
874	Villa Wolf Gewurztaminer white semi-sweet wine 12% 0.75l	Wine
875	Villa Wolf Riesling Wine semi-sweet 11% 0.75l	Wine
876	Villa Wolf Pinot Noir Wine red dry 12% 0,75l	Wine
877	Weinert Carrascal Malbec Red Dry Wine 14% 0.75l	Wine
878	Weinert Malbec red dry wine 14% 0,75l	Wine
879	Weinert Cabernet Sauvignon Wine red dry 14% 0,75l	Wine
880	Winemaker Merlot Red Dry Wine 13% 0,75l	Wine
881	Winemaker Chardonnay White Dry Wine 12,5% 0,75l	Wine
882	Winemaker Sauvinion-Blanc Chardonnay Semi-Sweet White Wine	Wine
883	Winemaker Cabernet Sauvinion Merlot Semi-Sweet Red Wine	Wine
884	Winiveria Kindzmarauli Red Semi Sweet Wine 12.5% 0.75l	Wine
885	Winiveria Tsinandali White Dry Wine 12.5% 0.75l	Wine
886	Winiveria Mukuzani Red Dry Wine 12.5% 0.75l	Wine
887	Zonin Chianti red dry wine 12% 0.75l	Wine
888	Zonin Bardolino Wine Red Dry 750ml	Wine
889	Zonin Ventiterre Chardonnay white dry wine 12% 0.75l	Wine
890	Wine pinot grigio Zonin white semidry 12% 750ml glass bottle Italy	Wine
891	Zenato Ripassa Valpolicella Ripasso Wine red dry 14% 0,75l	Wine
892	Lugana San Benedetto White Dry Wine 13% 0.75l	Wine
893	Zeni Bardolino Superiore Wine red dry  13.5% 0,75l	Wine
894	Zeni Marogne Lugana White Dry Wine 13% 0.75l	Wine
895	Zeni Bardolino Classico Vignealte Wine red dry 12,5% 0,75l	Wine
896	Zeni Valpolicella Wine red dry 12,5% 0,75l	Wine
897	Zeni Amarone della Valpolicella Classico Red Dry Wine 12.5% 0.75l	Wine
898	Zeni Bardolino Chiaretto Pink Dry Wine 12.5% 0.75l	Wine
899	Zeni Bardolino Wine red dry 12% 0,75l	Wine
900	Zeni Valpolicella Ripasso Red Dry Wine 14% 0.75l	Wine
901	Zeni Soave Wine white dry 12% 0,75l	Wine
902	Zeni Costalago Rosso Veronese Red Dry Wine 14% 0.75l	Wine
903	Zeni Valpolicella Vignealte Wine red dry 13% 0,75l	Wine
904	Zeni Vignealte Bardolino Chiaretto Classico Wine 12.5% 0,75л	Wine
905	Baron de Arignac Colombard white dry wine 11,5% 0,75l	Wine
906	Baron d`Arignac Merlot red semi-sweet wine 12% 0,75l	Wine
907	Baron d`Arignac Chardonnay white semi-dry wine 13% 0,75l	Wine
908	Baron dArignac Cabernet Sauvignon red dry wine 12% 0.75l	Wine
909	Baron d`Arignac Tendre Et Delicat Semisweet White Wine 10,5% 750ml	Wine
910	Baron d`Arignac Rouge Fruite Et Soyeux Semisweet Red Wine 11% 750ml	Wine
911	Baron d`Arignac red semi-dry wine 12% 0,75l	Wine
912	d`Arignac Blanc de Blancs white dry wine 11% 750ml	Wine
913	Baron d`Arignac Rose pink dry wine 10,5% 0,75л	Wine
914	Callia Alta Rose Dry Wine 14% 0.75l	Wine
915	Callia Alta Chardonnay-Torrontes White Dry Wine 12% 0.75l	Wine
916	Esperado by Callia Viognier Torrontes White Dry Wine 13% 0.75l	Wine
917	Callia Alta Shiraz Wine red dry 14% 0.75l	Wine
918	Salentein Dulce White Semi Sweet Wine 10.5% 0.75l	Wine
919	Callia Alta Chardonnay White Dry Wine 13.5% 0.75l	Wine
920	Callia Salentein Alta Shiraz Bonarda red dry wine 13% 0,75l	Wine
921	Callia Malbec Red Dry Wine 13.5% 0.75l	Wine
922	Callia Salentein Torrontes Alta white dry wine 13% 0,75l	Wine
923	Callia Pinot Grigio White Dry Wine 13.5% 0.75l	Wine
924	Calvet Bordeaux Merlot Cabernet Sauvignon red dry wine 12,5% 750ml	Wine
925	Calvet Cotes du Rhone Reserve red dry wine 13% 0.75л	Wine
926	Calvet Varietals Cabernet Sauvignon Red Dry Wine 13% 0,75l	Wine
927	Wine Calvet pink dry 10.5% 2009year 750ml glass bottle France	Wine
928	Calvet Varietals Chardonnay White Dry Wine 12% 0,75l	Wine
929	Calvet Bordeaux Rezerve Sauvignon Blanc white dry wine 11,5% 0,75l	Wine
930	Calvet Varietals Sauvignon White Dry Wine 12% 0,75l	Wine
931	Calvet Varietals Merlot Red Dry Wine 13% 0,75l	Wine
932	Calvet Bordeaux Conversation Moelleux Medium Sweet white semisweet wine 11% 750ml	Wine
933	Calvet Bourgogne Chardonnay White Dry Wine 12% 0.75l	Wine
934	Calvet Carte D`Or White Semi-Sweet Wine 10.5% 0.75l	Wine
935	Calvet Bordeaux Semillon-Sauvignon white dry wine 12% 750ml	Wine
936	Calvet Reserve du Ciron Sauternes white sweet wine 12.5% 0.75l	Wine
937	Calvet Carte Rouge red dry wine 11,5% 750ml	Wine
938	Calvet Reserve de Lestey Medoc red dry wine 13.5% 0.75l	Wine
939	Calvet Margaux red dry wine 13.5% 0.75l	Wine
940	Zorya Kakhetiyi Alazani Valley White Semi-Sweet Wine 11-12.5% ​​0,75l	Wine
941	Zarya Kakhety Alazani Valley red semi-sweet wine 10.5-12.5% ​​0,75l	Wine
942	Zarya Kakhety Saperavi red dry wine 11.5-13% 0.75l	Wine
943	Zarya Kakhety Kindzmarauli red semi-sweet wine 11.5-12.5% 0,75l	Wine
944	Villa Krim Muscat Marbel Wine semi-sweet 9-13% 0,75l	Wine
945	Villa Krim Cabernet red dry wine 13% 0,75l	Wine
946	Villa Krim Saperavi Red Dry Wine 0,75	Wine
947	Mikado Red Plum Wine	Wine
948	Mikado White Plum Wine	Wine
949	Port Vin 777 Wine red  13% 1l	Wine
950	Port Vin 777 Wine white  13% 1l	Wine
951	Shabo Classic Chardonnay white dry wine 13% 0,75l	Wine
952	Shabo Shabskiy pohrib red semi-sweet wine 13% 0,75l	Wine
953	Shabo Shabskiy pohrib white semi-sweet wine 9-13% 0,75l	Wine
954	Shabo Classic Cabernet red dry wine 13% 0,75l	Wine
955	Nugan Estate Drover`s Hut Chardonnay dry white wine 13.5%  0,75l	Wine
956	Satellite Sauvignon Blanc White Dry Wine 13% 0.75l	Wine
957	Robert Mondavi Twin Oaks Cabernet Sauvignon Red Dry Wine 13.5% 0.75l	Wine
958	Tarapaca Chardonnay Gran Reserva White Dry Wine 12% 0.75l	Wine
959	Kaiken Cabernet Sauvignon Wine red dry 14% 0.75l	Wine
960	Leyda Reserva Sauvignon Blanc white dry wine 13% 0,75l	Wine
961	Santa Cecilia Taracaca White Semi Sweet Wine 10.5% 0.75l	Wine
962	Domaine Virginie Thunevin Wine red dry 12.5% 0,75l	Wine
963	Catena Malbec Red Dry Wine 13.5% 0.75l	Wine
964	Tarapaca Carmenere Gran Reserva Red Dry Wine 14.5% 0.75l	Wine
965	Doudet Naudin Chablis White Dry Wine 13% 0.75l	Wine
966	Henri Bourgeois Petit Bourgeois Sauvignon Blanc Wine white dry  12.5% 0,75l	Wine
967	The Stump Jump Lightly Wooded Chardonnay Wine white dry 13.5% 0,75l	Wine
968	Leon de Tarapaca Carmenere Re Dry Wine 13.5% 0.75l	Wine
969	TaraPaca Syrah Gran Reserva red dry wine 14% 0.75l	Wine
970	Doudet Naudin Pinot-Noir red dry wine 12% 0.75l	Wine
971	Santa Cecilia Taracaca Wine semi-sweet red  10.5% 0.75l	Wine
972	Capitor Cuvee Speciale Bordeaux red dry wine 13.5% 0,75l	Wine
973	Trimbach Gewurztraminer white dry wine 13% 0,75l	Wine
974	Leon de Tarapaca Cabernet Sauvignon Red Dry Wine 13.5% 0.75l	Wine
975	Destinea Sauvignon Blanc Wine white dry 12% 0,75l	Wine
976	Leon de Tarapaca Chardonnay White Dry Wine 13% 0.75l	Wine
977	Spy Valley Sauvignon Blanc White Dry Wine 13.5% 0.75l	Wine
978	Louis Jadot Beaujolais-Villages red dry wine 12.5% 0.75l	Wine
979	Spier Pinotage Wine 14.5% 0,75l	Wine
980	Robert Mondavi Cabernet Sauvignon Wine red dry 13,5% 0,75l	Wine
981	Leon de Tarapaca Sauvignon Blanc White Dry Wine 13% 0.75l	Wine
982	Doudet Naudin Chardonnay white dry wine 12.5% 0,75l	Wine
983	Savanha Chenin Blanc Wine white dry 13% 0,75l	Wine
984	Nugan Estate Cabernet Scruffy`s Shiraz  Wine red dry 14%\n 0,75l	Wine
985	Don Pascual Chardonnay White Dry Wine 12.5% 0.75l	Wine
986	TaraPaca Gran Reserva Sauvignon Blanc Wine white dry 13% 0.75l	Wine
987	Satellite Pinot Noir Red Dry Wine 13.5% 0.75l	Wine
988	Vin D`Alsace Gewurztraminer Medaille dry white wine 13,5%  0,75l	Wine
989	Vignerons du Pallet Muscadet Serve et Maine Dry White Wine 11,5% 0,75l	Wine
990	Montes Reserva Merlot Wine red dry  14% 0.75l	Wine
991	Kaiken Malbec Wine red dry 13.5% 0.75l	Wine
992	Esperado by Callia Shiraz Malbec Red Semisweet Wine 0.75l	Wine
993	Calandray Reserve Wine red dry 15% 0,75l	Wine
994	Doudet-Naudin Pinot Noir Dry Red Wine 13,5%  0.75l	Wine
995	Henri Bourgeois Petit Bourgeois Cabernet Franc Wine 12.5% 0,75l	Wine
996	Nugan Estate Cabernet Sauvignon red semi dry wine 15% 0.75l	Wine
997	Villages Grange Magnien Dry White Wine 12,5% 750ml	Wine
998	Chateu des Leotins Entre-Deux-Mers dry white wine 11.5% 0,75l	Wine
999	Chateau Buisson-Redon dry red wine 13% 0,75l	Wine
1000	Heart of Africa Chenin Blanc White Dry Wine 13% 0.75l	Wine
1001	Honoro Vera Monastrell Red Dry Wine 15% 0.75l	Wine
1002	D`Arenberg Shiraz Grenache Wine red dry 14.5% 0,75l	Wine
1003	Valentino Butussi Pinot Grigio white dry wine 13% 0,75l	Wine
1004	Sangiovese Gamla Wine red dry 14.5% 0,75l	Wine
1005	Senorio de Ondarre Reserva Rioja Red Dry Wine 14% 0.75l	Wine
1006	Blau Wine red dry 14% 0,75l	Wine
1007	Braida Brachetto d'Acqui Red Sweet Wine 5,5% 0,75l	Wine
1008	Bodegas Ateca Honoro Vera Organic Red Dry Wine 15% 0.75l	Wine
1009	Chateau Dumas Cenot Dry Red Wine 12% 750ml	Wine
1010	Chateau Saint-Martin Bordeaux Dry Red Wine 11,5% 750ml	Wine
1011	Roccaperciata Nero Davola Syrah Red Dry Wine 13.5% 0.75l	Wine
1012	Tempranillo Riscal Roble Red Dry Wine 15% 0.75l	Wine
1013	Domaine du Colombier Chablis Vieilles Vignes white dry wine 0,75l	Wine
1014	Cantele Primitivo Salento Red Dry Wine 13% 0.75l	Wine
1015	Senorio de Ondarre Rioja White Dry Wine 13% 0.75l	Wine
1016	Joseph Mellot Sancerre La Rabault pink dry wine 12.5% 0,75l	Wine
1017	Broglia Gavi La Meirana White Dry Wine 13% 0.75l	Wine
1018	Merotto Grani di Nero Rose Brut Wine 11.5% 0.75l	Wine
1019	Ruffino Grifle Galestro Wine white dry 11.5% 0.75l	Wine
1020	Chateau des Leotins dry red wine 13% 0,75l	Wine
1021	Chateau Saint-Leon red dry wine 12.5% 0,75l	Wine
1022	Leon de Tarapaca Syrah Red Dry Wine 14% 0.75l	Wine
1023	Chateau Laussac Red Dry Wine 13% 0,75l	Wine
1024	Castillo San Simon Cabernet Sauvignon red dry wine 12.5% 750ml	Wine
1025	Borsa Berola Wine  15% 0,75l	Wine
1026	Finca Sobreno Toro Wine 14.5% 0,75l	Wine
1027	Gran Feudo Crianza Red Dry Wine 12.5% 0.75l	Wine
1028	Cantele Negroamaro Red Dry Wine 13% 0.75l	Wine
1029	Louis Jadot Coteaux Bourguignons Gamay Pinot Noir Red Dry Wine 12% 0,75l	Wine
1030	Finca Sobreno Reserva Wine red dry 14%  0,75l	Wine
1031	Montes Alpha Merlot  Wine red dry 14% 0,75l	Wine
1032	Lacrima Baccus Cava Brut Sparkling wine 11.5% 0,75l	Wine
1033	Schreckbichl colterenzio Gewurztraminer Wine 13.5% 0.75l	Wine
1034	Venta Morales Tempranillo Wine red dry 14%  0,75l	Wine
1035	Le Vieux Frene Red Dry Wine 13% 0,75l	Wine
1036	Gourmet Pere & Fils Entrecote red semi-sweet wine 13.5% 1,5l	Wine
1037	Chateau Mayne -Vieil Dry Red Wine 14,5% 0,75l	Wine
1038	Tarapaca Merlot Reserva Red Dry Wine 14% 0.75l	Wine
1039	Torres Sangre de Toro Reserva Wine 14% 0,75l	Wine
1040	Juan Gil Wine red dry 15% 0,75l	Wine
1041	Minuty Cotes De Provence Dry Pink Wine 13% 0,75l	Wine
1042	Chateau Mayne - Vallet dry red wine 14,5%  0,75l	Wine
1043	DArenberg The Dry Dam Wine white dry 14.5% 0.75l	Wine
1044	Merroto Bareta Prosecco Superiore Wine Brut 11.5% 0.75l	Wine
1045	The Stump Jump dArenberg White Wine 12.5% 0,75l	Wine
1046	Cantele Chardonnay  Wine 12.5% 0.75l	Wine
1047	Saint Clair Wiarau Reserve Sauvignon Blanc Wine white dry 12.5% 0,75l	Wine
1048	Borsao Bole Campo de Borja Wine 15% 0,75l	Wine
1049	Salentein el Portillo Cabernet Sauvignon Wine red dry  14% 0,75l	Wine
1050	TaraPaca Cabernet Sauvignon Reserva Red Dry Wine 14% 0.75l	Wine
1051	Naia Wine white dry 13.5% 0,75l	Wine
1052	Wine red dry 14.5% 750ml Spain	Wine
1053	Nugan Chardonnay dry white wine 14% 0,75l	Wine
1054	Mano а Mano Tempranillo Wine 14.5% 0,75l	Wine
1055	La Scolca Valentino Gavi Wine white dry 12% 0,75l	Wine
1056	Torres Coronas Tempranillo Red Dry Wine 13.5% 0.75l	Wine
1057	Shabo Korolivske white semi-sweet wine 12% 0,75l	Wine
1058	Shabo Royal red semi-sweet wine 9-12% 0,75l	Wine
1059	Marques de Riscal Rioja Wine 13.5% 0,75l	Wine
1060	Casa Sant'Orsola Bardolino Red Dry Wine 11.5% 0.75l	Wine
1061	Wine rkaciteli Kartuli vazi Vazisubani white dry 12% 2008year 750ml glass bottle Georgia	Wine
1062	Kartuli Vazi Alazan Valley red semi-sweet wine 11% 0.75l	Wine
1063	Kartuli Vazi Alazan Valley Semi-Sweet White Wine	Wine
1064	Wine tvishi Kartuli vazi Private import white semidry 11% 750ml glass bottle Georgia	Wine
1065	Casa Verde Cabernet-Sauvignon Red Dry Wine 13% 0,75l	Wine
1066	Casa Verde Chardonnay White Dry Wine 13.5% 0,75l	Wine
1067	Wine aleksandrouli Kartuli vazi Private import red semidry 11% 750ml glass bottle Kakheti Georgia	Wine
1068	Kartuli Vazi Saeristavo Red Dry Wine 12% 0.75l	Wine
1069	Kartauli Vazi Tvishi white semi-sweet wine 10.5% 0.75l	Wine
1070	Kartuli Vazi Tsinandali Wine white dry 12% 0,75l	Wine
1071	Kartuli Vazi Saperavi Wine red dry 11.5% 0,75l	Wine
1072	Kartuli Vazi Kindzmarauli Red Semi Sweet Wine 10.5% 0.75l	Wine
1073	Kartuli Vazi Pirosmani Wine red semi-dry 11.5% 0,75l	Wine
1074	Casa Verde Sauvignon Blanc Chardonnay Wine white semi-sweet 12% 0,75l	Wine
1075	Casa Verde Carmener Wine red dry 13,5% 0,75l	Wine
1076	Inkerman Collection of Young Wines Chateau Rouge Rred Semi-dry Wine 0,7l	Wine
1077	Louis Jadot Covent des Jacobins Chardonnay white dry wine 13% 0.75l	Wine
1078	Essere Cesari Amarone Valpolicella Classico Wine 15% 0.75l	Wine
1079	Oreanda Pinot Blanc Wine white semi-sweet 12%  0,75l	Wine
1080	Castellare Chianti 2009 Wine 13.5% 0.75l	Wine
1081	Inkerman Collection of young wines Wine Sauvignon white dry 13% 0,7l	Wine
1082	Oreanda Chardonnay Dry White Wine 0,75l	Wine
1083	Oreanda Cabernet red dry wine 9.5-14% 0,75l	Wine
1084	Planeta La Segreta Chardonnay White Dry Wine 14% 0.75l	Wine
1085	Inkerman Collection of young wines Cabernet Wine red dry 13% 0,7l	Wine
1086	La Scolca Gavi Bianco Secco white dry wine 12% 0,75l	Wine
1087	Inkerman Collection of Young Wines Busso White Semisweet Wine 0,7l	Wine
1088	Castellare Chianti classico Wine 13.5% 0,75l	Wine
1089	Inkerman Busso Red Semi-sweet Wine 0,7l	Wine
1090	Oreanda Kagor Ukrainian Fortified Red Dessert Wine 16% 0,75l	Wine
1091	Oreanda Pinot Noir Wine red semi-sweet 12% 0,75l	Wine
1092	Oreanda Muscat white semi-sweet wine 9-13% 0,75l	Wine
1093	Ruffino Chianti Classico Wine red dry 13% 0.75l	Wine
1094	Oreanda Bastardo Wine red semi-sweet 12% 0,75l	Wine
1095	Louis Jadot Chablis white dry wine 12.5% 0.75l	Wine
1096	Wine Inkerman pink semisweet 13% 700ml glass bottle	Wine
1097	Domaine du Colombier Chablis Premier Cru white dry wine 12.5% 0.75l	Wine
1098	Вино Louis Jadot Bourgogne Rouge Dry Red Wine 12,5% 0.75l	Wine
1099	Inkerman Bastardo Old Crimea Red Dry Wine 12% 0,75l	Wine
1100	Inkerman Inkerman Legends White Semi-Sweet Wine 12% 0.75l	Wine
1101	Inkerman Chardonnay Kachynske White Dry Wine 10-14% 0,75l	Wine
1102	Inkerman Merlot Kachynske Red Dry Wine 14% 0.75l	Wine
1103	Inkerman Red Semi-Dry Wine 11% 0.75l	Wine
1104	Inkerman Crimean Riviera Red Semi-Sweet Wine 13% 0.75l	Wine
1105	Inkerman white semi-dry wine 12% 0,75l	Wine
1106	Inkerman Ancient Chersonese Red Semi-Sweet Wine 12% 0.75l	Wine
1107	Juan Gil 4 Wine red dry 15% 0,75l	Wine
1108	Sizarini Rose Veneto IGT pink dry wine 12% 0,75l	Wine
1109	Miraval Rose Cotes de Provence pink dry wine 13% 0,75l	Wine
1110	Domaine Du Colombier Chinon Red Dry Wine 13% 0.75l	Wine
1111	Juan Gil Moscatel Wine white dry 13.5% 0,75l	Wine
1112	Casa Verde Cabernet Sauvignon-Merlot Wine red semi-sweet 12% 0,75l	Wine
1113	Telmo Rodriguez Basa Gaba do Xil Mencia Wine red dry 13% 0,75l	Wine
1114	Telmo Rodriguez Basa Wine 13.5% 0,75l	Wine
1115	Casa Verde Merlot Red Dry Wine 13.5% 0,75l	Wine
1116	Casa Verde Sauvignon Blanc White Dry Wine 13% 0,75l	Wine
1117	Casa Verde Ressrve Chardonnay White Dry Wine 13.5% 0,75l	Wine
1118	Marques de Riscal Rueda Wine 12.5% 0.75l	Wine
1119	Wine red dry 13% 750ml glass bottle Toscana Italy	Wine
1120	TaraPaca Chardonnay Reserva White Dry Wine 14% 0.75l	Wine
1121	Chateau Dupray Red Dry Wine 13% 0.75l	Wine
1122	Domaine De Cristia Dry Red Wine 13% 0.75l	Wine
1123	Casa Verde Reserva Syrah red dry wine 13,5 % 0,75l	Wine
1124	Tarapaca Reserva Syrah Red Dry Wine 14% 0.75l	Wine
1125	Tarapaca Carmenere Reserva Red Dry Wine 14% 0.75l	Wine
1126	Torres Verdeo White Dry Wine 12.5% 0.75l	Wine
1127	Doudet Naudin Chardonnay white dry wine 13% 0,75l	Wine
1128	Cristia Collection Chateauneuf du Pape Red Dry Wine 14% 0,75l	Wine
1129	Wine rodniella Valpolicella red dry 11.5% 750ml glass bottle Italy	Wine
1130	Laguna del Coronel Merlot Red Wine 0,75l	Wine
1131	Primitivo IGT Wine red dry 13.5%  0,75l	Wine
1132	Cruse Bordeaux Dry Red Wine 13% 750ml	Wine
1133	Laguna del Coronel Tempranillo Red Wine 12% 0,75l	Wine
1134	Tarapaca Sauvignon Blanc Reserva White Dry Wine 13% 0.75l	Wine
1135	Kartuli Vazi Mukuzani Wine red dry 12% 0,75l	Wine
1136	Cruse Chardonnay Pays D'OCwhite dry wine 13% 0,75l	Wine
1137	Cruse Sauvignon Pays D`OC white dry wine 12% 0,75l	Wine
1138	Cape Creek Pinotage red dry wine 12.5% 0,75l	Wine
1139	Cape Creek Chenin Blanc white dry 12.5% 0.75l	Wine
1140	Wine mudjuretuli Kartuli vazi Private import red semisweet 10.5% 750ml glass bottle Georgia	Wine
1141	Wine red semidry 12% 750ml Spain	Wine
1142	Aia Vecchia Lagone Toscana red dry wine 14,5% 0,75l	Wine
1143	Terre Di Verona Bardolino DOC Wine red dry 12.5% 0,75l	Wine
1144	Baron d`Arignac Muscat white semi-sweet wine 10.5% 0,75l	Wine
1145	Inkerman Bastardo Red Dry Wine 9-13% 0.75l	Wine
1146	Mosto Parzialmente Fermentato Sparkling wine 5.5%  0.75l	Wine
1147	Saint Tropez Wine rose dry 13.5% 0,75l	Wine
1148	Vinho Verde Semi-Dry Pink Wine 10.5% 0.75L	Wine
1149	Wine tempranilyo red dry 12.5% 750ml	Wine
1150	Wine macabeo white semisweet 11% 750ml Spain	Wine
1151	Gatao Vihno Verde White Semi-Dry Wine 9% 0.75l	Wine
1152	Inkerman Cabernet Red Dry Wine 14% 0,75l	Wine
1153	Wine Mimino Alazani valley white semisweet 11-12% 750ml glass bottle Georgia	Wine
1154	Baron de Valac red dry wine 10.5% 0.75l	Wine
1155	Wine Mimino Alazani valley red semisweet 11-12% 750ml glass bottle Georgia	Wine
1156	Chateau Bouscaut Muscadet Sevre et Maine Sur Lie Vieilles Vignes white dry wine 12% 0,75л	Wine
1157	Inkerman Muscat White Semi-Sweet Wine 12% 0.75l	Wine
1158	Sogrape Vinhos Silk & Spice Red Semi-Dry Wine 14% 0.75l	Wine
1159	Baron de Valac white dry wine 0.75l	Wine
1160	Torres Natureo Free Red Dry Non-alcoholic Wine 0.5% 0.75l	Wine
1161	Mimino Saperavi Red Dry Wine 11-12% 0.75l	Wine
1162	Wine white dry 11% 750ml Spain	Wine
1163	Wine cabernet red dry 12% 750ml	Wine
1164	Terre Di Verona Valpolicella Ripasso Wine red dry 13.5% 0,75l	Wine
1165	Wine tsinandali Mimino white dry 11-12% 750ml glass bottle Georgia	Wine
1166	Wine white dry 11% 750ml	Wine
1167	Bordeaux Semillon-Sauvignon Dry White Wine 12% 750ml	Wine
1168	Don Aurelio Garnacha Red Semi-dry Wine 13% 0,75l	Wine
1169	DiMarco Primitivo di Manduria Red Dry Wine 13% 0.75l	Wine
1170	Wine pink dry 10.5% 750ml	Wine
1171	Wine red dry 11% 750ml	Wine
1172	Riesling Turckheim White Dry Wine 12.5% 0.75l	Wine
1173	Wine red dry 13% 750ml glass bottle Spain	Wine
1174	Campo Viejo Rioja Reserva Red Dry Wine 10.5-15% 0.75l	Wine
1175	Tenacity Shiraz  Wine red dry  12% 0,75l	Wine
1176	Dr.Loosen Feinherb Riesling White Semi Dry Wine 10% 0.75l	Wine
1177	Wine white dry 14% 750ml glass bottle	Wine
1178	Planeta La Segreta Burdese Wine red dry 14.5% 0.75l	Wine
1179	Riscal Rueda Sauvignon White Dry Wine 12.5% 0.75l	Wine
1180	Robert Mondavi Twin Oaks Chardonnay White Dry Wine 11.5% 0.75l	Wine
1181	Pieropan Soave Classico Wine 12% 0,75l	Wine
1182	Poiron Dabin Pinot Gris Rose Dry Wine 12% 0.75l	Wine
1183	Wine white dry 10% 750ml Italy	Wine
1184	Henri Bourgeois Sancerre Grande Reserve Wine white dry 12.5% 0.75l	Wine
1185	Tchotiashvili Khikhvi Wine white dry 13% 0,75l	Wine
1186	Campo Viejo Dry Red Wine 10.5-15% 0.75L	Wine
1187	Chateau Grange-Neuve red dry wine 14% 0,75l	Wine
1188	Baron d`Arignac Syrah Rose pink dry wine 12% 0.75l	Wine
1189	Marques de Riscal Reserva Red Dry Wine 14% 0.75l	Wine
1190	Taylors Porto Wine 20% 0.75l	Wine
1191	Barista Chardonnay Wine white dry 13.5% 0,75l	Wine
1192	DiMarco Negroamaro del salento Wine red dry 12.5% 0.75l	Wine
1193	Rkatsiteli Rcheuli Qvevri 2014 White Dry Wine 13% 0.75l	Wine
1194	Pesquera Tinto Reserva 2012 Red Dry Wine 14% 0.75l	Wine
1195	Pedro Ximenez El Candado Valdespino Wine 18% 0,75l	Wine
1196	Ovaluri Saperavi Red Dry Wine 12.6% 0.75l	Wine
1197	Ovaluri Khikhvi White Dry Wine 12.6% 0.75l	Wine
1198	Tarapaca Cabernet Sauvignon Gran Reserva Red Dry Wine 13% 0.75l	Wine
1199	DArenberg The Hermit Crab 2017  Wine white dry 13% 0.75l	Wine
1200	Torres Gran Coronas Red Dry Wine 14% 0.75l	Wine
1201	Faustino Crianza Rioja Red Dry Wine 13.5% 0,75l	Wine
1202	d`Arenberg Footbolt Shiraz Wine red dry  14.5% 0,75л	Wine
1203	Gazela Vinho Verde White Semi Dry Wine 9% 0.75l	Wine
1204	Wine red dry 14% 750ml Spain	Wine
1205	Wine red dry 14% 750ml Spain	Wine
1206	Chateau Belevue Bordeaux Rouge Superior Dry Red Wine 12,5% 750ml	Wine
1207	Sarmientos de Tarapaca Carmenere Red Dry Wine 13.5% 0.75l	Wine
1208	Cruse Merlot Pays d`Oc red dry wine 13% 0,75l	Wine
1209	Laguna del Coronel Sauvignon Blanc White Wine 12% 0,75l	Wine
1210	Chateau Bellevue Entre-deux-Mers white dry wine 12% 0,75l	Wine
1211	La Scolca Gavi Wine 12% 0,375l	Wine
1212	Don Aurelio Verdejo D.O.P. White Dry Wine 11,5% 0.75l	Wine
1213	Wine white dry 12% 750ml glass bottle	Wine
1214	Coral Reef Chardonnay-Semillon white dry wine 12.5% 0,75l	Wine
1215	Don Aurelio Syrah D.O.P. Dry Red Wine 13% 0,75l	Wine
1216	Wine white semisweet 12.5% 750ml glass bottle	Wine
1217	Dr.Loosen Reisling white dry wine 11.5% 0.75l	Wine
1218	Wine Pasquier desvignes white dry 12.5% 750ml glass bottle	Wine
1219	Sarmientos Sauvignon Blanc White Dry Wine 13% 0.75l	Wine
1220	Cruse Bordeaux Medoc red dry wine 13% 0,75l	Wine
1221	Ruffino Chianti Red Dry Wine 13% 0.75l	Wine
1222	Ruffino Orvieto Classico White Dry Wine 12.5% 0.75l	Wine
1223	Sogrape Vinhos Gazela Rose Semi-Sweet Wine 10% 0.75l	Wine
1224	Don Aurelio Crianza Red Dry Wine 13% 0,75l	Wine
1225	Planeta La Segreta Red Dry Wine 13% 0.75l	Wine
1226	Garcia Carrion Castillo San Simon Red Dry Wine 13% 0.75l	Wine
1227	Inkerman Muscat Kachinsky White Semi-sweet Wine 700ml	Wine
1228	Villa Jolanda Prosecco Sparkling wine 11.5% 0.75l	Wine
1229	Montes Reserva Cabernet Sauvignon Wine red dry 14% 0,75l	Wine
1230	Inkerman Pinno Gran Red Semi-sweet Wine 700ml	Wine
1231	Honoro Vera Garnacha Red Dry Wine 14.5% 0.75l	Wine
1232	Sarmientos de Tarapaca Merlot Red Dry Wine 13.5% 0.75l	Wine
1233	Domaine Du Colombier Petit Chablis white dry wine 12% 0.75l	Wine
1234	Chateau Gillet Bordeaux red dry wine 12.5% 0,75l	Wine
1235	Montes Reserva Sauvignon Blanc Wine red dry 12.5% 0,75l	Wine
1236	Roccaperciata Inzolia-Chardonnay White Dry Wine 13% 0.75l	Wine
1237	Colterenzio Pfefferer White Dry Wine 12.5% 0.75l	Wine
1238	Breca Garnacha de Fuego Wine red dry 14.5% 0,75l	Wine
1239	Karkara Alazanska Dolina White Semi-sweet Wine 0.75l	Wine
1240	Lustdorf Premium Bastardo red semi-sweet wine 9-13% 0,75l	Wine
1241	Lustdorf Cabernet red dry wine 9.5-14% 0,75l	Wine
1242	Terre Passeri Sangiovese wine red dry 11% 0,75l	Wine
1243	Lustdorf Premium Muscat white semi-sweet wine 9-13% 0,75l	Wine
1244	Carcara Alazanskaya Valley Pink Semi-sweet Wine 0.75l	Wine
1245	Karkara Alazanskaya Valley Red Semisweet Wine 0.75l	Wine
1246	Lustdorf Chardonnay White Dry Wine 9.5-14% 0.75l	Wine
1247	Shabo Classic white semi-sweet wine 12% 0,75l	Wine
1248	Shabo Classic red semi-sweet wine 12% 0.75l	Wine
1249	Inkerman Ukrainian Kagor Red Sweet Dessert Wine 16% 0,75l	Wine
1250	Just 0 smooth & pleasant non-alcoholic red semi-sweet wine 0,5% 0,75l	Wine
1251	Just 0 fresh & fruity non-alcoholic white semi-sweet wine 0.5% 0.75l	Wine
1252	Koktebel Monte Rose Semi Sweet Wine 13% 0.75l	Wine
1253	Koktebel Monte Rouge Red Ordinary Semi-sweet Wine 13% 0.75ml	Wine
1254	Lozano Caballeros de la Rosa Blanco Semidulce White Semi Sweet Wine 12% 0.75l	Wine
1255	Koktebel Monte Blanc White Ordinary Table Semi-sweet Wine 13% 0.75ml	Wine
1256	Sangre y Arena Tinto Semidulce Red Semi Sweet Wine 11% 0,75l	Wine
1257	Sangre y Arena Blanco Seco White Dry Wine 11% 0,75l	Wine
1258	Sangre y Arena Tinto Seco Red Dry Wine 11% 0,75l	Wine
1259	Sangre y Arena Blanco Semidulce White Semi Sweet Wine 11% 0,75l	Wine
1260	Cappo Moscato White Dry Wine 12.5% 0.75l	Wine
1261	Torres San Valentin Parellada White Semi Sweet Wine 11% 0.75l	Wine
1262	Cappo Shiraz Wine red ry 11.5% 0,75l	Wine
1263	Canti Pinot Grigio Delle Pink Semi Dry Wine 12% 0.75l	Wine
1264	Castillo San Simon Monastrell Pink Dry Wine 12% 0.75l	Wine
1265	Doudet Naudin Pinot Noir Dry Red Wine 12% 0,75l	Wine
1266	Torres San Valentin Garnacha Red Dry Wine 14% 0.75l	Wine
1267	Castillo San Simon Crianza Red Dry Wine 13% 0.75l	Wine
1268	Castillo San Simon Tempranillo red dry wine 12.5% 750ml	Wine
1269	Torres Natureo Muscat White Dry Non-alcoholic Wine 0.5% 0.75l	Wine
1270	Sarmientos de Tarapaca Cabernet Sauvignon Red Dry Wine 13% 0.75l	Wine
1271	Sarmientos Chardonnay White Dry Wine 13% 0.75l	Wine
1272	Chateau de Balan Bordeaux Superieur red dry wine 13.5% 0.75л	Wine
1273	Costa Azul Grenache Pink Dry Wine 12.5% 0.75l	Wine
1274	Wine Crianza red dry 13.5% 750ml Castilia la manchi Spain	Wine
1275	Lirico Wine Sauvignon Blanc 750ml	Wine
1276	Wine Verdegar Vinya Verde Esp white semi-dry 0.75	Wine
1277	Wine white sparkling 750ml glass bottle Italy	Wine
1278	Terre Di Verona Valpolicella DOC Wine red dry 12.5% 0,75l	Wine
1279	Wine Riesling Trocken 2016 Him dry white 0.75l	Wine
1280	Costa Azul Sauvignon White Dry Wine 12% 0.75l	Wine
1281	Terre Di Verona Valpolicella Wine red dry 14% 0.75l	Wine
1282	Wine Verdegar Vigna Verde Bran white semi-dry 0.75	Wine
1283	Wine Riesling Fineh 2016 Him White semi-dry 0.75l	Wine
1284	Lirico Cabernet Sauvignon Wine red dry 12.5% 0,75l	Wine
1285	Calvet Reserve des Remparts Saint-Emilion red dry wine 13% 0,75l	Wine
1286	Wine shiraz red dry 13% 750ml	Wine
1287	Wine Zinfandel Sun Gate 14% red 0.75l	Wine
1288	Lacrima Baccus Cava Brut Sparkling wine 11.5% 0,75l	Wine
1289	Catena Appellation Tupungato Chardonnay White Dry Wine 13.5% 0.75l	Wine
1290	Dr.Loosen Graacher Riesling white dry wine 12% 0.75l	Wine
1291	Wine Ott By Ott Provence rose dry 0.75l	Wine
1292	Villa Wolf Pinot Gris white semi-dry wine 12.5% 0,75l	Wine
1293	Illuminati Montepulciano Riparosso Wine red dry 13.5% 0,75l	Wine
1294	Fonseca Porto Terra Prima Wine red sweet  20% 0,75l	Wine
1295	Torres Sangre de Toro Chardonnay Selection Wine 13.5% 0,75l	Wine
1296	Dr.Loosen Reisling Trocken Wine 12% 0,375l	Wine
1297	DiMarco Primitivo di Manduria Wine red dry  13% 0.75l	Wine
1298	Quinta Das Setencostas Red Dry Wine 13.5% 0.75l	Wine
1299	Cerro Anon Rioja Reserva 2015 Red Dry Wine 14.5% 0.75l	Wine
1300	Chateau Valentin Blaye Cotes de Bordeaux Red Dry Wine 13% 0.75l	Wine
1301	Nora Albarino White Dry Wine 13% 0.75l	Wine
1302	Sweet Lab Casa Santos Lima Red Sweet Wine 13% 0.75l	Wine
1303	Dr.Loosen Reisling white dry wine 8.5% 0.75l	Wine
1304	DiMarco Primitivo Del Salento Wine red dry  14% 0.75l	Wine
1305	Alvaro Domecq Jerez Oloroso Alburejo Red Strong Wine 18.5% 0.75l	Wine
1306	Chateau Pied d'Argent Bellevue Red Dry Wine 14% 0.75l	Wine
1307	La Vieille Ferme Perrin et Fils Red Dry Wine 13.5% 0.75l	Wine
1308	Di Majo Norante Sangiovese red dry wine 13% 0,75l	Wine
1309	La Vieille Ferme Ventoux Blanc white dry wine 13% 0,75l	Wine
1310	Palacios Remondo La Vendimia Rioja 2018 Red Dry Wine 14.5% 0.75l	Wine
1311	Robert Mondavi Chardonnay Bourbon Aged White Dry Wine 14.5% 0.75l	Wine
1312	Villa Wolf Pinot Noir Rose Wine 11.5% 0,75l	Wine
1313	Ruffino Chianti  Wine red dry 9.5-14% 0,375l	Wine
1314	Tarima Monastrell Wine red dry 15% 0,75l	Wine
1315	La Vieille Ferme Wine Red Dry 13% 0,375l	Wine
1316	Agiorgitiko Estate Papaioannou Wine red dry 13.5% 0,75l	Wine
1317	Herve-Laroque Fronsac Dry Red Wine 13,5% 0,75l	Wine
1318	Wine riesling white 8.5% 375ml Germany	Wine
1319	Famille Perrin Cotes du Rhone Reserve dry red wine 13,5% 750ml	Wine
1320	Kaiken Malbec Ultra Wine red dry  14.5%  0.75l	Wine
1321	La Vieille Ferme Rose Luberon Dry Pink Wine 13% 0.75l	Wine
1322	Chateau Guion Barrail Red Dry Wine 13% 0.75l	Wine
1323	Txomin Etxaniz Txakoli Wine white dry 11% 0,75l	Wine
1324	Chateau Maucru Bordeaux red dry wine 13.5% 0,75l	Wine
1325	Robert Mondavi Zinfandel  Wine red dry 13.5% 0,75l	Wine
1326	Manon Tempranilo Wine red dry 14% 0.75l	Wine
1327	La Vieille Ferme Pink Dry Wine 12.5% 0.375ml	Wine
1328	Louis Domaine Pouverel Wine rose dry 13.5% 0.75l	Wine
1329	Taylor`s Fne Ruby Wine 20% 0,75l	Wine
1330	Papaioannou Assyrtiko White Dry Wine 14% 0,75l	Wine
1331	Torres Vina Esmeralda white dry wine 11.5% 0.375l	Wine
1332	Crianza Marques de Riscal Arienzo red dry wine 13,5% 0,75l	Wine
1333	Rioja Urbina Crianza Wine red dry 13.5% 0,75l	Wine
1334	Aia Vecchia Vermentino White Dry Wine 13% 0,75l	Wine
1335	Torres Ibericos Crianza Red Dry Wine 14% 0.75l	Wine
1336	Famille Perrin Cotes du Rhone white dry wine 13% 0.75l	Wine
1337	Roccaperciata Grillo White Dry Wine 13% 0.75l	Wine
1338	Ktima Papaioannou Wine red dry 13.5% 0,75l	Wine
1339	Cerro Anon Gran Reserva Rioja Red Dry Wine 14.5% 0.75l	Wine
1340	Villa Wolf Pinot Blanc Wine white dry 12% 0,75l	Wine
1341	Wine gewurztraminer white dry 14.5% 750ml Italy	Wine
1342	Zweigelt Landwein Brundlmayer Red Dry Wine 12.5% 1L	Wine
1343	La Scolca Rosa Chiara Wine semi-dry rose 12% 0,75l	Wine
1344	Moscato Giallo Sand Colterenzio Wine white dry 12.5% 0,75l	Wine
1345	Doudet Naudin Pouilly-Fuisse Dry White Wine 13% 0,75l	Wine
1346	Perrin et Fils La Vieille Ferme white dry wine 13% 0,375l	Wine
1347	Wine sauvignon-blan white dry 13.5% 375ml glass bottle New zeland	Wine
1348	Olarra Acantus Sauvignon Blanc White Dry Wine 12% 0.75l	Wine
1349	Venta la Ossa red dry wine 14.5% 0.75l	Wine
1350	Domaine Du Colombier Chablis Wine white dry  12.5% 0,375l	Wine
1351	Chateau Tour Prignac Red Dry Wine 13.5% 0.75l	Wine
1352	Corte Giara Pinot Grigio Delle Venezie White Dry Wine 12.5% 0.75l	Wine
1353	Roccaperciata Nero Davola Red Dry Wine 14% 0.75l	Wine
1354	Chateau du Juge 2010 White Sweet Wine 13% 0,75l	Wine
1355	Pinot Grigio Dorigo Wine white dry 13% 0,75l	Wine
1356	Domane Wachau Zweigelt Classic Wine red dry 12,5% 0,75l	Wine
1357	Olarra Acantus Cabernet Sauvignon Red Dry Wine 12.5% 0.75l	Wine
1358	Offley Rose Porto  Wine 19,5% 0.75l	Wine
1359	Corte Delle Merlot Corvina Wine red dry 12.5% 0.75l	Wine
1360	Acantus Merlot-Syrah Pink Dry Wine 13.5% 0.75l	Wine
1361	Zeni Vignealte Veronese Gap Ganega Wine white dry 12.5% 0.75	Wine
1362	Chateu Malbec red dry wine 14% 750ml	Wine
1363	Rioja Cosecha La Catedral Wine red dry 12% 0,75l	Wine
1364	Finca Sobreno Crianza Wine red dry 14% 0.75l	Wine
1365	Alvaro Domecq Jerez Aranda Cream  Wine 18% 0,75l	Wine
1366	Wine Aia vecchia red dry 13% 750ml glass bottle Italy	Wine
1367	Wine corvina Valpolicella red wine dry 13.5% 750ml glass bottle Italy	Wine
1368	Wine Valdespino red got strong 18% 750ml Spain	Wine
1369	Terre Di Verona Pinot Griqio Delle Venezie DOC Wine white dry 12.5% 0,75l	Wine
1370	Domaine Du Colombier Chablis white dry wine 12% 0,75l	Wine
1371	Tarapaca Natura + Red Dry Wine 14.5% 0.75l	Wine
1372	TaraPaca Late Harvest White Semi Sweet Wine 12% 0.5l	Wine
1373	Torres Vina Esmeralda White Dry Wine 11.5% 0.75l	Wine
1374	Laya Wine red dry 14.5% 0,75l	Wine
1375	Cerro Anon Crianza Rioja Red Dry Wine 14% 0.75l	Wine
1376	La Scolca Gavi di Gavi White Dry Wine 12% 0.75l	Wine
1377	Chateau Clos Moulin Pontet Red Dry Wine 13% 0.75l	Wine
1378	Adria Cream Cheese with Cucumber and Dill 55% 100g	Cheeses
1379	Alpenhain Camambert With White Mold Cheese 50% 125g	Cheeses
1380	Cheese brie Castello cow milk crusted with mold with mold 50% 125g	Cheeses
1381	Mlekovita Favita soft cheese feta 45% 270g	Cheeses
1382	Vesela Korivka Processed cheese Druzhba with vitamins 46% 90g	Cheeses
1383	Vesela Korivka Processed Cheese Mix 140g	Cheeses
1384	Cheese dutch Piryatin hard 45% 150g	Cheeses
1385	Pyryatyn Yantar Processed cheese spread 60% 100g	Cheeses
1386	Piryatin Cheese King With Melted Milk Aroma And Taste Hard Cheese 50% 150g	Cheeses
1387	Cheese Komo Oiginal caramel processed 2pcs 300g tube	Cheeses
1388	Lactima emmentaler processed cheese 36.2% 130g	Cheeses
1389	Cream cheese Adria 60% 100g	Cheeses
1390	Brynza Adria Serbska 45% 250g	Cheeses
1391	Soft cheese Adria Kaymak 70% 150g	Cheeses
1392	Alpenhain Select brie with mold cheese  50% 125g	Cheeses
1393	Arla Buko Cream-Cheese 150g	Cheeses
1394	Buko with greens soft cream-cheese 50% 150g	Cheeses
1395	Arla Lactose-free Cream Cheese 50% 150g	Cheeses
1396	Cheese feta Arla Danish white soft 50% 200g	Cheeses
1397	Cream-cheese Arla Buko 17% 150g	Cheeses
1398	Babybel Mini Soft Cheese 3 Portions 45%	Cheeses
1399	Mini Babybel Protein Cheese 25% 60g	Cheeses
1400	Bellezza Mozzarella Cheese 45% 125g	Cheeses
1401	Bavaria Blue Bergader Soft Cheese With Blue And White Mold	Cheeses
1402	Bergader Edelpilz Cheese With Blue Mildew	Cheeses
1403	Cheese Castello Danish blue with blue mold 50% 100g	Cheeses
1404	Cheese camembert Castello cow milk with white mold with mold 50% 125g	Cheeses
1405	Castello pineapple cream-cheese 125g	Cheeses
1406	Castello With Rum And Nuts Cream-Cheese 65% 125g	Cheeses
1407	Ile de France Chavroux goat cheese 150g	Cheeses
1408	Castelli Parmesan hard cheese 32% 125g	Cheeses
1409	Castelli Mascarpone cheese 80% 250g	Cheeses
1410	Castelli Grana Padano Cheese	Cheeses
1411	Coburger Cheese balls with cranberries 45% 250g	Cheeses
1412	Coburger Lactose Free Camembert 45% Cheese 125g	Cheeses
1413	Coburger Brie Soft Cheese with mold 60% 200g	Cheeses
1414	Coburger Stick with tomato mozzarella сheese 45% 300g	Cheeses
1415	Dodoni Feta Cheese 43% 150g	Cheeses
1416	Dziugas parmesan hard cheese 40% 180g	Cheeses
1417	Dziugas Hard Cheese Lactose-free 2 months 40% 180g	Cheeses
1418	Exguisa Cream Cheese Lactose-free 70% 175g	Cheeses
1419	Exquisa With Herbs Cream-Cheese 66%	Cheeses
1420	Exquisa Classic Soft Cheese With Best Cream	Cheeses
1421	Carcia Baquero Iberico сheese 55% 150g	Cheeses
1422	Cheese danablue Grand`or with blue mold 50% 100g	Cheeses
1423	Heinrichsthaler Cheese Edam sliced 40% 150g	Cheeses
1424	Heinrichsthaler Cheese Gouda sliced 48% 150g	Cheeses
1425	Heinrichsthaler Cheese Emmental sliced 45% 125g	Cheeses
1426	Ile de France petit soft cheese brie 50% 5*25g	Cheeses
1427	Ile de France Aperifrais with herbs cheese 100g	Cheeses
1428	Ile de France Aperifrais with herbs cheese 100g	Cheeses
1429	Ile de France Brie au bleu soft cheese 125g	Cheeses
1430	Ile de France petit camembert soft сheese 50% 125g	Cheeses
1431	Ile de France petit soft cheese brie 50% 125g	Cheeses
1432	Joya soya cheese tofu 250g	Cheeses
1433	Kaserei Dorblu soft Cheese 100g	Cheeses
1434	Latter Lactose-free Hard Cheese 50% 180g	Cheeses
1435	Leerdammer Original Cheese 45% 100g	Cheeses
1436	Leerdammer Lightlife hard cheese 30% 100g	Cheeses
1437	Mlekovita brie soft cheese 58% 125g	Cheeses
1438	Mlekovita Camembert cheese 51% 120g	Cheeses
1439	Mlekovita Gouda Cheese Lactose-free Hard Rennet Sliced 45% 150g	Cheeses
1440	Mlekovita maazdamer processed cheese 150g	Cheeses
1441	Mlekovita gouda processed cheese 150g	Cheeses
1442	Madeta Zlata Niva Semi-Hard Cheese 60% 110g	Cheeses
1443	Molendam Processed cheese with mushrooms 70g	Cheeses
1444	Molendam Gouda Processed Cheese 40% 70g	Cheeses
1445	Molendam Crema Processed Cheese 45% 70g	Cheeses
1446	Cheese Montesinos goat soft 45% 145g	Cheeses
1447	Neogal Feta Cheese 43% 200g	Cheeses
1448	Premialle Cheese feta 45% 230g	Cheeses
1449	Premialle Feta Cheese 45% 500g	Cheeses
1450	Bryndza cheese Premialle 35% 250g	Cheeses
1451	Pemialle Feta Lactose-Free Cheese 45% 230g	Cheeses
1452	President chevres goat soft cheese 45% 200g	Cheeses
1453	Cheese maazdam President semihard 45% 150g vacuum packing	Cheeses
1454	Slices cheddar President hard 52% 100g Czech republic	Cheeses
1455	President Processed Cream-Cheese 20 %	Cheeses
1456	President Classic Cream-Cheese 24,5%	Cheeses
1457	President Cream Cheese from Camembert 50% 120g	Cheeses
1458	President Walnut Cream-Cheese	Cheeses
1459	President Camembert Soft Cheese 60%	Cheeses
1460	Saaremaa Saare Juust Gouda Cheese Lactose-free and Gluten-free 24% 150g	Cheeses
1461	Saaremaa Edam Cheese Lactose-free and Gluten-free 24% 150g	Cheeses
1462	Piatnica Twoj Smak Cream Cheese 64% 150g	Cheeses
1463	Piatnica Twoj Smak Cream Cheese with Salmon 64% 150g	Cheeses
1464	Valio Viola Cream Processed Sliced Cheese 23% 150g	Cheeses
1465	Valio Viola Processed Cheese Cream Gluten-free 28% 200g	Cheeses
1466	Valio Viola Processed Cheese with Herbs and Chanterelles 18% 185g	Cheeses
1467	Valio Oltermanni Cheese Lactose-free Gluten-free 29% 250g	Cheeses
1468	Vilkyskiu Memel Blue Cheese semi-solid with mold 100g	Cheeses
1469	Cheese grana padano Zanetti hard 32% 200g	Cheeses
1470	Vesela Korivka Creamy 50% Processed Cheese 180g	Cheeses
1471	Vesela Korivka Cream Cheese Lactose Free 45% 120g	Cheeses
1472	Vesela Korivka Cheese with ham melted 43% 90g	Cheeses
1473	Vesela Korivka Creamy Processed cheese with vitamins 46% 90g	Cheeses
1474	Vesela Korivka Soft cheese Dip & Crunch with breadsticks 45% 35g	Cheeses
1475	Vesela Korivka Soft cheese creamy 45% 120g	Cheeses
1476	Vesela Korivka Cream Cheese 68% 150g	Cheeses
1477	Dobryana Brie Soft Moldy Cheese	Cheeses
1478	Dobryana Mozzarella Soft In Pickle Cheese	Cheeses
1479	Dobriana pickled cheese mozzarella 45% 130g	Cheeses
1480	Zvenigora Dobrodar Cheese 50% 135g	Cheeses
1481	Zvenigora Original Processed Cheese 90g	Cheeses
1482	Zveni Gora Processed Bakon Cheese 90g	Cheeses
1483	Zveni gora shrimp processed cheese 90g	Cheeses
1484	Zveny Gora Gollandskyi Cheese 45%	Cheeses
1485	Zveni gora Original processed spread cheese 64% 90g	Cheeses
1486	Processed cheese spread Zveni gora with bacon taste 64% 90g	Cheeses
1487	Zveni Gora zvenigorodsky extra cheese 50% 200g	Cheeses
1488	Zveni Gora smetankoviy cheese 50% 200g	Cheeses
1489	Zveni Gora rosiysʹkyy extra cheese 50% 200g	Cheeses
1490	Zveni Gora hollandsʹkyy cheese 45% 200g	Cheeses
1491	Zvenigora Original Processed Batched Cheese	Cheeses
1492	Zveni Gora Processed Cheese With Bacon Flavor	Cheeses
1493	Zveni Gora figure cheese 27% 180g	Cheeses
1494	Zveni Gora With Dill And Garlic Taste Processed Cheese 90g	Cheeses
1495	Cheese Club Cheese Noire 45% 160g	Cheeses
1496	Cheese Club syru Baby hard 45% 160g	Cheeses
1497	Cheese Club Cheese Grun Wald 50% 160g	Cheeses
1498	Klub Syru Gouda Cheese 45% 160g	Cheeses
1499	Klub Syru Cheese Tilsit 50% 160g	Cheeses
1500	Cheese Club syru hard 45% 150g	Cheeses
1501	Mukko Gouda cheese with mustard seeds 240g	Cheeses
1502	Mukko Gauda Cheese with whiskey 45.6% 240g	Cheeses
1503	Mukko Dutch Gauda Cheese 54% 240g	Cheeses
1504	Mukko Goat Cheese with Truffle 150g	Cheeses
1505	Mukko Goat Cheese with Lavender 150g	Cheeses
1506	Cheese Mykko with herbs soft 40% 250g	Cheeses
1507	Mukko Goat Gauda Cheese 47.5% 240g	Cheeses
1508	Mukko Cream Cheese 250g	Cheeses
1509	Nash molochnyk processed sausage-cheese 350g	Cheeses
1510	Picnic Menu Zakuska Bavarian Sausages Spread	Cheeses
1511	Picnic for sandwich with cheese and ham pasta 100g	Cheeses
1512	Processed cheese spread Molochnyi shlyakh Pyryatyn Yantar with bacon taste and flavor 60% 100g	Cheeses
1513	Piryatin With Bavarian Mustard Aroma And Taste Smoked Sausage Processed Cheese 60% 150g	Cheeses
1514	Pyriatin With Ham Aroma And Taste Sausage Smoked Processed Cheese 60% 150g	Cheeses
1515	Cheese mozzarella Yagotynske soft 125g	Cheeses
1516	Yagotinsky Mozzarella Cheese 50% 200g	Cheeses
1517	Yagotinsky Suluguni Cheese 45% 200g	Cheeses
1518	Komo Tenero Basil Slice Cheese 135g	Cheeses
1519	Hochland Emmentaler Processed Cheese 40%	Cheeses
1520	Light Philadelphia Cheese	Cheeses
1521	Cream-cheese Philadelphia Original 69% 175g	Cheeses
1522	Komo Staryi Hollandec Sliced Hard Cheese 45% 150g	Cheeses
1523	Komo Tenero Cheese slice 50% 150g	Cheeses
1524	Shostka Creamy 45% Processed Cheese 180g	Cheeses
1525	Cheese Shostka Yantar processed 150g plastic cup	Cheeses
1526	Lactima 4 seasons Cream-cheese 140g	Cheeses
1527	Blue сheese Laсtima processed 40% 140g	Cheeses
1528	Sterilgarda ricotta soft cheese 250g	Cheeses
1529	Komo Hard cheese with walnuts 50% 185g	Cheeses
1530	Komo Processed Cheese Friendship 55% 75g	Cheeses
1531	Paladin Blue Cheese	Cheeses
1532	Hochland Almetta Cream Cheese 35% 150g	Cheeses
1533	Gran Bihari Biralungo 32% Cheese 100g	Cheeses
1534	Kiri portions processed cream-cheese 65% 100g	Cheeses
1535	Hochland Almette With Herbs Cheese	Cheeses
1536	Paladin Mozzarella 45% Cheese 125g	Cheeses
1537	Komo Country semi-hard cheese 50% 185g	Cheeses
1538	Komo Squeeze with shrimp processed cheese 50% 150g	Cheeses
1539	Komo with shallots processed cheese 50% 150g	Cheeses
1540	Komo Russian Cheese classic solid 50% 185g	Cheeses
1541	Komo Original processed cheese 50% 150g	Cheeses
1542	Komo Hollandiya hard сheese 45% 185g	Cheeses
1543	Komo Tenero hard сheese 50% 185g	Cheeses
1544	Komo with bacon processed cheese 50% 150g	Cheeses
1545	Processed cheese Lactima Gouda sliced 36.2% 8x16.25g	Cheeses
1546	Processed cheese Lactima Cheddar sliced 36.2% 8x16.25g	Cheeses
1547	Saint Agur 60% 125g	Cheeses
1548	Fol Epi Classic Semisolid Cheese	Cheeses
1549	Flechard La vache de paris pickled cheese feta 55% 500g	Cheeses
1550	Hard cheese Komo Hollandia sliced 45% 150g	Cheeses
1551	Blue cheese Steffel Gran Bavarese 50% 100g	Cheeses
1552	Shostka cream processed cheese 40% 90g	Cheeses
1553	Spomlek Radamer Sliced Hard Cheese 45% 150g	Cheeses
1554	Carcia Baquero Manchego cheese collection 55% 110g	Cheeses
1555	Cheese manchego sheep hard 55% 150g	Cheeses
1556	Miree salmon сream-cheese 66% 150g	Cheeses
1557	Komo Processed Cheese Cream 55% 75g	Cheeses
1558	Hochland Maasdamer Processed Sliced Cheese	Cheeses
1559	Galychyna Karpatskyy sugar free yogurt 3% 1kg	Yogurt
1560	Molokiya White Drinkable Yogurt 1.6% 430g	Yogurt
1561	Chudo Yogurt Strawberry 2.5% 270g	Yogurt
1562	Chudo Yogurt Peach-Apricot 2.5% 270g	Yogurt
1563	Chudo Yogurt Cherry-Wild Cherry 2.5% 270g	Yogurt
1564	Danone Actimel With Berries Yogurt	Yogurt
1565	Danone Actimel With Strawberries Yogurt	Yogurt
1566	Danone Actimel Yogurt 1,6%	Yogurt
1567	Danone Yogurt Papaya-Passion Fruit  2% 135g	Yogurt
1568	Danone Yogurt  Strawberry-Banana 2% 135g	Yogurt
1569	Danone Yogurt Blueberry-blackberry 2% 135g	Yogurt
1570	Danone strawberry-banana yogurt 2% 115g	Yogurt
1571	Danone Drinking yogurt Blueberry-Lavender 1,5% 270g.	Yogurt
1572	Danone Yogurt white 2,5% 260g	Yogurt
1573	Danone Natural drinking yogurt 2.2% 800g	Yogurt
1574	Danone peach-melon yogurt 1,5% 800g	Yogurt
1575	Danone pineapple-mango yogurt 2,5% 260g	Yogurt
1576	Danone bilberry yogurt 1,5% 800g	Yogurt
1577	Danone passion fruit-kiwi yogurt 260g	Yogurt
1578	Danone strawberry yogurt 1,5% 800g	Yogurt
1579	Danone Drinking yogurt mango-violet 1.5% 270g	Yogurt
1580	Danone Drinking yogurt Raspberry-Hemp 1.5% 270g	Yogurt
1581	Yogurt Lactel Loko Moko peach enriched with calcium omega-3 and vitamin D 1.5% 115g	Yogurt
1582	Yogurt Lactel Loko Moko strawberry enriched with calcium omega-3 and vitamin D 1.5% 115g	Yogurt
1583	Mlekovita Grezkiy yogurt 1000g 3%	Yogurt
1584	Mlekovita Grezkiy yogurt 1000g 10%	Yogurt
1585	Organic Milk Blueberry Yogurt 2.5% 300g	Yogurt
1586	Organic Milk Strawberry Yogurt 2.5% 300g	Yogurt
1587	Premialle Peach-Passion Fruit Yogurt 6.5% 140g	Yogurt
1588	Premialle Blueberries-Black Currants Yogurt 6.5% 140g	Yogurt
1589	Premialle Strawberry Fruit Yogurt 6.5% 140g	Yogurt
1590	Premialle Natural Yogurt 8% 140g	Yogurt
1591	Sterilgarda cream yogurt with wild berries 2pcs*100g	Yogurt
1592	Sterilgarda Alimentari Yogurt Banana 3.0%-3.5% 200g	Yogurt
1593	Zinka Cereals From Goat's Milk Bifidoyogurt 2,8%	Yogurt
1594	Zinka bifidoyogurt 2.8% 510g	Yogurt
1595	Yogurt Zinka sea-buckthorn drinking 2.8% 300g Ukraine	Yogurt
1596	Alpro with vanilla soy yogurt 500g	Yogurt
1597	Alpro Soy Yogurt Coconut 500g	Yogurt
1598	Activia Bifidoyogurt Blackberry 2,5% 260g	Yogurt
1599	Activia Bifidoyogurt Kiwi-banana 2,5% 260g	Yogurt
1600	Activia Bifidoyogurt Peach 2,5% 260g	Yogurt
1601	Activia Bifidoyogurt Low-lactose Aloe Matcha 1,5% 100g	Yogurt
1602	Activia Bifidoyogurt Mango Chia 2,5% 260g	Yogurt
1603	Activia Bifidoyogurt Low-lactose 1,5% 100g	Yogurt
1604	Activia Bifidoyogurt Strawberry 2,5% 260g	Yogurt
1605	Danone Activia Strawberry Cereal Drinking Bifidoyogurt	Yogurt
1606	Danone Activia Linen And Cereals Bifidoyogurt 1.5%	Yogurt
1607	Danone Activia Strawberry-Wild Strawberry Drinking Bifidoyogurt	Yogurt
1608	Danone Activia Cereal Drinking Bifidoyogurt	Yogurt
1609	Bifidoyogurt Danone Activia Classic 1.5% 580g	Yogurt
1610	Bifidoyogurt Danone Activia Apple-Cereals 1.5% 580g	Yogurt
1611	Activia Bifidoyogurt drinking without sugar Mango-Peach 1.2% 270g	Yogurt
1612	Danone Activia Bifidoyogurt Lactose-free 1.5% 580g	Yogurt
1613	Danone Active Blueberries-Figs Yogurt 1.2% 270g	Yogurt
1614	Activia Bifidoyogurt drinking without sugar Pineapple-Kiwi 1.2% 270g	Yogurt
1615	Activia currant-chia seeds yogurt 1.5% 580g	Yogurt
1616	Danone Activia Pineapple Drinking Bifidoyogurt	Yogurt
1617	Activia with blueberries-cereals bifidoyogurt 1.5% 290g	Yogurt
1618	Activia with peach-chia-granola yogurt 1.5% 290g	Yogurt
1619	Activia with vanilla-chia-nuts yogurt 1.5% 290g	Yogurt
1620	Activia Drinking Strawberry Yogurt 1,5% 800g	Yogurt
1621	Activia Drinking Natural Yoghurt 1.5% 800g	Yogurt
1622	Activia Pineapple Drinking Yoghurt 1.5% 800g	Yogurt
1623	Bila Liniya Yogurt Strawberry 1.5% 820g	Yogurt
1624	Bila Liniya Peach Yogurt 1,5% 820g	Yogurt
1625	Yogurt Voloshkove pole Dessert apricot 2.8% 350g	Yogurt
1626	Yogurt Voloshkove pole Dessert strawberry 2.8% 350g	Yogurt
1627	Galychyna Karpatskyy Cherry Yogurt 2.2% 300g	Yogurt
1628	Galychyna Karpatskyy bilberry yogurt 2,5% 140g	Yogurt
1629	Galychyna Karpatskyy peach yogurt 2,5% 140g	Yogurt
1630	Galychyna Karpatskyy strawberry yogurt 2,5% 140g	Yogurt
1631	Galychyna Carpathian Cherry Yogurt 2.5% 140g	Yogurt
1632	Galychyna Apple-Cinnamon Yogurt 2.5% 280g	Yogurt
1633	Galychyna Carpathian Cherry-Cereals Yogurt  2,5% 280g	Yogurt
1634	Galychyna Carpathian Sugar-Free Yogurt + Granola 3% 275g	Yogurt
1635	Galychyna Blueberries-Cereals Yogurt 2.2% 300g	Yogurt
1636	Galychyna Blueberries- Сereals Yogurt 2,5% 280g	Yogurt
1637	Galychyna Carpathian Sugar-Free 2,2% 300g	Yogurt
1638	Galychyna Strawberries-Сereals Yogurt 2,2% 280г	Yogurt
1639	Galychyna Carpathian Blueberries Yogurt 2.2% 300g	Yogurt
1640	Galychyna Carpathian Raspberry Yogurt 2.2% 300g	Yogurt
1641	Galychyna Carpathian Wild Berries Yogurt 2.2% 300g	Yogurt
1642	Galychyna Carpathian Cereals Yogurt 2.2% 300g	Yogurt
1643	Galychyna Carpathian Strawberries Yogurt 2.2% 300g	Yogurt
1644	Garmoniya Strawberry 1.6% Yogurt 600g	Yogurt
1645	Garmoniya Wild Berries 1.6% Yogurt 600g	Yogurt
1646	Garmoniya Mango Chia 1.6% Yogurt 600g	Yogurt
1647	Garmoniya Thick Sugar Free Yogurt 1.6% 260g	Yogurt
1648	Danone Zhivinka Strawberry Yogurt 1.5% 4pcs 115g	Yogurt
1649	Zhivinka blackcurrant-raspberry yogurt 1.5% 4*115g	Yogurt
1650	Yogurt Zhivinka blueberry 1.5% 115x4g	Yogurt
1651	Yogurt Zlagoda Malyatko Apricot-Carrot for 8+months babies 2.8% 200g	Yogurt
1652	Zlagoda apricot-carrot-banana-pumpkin yogurt-smoothies 2% 280g	Yogurt
1653	Zlagoda mango-flax-banana yogurt-smoothies 2% 280g	Yogurt
1654	Zlagoda orange-grapefruit-green tea yogurt-smoothies 2% 280g	Yogurt
1655	Zlagoda apple-flax-pear-spinach yogurt-smoothies 2% 280g	Yogurt
1656	Mashenka Yogurt with Vanilla 5% 270g	Yogurt
1657	Molokiya Pear-Apple-Linden Smoothie-Yogurt 2% 290g	Yogurt
1658	Molokiya Strawberry-Banana-Basil Smoothie-Yogurt 2% 290g	Yogurt
1659	Molokiya Peach-Passion Fruit -Melissa smoothie-yogurt 2% 290g	Yogurt
1660	Molokiya White Blueberry Yogurt on Berries Pillow 5.7% 140g	Yogurt
1661	Molokiya White Strawberry Yogurt on Berries Pillow 5.7% 140g	Yogurt
1662	Molokiya White Blackberry Yogurt on Berries Pillow 5.7% 140g	Yogurt
1663	Molokiya White Cherry Yogurt on Berries Pillow 5.7% 140g	Yogurt
1664	Molokiya Yogurt-Kiwi-Gooseberry-Chamomile Smoothies 2% 290g	Yogurt
1665	Molokiya Yogurt Classic 1.6% 300g	Yogurt
1666	Molokiya Yogurt 2,5% 300g	Yogurt
1667	Molokiya Greek Yogurt 8% 300g	Yogurt
1668	Molokiya Yogurt white 1,6% 870g	Yogurt
1669	Molokija Strawberry Drinkable Yogurt 1,4% 290g	Yogurt
1670	Molokiya White + Probiotics Drinkable Yogurt 2.5% 430g	Yogurt
1671	Molokiya Yogurt-Mango-Lime-Jasmine Smoothies 2% 290g	Yogurt
1672	Molokiya Yogurt-Watermelon-Blackberry-Lavender Smoothies 2% 290g	Yogurt
1673	Molokiya Yogurt Smoothie Fig-Cherry-Sage 2% 290g	Yogurt
1674	Molokiya Yogurt Smoothie Pumpkin-Plum-Cinnamon 2% 290g	Yogurt
1675	Molokiya Strawberry Drinking Yogurt 1.4% 870g	Yogurt
1676	Molokiya Berry Drinking Yogurt 1.4% 870g	Yogurt
1677	Prostokvashino Yogurt of baked milk 4% 260g	Yogurt
1678	Yagotynske Turkish Yogurt 10% 300g	Yogurt
1679	Yagotynske With Peach Yogurt 1.5 % 400g	Yogurt
1680	Yagotynske With Strawberry Yogurt 1.5 % 400g	Yogurt
1681	Yagotinsky Yogurt Strawberry 1,5% 850g	Yogurt
1682	Yagotinsky Classic Yogurt Without Filler 1,5% 270g	Yogurt
1683	Yagotinsky Classic Yogurt Without Filler 1,5% 850g	Yogurt
1684	Yagotinsky Yogurt Dried apricots-hazelnut-cereals 1,7% 270g	Yogurt
1685	Yagotinsky Yogurt Peach 1,5% 850g	Yogurt
1686	Yagotynskyaj Strawberry Yogurt 1,5% 270g	Yogurt
1687	Yagotinsky Yogurt Quinoa-seeds 1,5% 270g	Yogurt
1688	Yagotinsky Yogurt Mango-passion fruit 1,5% 270g	Yogurt
1689	Yagotinsky Yogurt Blueberry 1,5% 850g	Yogurt
1690	Yagotinsky Yogurt Cherry-pomegranate 1,5% 270g	Yogurt
1691	Yagotinsky Yogurt Flax-vanilla 1,6% 270g	Yogurt
1692	Yagotynskyaj Peach Yogurt 1,5% 270g	Yogurt
1693	Yagotynske For Children Peach From 8 + Months Babies Yogurt 2.5% 200g	Yogurt
1694	Romol Mashenka Strawberry Jam Dessert Yogurt 5% 270g	Yogurt
1695	Romol Mashenka Blueberry Jam Dessert Yogurt 5% 270g	Yogurt
1696	Chudo Yogurt Cocktail Mango Sorbet 3.7% 270g	Yogurt
1697	Chudo Yogurt Cocktail Strawberries in Chocolate 3.7% 270g	Yogurt
1698	Chudo Yogurt Spanish Orange 2.5% 270g	Yogurt
1699	Onur Turkish yogurt 3.8% 250g	Yogurt
1700	Na zdorovya peach and sea-buckthorn yogurt 1.5% 290g	Yogurt
1701	Na zdorovya apple and celery yogurt 1.5% 290g	Yogurt
1702	Chudo Yogurt with Strawberries 2.5% 540g	Yogurt
1703	Chudo Yogurt with Cherry-Wild Cherry 2.5% 540g	Yogurt
1704	Chudo Yogurt with Peach-Apricot 2.5% 540g	Yogurt
1705	Na zdorovya muesli with bran yogurt 1.5% 290g	Yogurt
1706	Na zdorovya sugar free yogurt 1% 290g	Yogurt
1707	Na zdorovya with raspberry-currant yogurt 1.5% 290g	Yogurt
1708	Chudo Yogurt Strawberry Ice Cream 2.5% 270g	Yogurt
1709	Fanni Yogurt With Peach Flavor	Yogurt
1710	Fanni Yogurt With Strawberry & Banana Flavor	Yogurt
1711	Golden kings of Ukraine Dr.Granola Pumpkin, Apple and Cinnamon Granola 125g	Breakfast cereals and porridge
1712	Golden kings of Ukraine Dr.Granola Granola Crispy Sugar Free Breakfast 150g	Breakfast cereals and porridge
1713	Golden kings of Ukraine Dr.Granola Pumpkin and Apple Granola 125g	Breakfast cereals and porridge
1714	NESTLÉ® NESQUIK® cereal 225g	Breakfast cereals and porridge
1715	NESTLÉ® NESQUIK® MIX Cereal 225g	Breakfast cereals and porridge
1716	NESTLÉ® NESQUIK® MIX cereal 460g	Breakfast cereals and porridge
1717	NESTLÉ® NESQUIK® cereal 125g	Breakfast cereals and porridge
1718	NESTLÉ® NESQUIK® Alphabet cereal 460g	Breakfast cereals and porridge
1719	NESTLÉ® LION® cereal 250g	Breakfast cereals and porridge
1720	NESTLÉ® CINI-MINIS® cinnamon cereal 250g	Breakfast cereals and porridge
1721	NESTLÉ® CHOCO CORN FLAKES gluten free cereal 450g	Breakfast cereals and porridge
1722	NESTLÉ® STRAWBERRY-MINIS® cereal with strawberry flavour 250g	Breakfast cereals and porridge
1723	NESTLÉ® CINI-MINIS® cinnamon cereal 450g	Breakfast cereals and porridge
1724	NESTLÉ® FITNESS® Honey&Almond whole grain cereal 400g	Breakfast cereals and porridge
1725	NESTLÉ® HONEY NUT CORN FLAKES gluten free cereal 500g	Breakfast cereals and porridge
1726	NESTLÉ® FITNESS®&Fruits whole grain cereal 400g	Breakfast cereals and porridge
1727	NESTLÉ® FITNESS® Original whole grain cereal 420g	Breakfast cereals and porridge
1728	Start! 4 Cereals Loops Dry Breakfast 75g	Breakfast cereals and porridge
1729	Start! With Milky Filling Grain Pillows Dry Breakfast 100g	Breakfast cereals and porridge
1730	Start! Honey Corn Flakes Dry Breakfast 280g	Breakfast cereals and porridge
1731	Start! Cocoa Balls Grain Dry Breakfast 250g	Breakfast cereals and porridge
1732	Start! With Milky Filling Grain Pillows Dry Breakfast 250g	Breakfast cereals and porridge
1733	Start! Honey Corn Flakes Dry Breakfast 90g	Breakfast cereals and porridge
1734	Start! Cocoa Balls Grain Dry Breakfast 75g	Breakfast cereals and porridge
1735	Start! Frosted Corn Flakes Dry Breakfast 90g	Breakfast cereals and porridge
1736	Start! Frosted Corn Flakes Dry Breakfast 280g	Breakfast cereals and porridge
1737	Start! Duo Balls Grain Dry Breakfast 250g	Breakfast cereals and porridge
1738	Start! Jolly Roger Grain Dry Breakfast 500g	Breakfast cereals and porridge
1739	Muesli Start with chocolate 330g	Breakfast cereals and porridge
1740	Start! With Caramel Filling Pillows Dry Breakfast 250g	Breakfast cereals and porridge
1741	Start! Natural Corn Flakes Dry Breakfast 270g	Breakfast cereals and porridge
1742	Start! Cocoa Balls Grain Dry Breakfast 500g	Breakfast cereals and porridge
1743	Start! Mavka With Baked Milk Taste Balls Dry Breakfast 75g	Breakfast cereals and porridge
1744	Start! Mavka With Chocolade Taste Rings Dry Breakfast 75g	Breakfast cereals and porridge
1745	Start! Honey Corn Flakes Dry Breakfast 850g	Breakfast cereals and porridge
1746	Start! Duo Balls Dry Grain Breakfast 500g	Breakfast cereals and porridge
1747	Start! With Cocoa Filling Grain Pillows Dry Breakfast 250g	Breakfast cereals and porridge
1748	Granola Sunfill with hazelnuts 200g	Breakfast cereals and porridge
1749	Granola Sunfill with goji berries 200g	Breakfast cereals and porridge
1750	San grano oat flakes 500g	Breakfast cereals and porridge
1751	San grano with flax seeds oat flakes 500g	Breakfast cereals and porridge
1752	Flakes San grano oat 500g	Breakfast cereals and porridge
1753	Granola Sante fruit 50g	Breakfast cereals and porridge
1754	Granola Sante with chocolate 50g	Breakfast cereals and porridge
1755	Granola Sante raspberry 350g	Breakfast cereals and porridge
1756	Granola Sante with nuts 350g	Breakfast cereals and porridge
1757	Dry breakfast Sante fruit 350g	Breakfast cereals and porridge
1758	Dry breakfast Sante banana 350g	Breakfast cereals and porridge
1759	Super Hercules Oat flakes 600g	Breakfast cereals and porridge
1760	Super hercules with dried apricots oat flakes 500g	Breakfast cereals and porridge
1761	Doctor Benner Chocolate and Almonds Granola 300g	Breakfast cereals and porridge
1762	Dr.Benner Trio Mix Ready-To-Eat Breakfast 150g	Breakfast cereals and porridge
1763	Doctor Benner Crunch apricot 375g	Breakfast cereals and porridge
1764	Doctor Benner Strawberry Granola 300g	Breakfast cereals and porridge
1765	Doctor Benner Crunch cherry 375g	Breakfast cereals and porridge
1766	Dr.Benner Duo Balls Ready-To-Eat Breakfast 150g	Breakfast cereals and porridge
1767	Doctor Benner Fitness Muesli 400g	Breakfast cereals and porridge
1768	Doctor Benner granola berry 300g	Breakfast cereals and porridge
1769	Doctor Banner Coconut Crunches 375g	Breakfast cereals and porridge
1770	Doctor Benner Chocolate Crunchyes 375g	Breakfast cereals and porridge
1771	Doctor Benner Elite Muesli 400g	Breakfast cereals and porridge
1772	Doctor Benner granola with nut coconut and honey 300g	Breakfast cereals and porridge
1773	Dr.Benner Ready Breakfast Croco Duo 150g	Breakfast cereals and porridge
1774	Dr.Benner Ready Breakfast Cacao Balls 150g	Breakfast cereals and porridge
1775	Bruggen Tender Oatmeal 500g	Breakfast cereals and porridge
1776	AXA Harmony Mineralized Multigrain Flakes 350g	Breakfast cereals and porridge
1777	АХА With Cranberries Quick-Cooking Oat Porridge 40g	Breakfast cereals and porridge
1778	Axa With Apple And Cinnamon Quick-Cooking Oatmeal Porridge 40g	Breakfast cereals and porridge
1779	AXA With Blueberries Quick-Cooking Oatmeal Porridge 40g	Breakfast cereals and porridge
1780	АХА With Cream And Strawberries Quick-Cooking Oatmeal Porridge 40g	Breakfast cereals and porridge
1781	АХА With Creams And Nuts In Caramel Oat Instant Porridge 40g	Breakfast cereals and porridge
1782	AXA With Cream And Cranberries Instant Porridge 40g	Breakfast cereals and porridge
1783	AXA Premium Express Instant Oat Flakes 450g	Breakfast cereals and porridge
1784	AXA Premium Whole Grains Oat Flakes 450g	Breakfast cereals and porridge
1785	АХА With Tropical Fruits Quick-Cooking Oat Porridge 40g	Breakfast cereals and porridge
1786	АХА With Cream And Wild Berry Quick-Cooking Oatmeal Porridge 40g	Breakfast cereals and porridge
1787	АХА With Dried Apricots Quick-Cooking Oatmeal Porridge 40g	Breakfast cereals and porridge
1788	AXA Harmony Multigrain With Tropical Fruits Flakes 400g	Breakfast cereals and porridge
1789	Axa Granola Cereals With Tropical Fruits Dry Breakfast 40g	Breakfast cereals and porridge
1790	АХА Granola Cereals With Berries Dry Breakfast 40g	Breakfast cereals and porridge
1791	Axa Couscous Porridge with Tomatoes and Paprika 40g	Breakfast cereals and porridge
1792	AXA Bulgur With Vegetables, Smoked Tomatoes And Greens Porridge 40g	Breakfast cereals and porridge
1793	Vivsyanochka Fitness Instant Cooking Oatmeal Porridge 450g	Breakfast cereals and porridge
1794	Vivsyanochka Premium Instant Cooking Oatmeal Porridge 450g	Breakfast cereals and porridge
1795	Dobrodia mixture of flakes 7 cereals 400g	Breakfast cereals and porridge
1796	Oat Flakes Dobrodia Super Hercules 400g	Breakfast cereals and porridge
1797	Flakes Dobrodiya 700g oat Superhercules No.1	Breakfast cereals and porridge
1798	Dobrodia buckwheat flakes 500g	Breakfast cereals and porridge
1799	Flakes Dobrodia grains 700g	Breakfast cereals and porridge
1800	Dobrodia Oat Bran 200g	Breakfast cereals and porridge
1801	Dobrodia Oat Flakes #1 400g	Breakfast cereals and porridge
1802	Zhmenka with tomatoes and basil risotto 200g	Breakfast cereals and porridge
1803	Zhmenka Couscous in Moroccan 70g	Breakfast cereals and porridge
1804	Zhmenka Couscous with Ginger 70g	Breakfast cereals and porridge
1805	QuickEat Porridge with apple and cranberry 55g	Breakfast cereals and porridge
1806	Zhmenka Couscous with Tomatoes and Chili Pepper 70g	Breakfast cereals and porridge
1807	QuickEat Porridge with mango and coconut 55g	Breakfast cereals and porridge
1808	QuickEat Porridge with peach and almond 55g	Breakfast cereals and porridge
1809	QuickEat Porridge with apple and blueberries 55g	Breakfast cereals and porridge
1810	Zhmenka Couscous with Lemon and Mint 70g	Breakfast cereals and porridge
1811	Skviryanka quick-cooking buckwheat flakes 700g	Breakfast cereals and porridge
1812	Skviryanka quick-cooking oat flakes 400g	Breakfast cereals and porridge
1813	Skviryanka without gluten quick-cooking corn flakes 400g	Breakfast cereals and porridge
1814	Skviryanka Organic Oat Flakes 400g	Breakfast cereals and porridge
1815	Skviryanka Organic Buckwheat Flakes	Breakfast cereals and porridge
1816	Skviryanka Organic Instant Corn Flakes	Breakfast cereals and porridge
1817	Flakes Khutorok Extra oat ready-to-cook 400g packaged Ukraine	Breakfast cereals and porridge
1818	Oat flakes Khutorok Extra quick-cooking 800g	Breakfast cereals and porridge
1819	Flakes mix Khutorok Extra 800g	Breakfast cereals and porridge
1820	Eco Oatmeal Porridge with Apple and Cinnamon 41g	Breakfast cereals and porridge
1821	Eco Oatmeal Porridge with Dried Apricots 41g	Breakfast cereals and porridge
1822	Eco Oatmeal Porridge with Berries 41g	Breakfast cereals and porridge
1823	Kozub Organic Barley Flakes	Breakfast cereals and porridge
1824	Kozub Organic Millet Flakes	Breakfast cereals and porridge
1825	Kozub Flakes 7 cereals + pumpkin seeds 600g	Breakfast cereals and porridge
1826	Flakes Kozub 600g 9 cereals + flax c/p	Breakfast cereals and porridge
1827	Kozub product Hercules Oat flakes 500g	Breakfast cereals and porridge
1828	Kozub Fitness Oatmeal Flakes	Breakfast cereals and porridge
1829	Flakes Kozub 500g oatmeal Most Tender c/p	Breakfast cereals and porridge
1830	Kozub Product Fitness Instant Cutted Oat Flakes With Brans 500g	Breakfast cereals and porridge
1831	Flakes Kozub 500g oat Fitness	Breakfast cereals and porridge
1832	Flakes Kozub product buckwheat 400g	Breakfast cereals and porridge
1833	ККС Tropic Muesli 425g	Breakfast cereals and porridge
1834	ККС Exotic Muesli 425g	Breakfast cereals and porridge
1835	Vitba bran cereals with buckwheat 130g	Breakfast cereals and porridge
1836	Pap Alta vista oat 500g packaged	Breakfast cereals and porridge
1837	Kozub Organic Oat Flakes 500g	Breakfast cereals and porridge
1838	Kozub Organic Oatmeal Flakes	Breakfast cereals and porridge
1839	Kozub Oat, Wheat, Barley Organic Flakes Mix 500g	Breakfast cereals and porridge
1840	Vitba Cornflakes Golden without Sugar 330g	Breakfast cereals and porridge
1841	ККС Fruit Muesli 425g	Breakfast cereals and porridge
1842	Akura Dried Laminaria 25g	Canned food
1843	Fish tuna Altomar in olive oil 160g can	Canned food
1844	Bella Napoli Red Kidney Beans 400g	Canned food
1845	Bella Napoli chopped tomatoes 400g	Canned food
1846	Bella Napoli peeled tomatoes 400g	Canned food
1847	Bella Napoli 4 Beans Mix 400g	Canned food
1848	Buena Oliva Pitted Green Olives with Anchovies 314ml	Canned food
1849	Buena Oliva Pitted Green Olives with Lemon 314ml	Canned food
1850	Calvo Mexican canned tuna salad 150g	Canned food
1851	Calvo in american sauce squid 115g	Canned food
1852	Calvo in own juice tuna 160g	Canned food
1853	Calvo in own juice squid 115g	Canned food
1854	Calvo Sardines with sunflower oil 120g	Canned food
1855	Calvo California canned tuna salad 150g	Canned food
1856	Calvo in olive oil tuna 160g	Canned food
1857	Calvo in oil fish tuna 160g	Canned food
1858	Calvo Mussels in Brine 115g	Canned food
1859	Calvo Sardine in Olive Oil 120g	Canned food
1860	Fish line in own juice fish tuna 185g	Canned food
1861	Fish line atlantic cod-liver 230g	Canned food
1862	Fish line in oil fish tuna 185g	Canned food
1863	Fish Line in oil sprats 160g	Canned food
1864	Fish Line in oil sprats 190g	Canned food
1865	Fish Line in oil sprats 240g	Canned food
1866	Hungry Papa Classic Humus 250g	Canned food
1867	Hungry Papa Thinh Humus 250g	Canned food
1868	Hungry Papa Zaatar Humus 250g	Canned food
1869	Hame stewed pork meat 400g	Canned food
1870	Meat Hame canned 340g can	Canned food
1871	Vegetables pea Heinz green canned 400g	Canned food
1872	Vegetables corn Heinz canned 400g can	Canned food
1873	Hokkaido Club Kelp Algae is dry 25g	Canned food
1874	Kuhne Pepperoni hot pepper 300g	Canned food
1875	Kuhne Mais Kolbchen canned corn 180g	Canned food
1876	Kuhne in marinade cucumber 330g	Canned food
1877	Kuhne red pepper canned 340g	Canned food
1878	Kuhne canned dried tomato 340g	Canned food
1879	Kuhne canned onion 320g	Canned food
1880	Fish tuna Maremi in olive oil 160g can	Canned food
1881	Fish tuna Maremi in own juice 160g	Canned food
1882	MitCimus pepper Cherios Truffle with feta cheese 300g	Canned food
1883	Vegetables pepper red Mitcimus in oil 350g glass jar	Canned food
1884	Mit Cimus Cherry Pepper with Cheese 350g	Canned food
1885	Rio Oiginal Korean Champignons 520g	Canned food
1886	Rio With Mushrooms And Vegetables In Tomato Sauce Kidney Beans 480g	Canned food
1887	olive Rio black with bone 300g can Ukraine	Canned food
1888	Rio Olives with Cucumber 280g	Canned food
1889	olive Rio green with bone 300g can	Canned food
1890	olive Rio green pitted 300g can	Canned food
1891	Mushrooms cup mushrooms Rio whole 480ml glass jar	Canned food
1892	Rio Champignon	Canned food
1893	olive Rio black pitted 300g can	Canned food
1894	Sacla Hummus from Chickpeas Canned 190g	Canned food
1895	olive St.michele green pitted 370g	Canned food
1896	St. Michele Pitted Black Olives 358ml	Canned food
1897	St.Michele Gordal Whole Green Olives 340ml	Canned food
1898	St. Michele Boneless Green Olives 358ml	Canned food
1899	St.Michele Chalkidiki Whole Green Olives 370g	Canned food
1900	St.Michele Olives with Cucumber 380g	Canned food
1901	St.Michele Olives with Almonds 380g	Canned food
1902	St.Michele Olives with Pepper 380g	Canned food
1903	YoFi! Classic With Chickpeas Hummus 250g	Canned food
1904	YoFi! With Basil And Dried Tomatos Hummus 250g	Canned food
1905	Yofi Toskansʹkyy Sad for sandwich humus 250g	Canned food
1906	Humus Yofi wasabi for sandwich 250g	Canned food
1907	Bonduelle green pea 530g	Canned food
1908	Bonduelle White In Sauce Kidney Bean	Canned food
1909	Bonduelle in tomato sauce white bean 425ml	Canned food
1910	Bonduelle Soft Corn	Canned food
1911	Bonduelle Extra with carrot been 400g	Canned food
1912	Bonduelle Red Beans	Canned food
1913	Bonduelle Soft Corn 170g	Canned food
1914	Bonduelle Gold sweet corn 530g	Canned food
1915	Bonduelle Gold Sweet Corn	Canned food
1916	Bonduelle Canned Green Pea 425ml	Canned food
1917	Bonduelle Mexican Mix Vegetable Mix t/c 425g	Canned food
1918	Bonduelle  Vegetable Mix Chili Mix Can 310g	Canned food
1919	Bonduelle Red Beans In Spicy Chili Sauce	Canned food
1920	Bonduelle Green Peas	Canned food
1921	The Banka beans in a gentle sauce sterilized 500g	Canned food
1922	The Banka beans in tomato sauce sterilized 500g	Canned food
1923	Cucumbers jar 300g gourmet pickles	Canned food
1924	Assorted vegetables Trio Jar 470	Canned food
1925	The Banka beans with mushrooms and vegetables in tomato sauce 500g	Canned food
1926	Cucumbers jar 460g pickled gherkins	Canned food
1927	Aquamyr in oil canned sprats 160g	Canned food
1928	Aquamyr №5 in tomato canned fish gobies 230g	Canned food
1929	Alan Firm Canned Ham 325g	Canned food
1930	Alan Canned Beef Ham 325g	Canned food
1931	Pap Alan pork with buckwheat canned 525g can Ukraine	Canned food
1932	Alan Canned chicken meat in own juice 525g	Canned food
1933	Alan Canned Buckwheat Porridge With Beef 525g	Canned food
1934	Alan Canned Stewed Beef 338g	Canned food
1935	Alan Kiev Ham canned 325g	Canned food
1936	Veres Pickled Cucumbers 300g	Canned food
1937	Veres Red Beans 400g	Canned food
1938	Veres Посольський Pickled Spicy Pepper 280g	Canned food
1939	Veres Ukrainian kidney beans 550g	Canned food
1940	Veres Posolskiy Green Peas 420g	Canned food
1941	Veres Pikantni Pickled Cucumbers 500g	Canned food
1942	Veres Posolska Shugar Corn 340g	Canned food
1943	Veres Caviar Vegetable with Mushrooms 500g	Canned food
1944	Veres Eggplant with Vegetables 500g	Canned food
1945	Veres Beans with Mushrooms 500g	Canned food
1946	Veres Delicatessen Mushrooms 460g	Canned food
1947	Veres Saute Salad 510g	Canned food
1948	Veres Green Peas 400g	Canned food
1949	Veres Bulgarian Lecho 500g	Canned food
1950	Veres Vegetable Ragout 500g	Canned food
1951	Veres Eggplant in Adjika 500g	Canned food
1952	Veres Sweet Pepper 500g	Canned food
1953	Veres Posolsky Champignons 260g	Canned food
1954	Veres Canned Tomato 780g	Canned food
1955	Veres Beans with Vegetables 500g	Canned food
1956	Veres Posolʹsʹki Pickled Cucumbers 300g	Canned food
1957	Veres Eggplant Caviar Extra 500g	Canned food
1958	Veres Zakarpatska Vegetable Appetizer 500g	Canned food
1959	Veres Pickled Cucumbers 770g	Canned food
1960	Veres Snack Marinated Champignons 260g	Canned food
1961	Veres Nut 400g	Canned food
1962	Veres Green Peas 510g	Canned food
1963	Veres Tender Beans 400g	Canned food
1964	Veres Zakusochni Marinated Champignons 460g	Canned food
1965	Veres Pickled Cucumbers 500g	Canned food
1966	Veres Marinated Cherry Tomatoes 500g	Canned food
1967	Veres Sweet Corn	Canned food
1968	Veres Zucchini Caviar Extra 500g	Canned food
1969	Vodnyi Mir Salted In Marinade Mussles 150g	Canned food
1970	Aquamyr canned fish saira 240g	Canned food
1971	Fish sardines Ekvator canned 240g can	Canned food
1972	Sprats Ekvator in oil 160g can	Canned food
1973	Fish atlantic mackerel Ekvator in oil 240g can	Canned food
1974	Ekvator Cod Liver 100g	Canned food
1975	Ekvator in oil canned sprats 190g	Canned food
1976	Ekvator Sprats in Oil with Key 170g	Canned food
1977	Ekvator atlantic blanched in oil sardines 240g	Canned food
1978	Ekvator Fried In Tomato Sauce Catfish 230g	Canned food
1979	Ekvator Fried In Tomato Sauce Gobies 280g	Canned food
1980	Ellada Pitted Black Olives 850ml	Canned food
1981	Ellada Green Olives with Bones 850ml	Canned food
1982	Ellada Black Olives with Bones 850ml	Canned food
1983	Ellada Pitted Green Olives 850ml	Canned food
1984	Ginger Healthy family crushed with sugar 350g	Canned food
1985	Kleva Black Sea Sprat Fried in Tomato Sauce 240g	Canned food
1986	Kleva Bulls Fried in Tomato Sauce 240g	Canned food
1987	Morskoy Proliv Natural With Oil Atlantic Mackrel 240g	Canned food
1988	Morskoy Proliv Natural With Oil Sardines 240g	Canned food
1989	Morskoy Proliv natural pink salmon 185g	Canned food
1990	Morskoy Proliv Seafood Cocktail 185g	Canned food
1991	Fish sardines Morskoy proliv in oil 240g	Canned food
1992	Nashi kovbasy Canned Beef Stew 525g	Canned food
1993	Nashi kovbasy Stewed Pork 525g	Canned food
1994	Nashi kovbasy Pork Cossack stew 338g	Canned food
1995	Santa Bremor pickled laminaria 150g	Canned food
1996	Santa Bremor Chuka seaweed salad 150g	Canned food
1997	Santa Bremor with carrot pickled laminaria 150g	Canned food
1998	Khutorok Marinated Mushrooms 300ml	Canned food
1999	Khutorok Assorted Mushrooms 350g	Canned food
2000	Cucumbers Khutorok 530ml gherkins	Canned food
2001	Boletus Khutorok 350ml marinated	Canned food
2002	Khutorok Gruzdi Snack Marinated 350g	Canned food
2003	Honey mushrooms Khutorok 350ml marinated	Canned food
2004	Cucumbers Khutorok 680ml 6-9cm canned	Canned food
2005	Khutorok Squash Paste 500g	Canned food
2006	Khutorok Peas green 410g	Canned food
2007	Hutorok Pickled Tmatoes 700g	Canned food
2008	Khutorok Corn Sugar 410g	Canned food
2009	Chumak in oil sun dried tomato 280g	Canned food
2010	Shinkar Korean Carrot 900g	Canned food
2011	Shynkar Korean Beetroot 300g	Canned food
2012	Shinkar Pickled Plum 300g	Canned food
2013	Shynkar Salted Cornichon Cucumbers 500g	Canned food
2014	Shinkar Sauerkraut 400g	Canned food
2015	Shinkar Cabbage Pickled 900g	Canned food
2016	Shinkar Pickled Salt Cucumber 1000g	Canned food
2017	Shinkar Koresn Carrot Salad 400g	Canned food
2018	Shinkar Celery Marinated 300g	Canned food
2019	Salad cabbage Shinkar pickled 300g	Canned food
2020	Shinkar Salted Tomatoes 1kg	Canned food
2021	Laminaria Shinkar mushroom 300g Ukraine	Canned food
2022	Shinkar Pickled Eggplants 300g	Canned food
2023	Shinkar with vegetables laminaria 300g	Canned food
2024	Salad Shinkar cabbage pepper 400g	Canned food
2025	Akvamaryn Blanching In Oil Sardines 230g	Canned food
2026	Akvamaryn Roasted In Tomato Sauce Gobies 230g	Canned food
2027	Akvamaryn canned in oil fish saury 230g	Canned food
2028	Akvamaryn Natural Cod Liver 115g	Canned food
2029	Aquamarine Tuna Fillet in Oil 185g	Canned food
2030	Aquamarine Tuna for salads in oil 185g	Canned food
2031	Akwamarin Atlantic mackerel in oil 230g	Canned food
2032	Akvamaryn In Oil Sprats 230g	Canned food
2033	Akvamaryn In Tomato Sauce Sardines 230g	Canned food
2034	Akvamaryn Sprats roasted in tomato sauce 230g	Canned food
2035	Akvamaryn In Oil Sprats	Canned food
2036	Krill meat Akvamaryn 105g can	Canned food
2037	Akvamaryn With Oil Sardines 230g	Canned food
2038	Iberica Olives with Almonds 370g	Canned food
2039	Vegetables Iberica pickled 100g glass jar	Canned food
2040	Fish tuna Iberica canned 266g can	Canned food
2041	Iberica Olives in Style of Moho Picon 370g	Canned food
2042	Iberica canned capers 100g	Canned food
2043	Green olives BUENA OLIVA 314 ml	Canned food
2044	Black olives BUEENA OLIVA 314 ml	Canned food
2045	Rio Mare In Oil Fish Tuna	Canned food
2046	Vegetables corn Marinado Sugar canned 425ml	Canned food
2047	Vegetables pea Marinado canned 420g	Canned food
2048	Vegetables cucumber Marinado canned 720g glass jar	Canned food
2049	Morski Baltic Sprat Fried in Tomato Sauce 230g	Canned food
2050	Sapori del Monasteri Stuffed Cheese Red Pepper 180g	Canned food
2051	Sapori Dei Monasteri Stuffed With Cheese Sun Dried Tomatoes 180g	Canned food
2052	Sapori Dei Monasteri Stuffed With Cheese Green Olives 180g	Canned food
2053	Sapori Dei Monasteri Stuffed With Cheese Pickled Vegetables Mix 180g	Canned food
2054	Sapori Dei Monasteri Sun Dried Tomatoes 180g	Canned food
2055	Sapori del Monasteri Stuffed With Cheese Red Cherry Pepper 180g	Canned food
2056	Sapori del Monasteri Stuffed Cheese Red Pepper 180g	Canned food
2057	Sapori Dei Monasteri Stuffed With Cheese 3 Colors Cherry Pepper 180g	Canned food
2058	Iberica with anchovy green olive 300g	Canned food
2059	Iberica mini with bone black olive 300g	Canned food
2060	Iberica Mini Boneless Black Olives 300g	Canned food
2061	Iberica with bone green olive 170g	Canned food
2062	Iberica Pitted Green Olives	Canned food
2063	IRF Natural With Oil Sardines 230g	Canned food
2064	Iberica with lemon green olive 300g	Canned food
2065	Iberica Pitted Green Olives 170g	Canned food
2066	Marinado pickled cucumber 720g	Canned food
2067	Caviar Marinado Boyarskiy squash canned 480ml glass jar	Canned food
2068	Marinado pickled tomato 720g	Canned food
2069	Fish sprat in tomato sauce 240g can	Canned food
2070	Fish saury №5 canned 240g	Canned food
2071	Fish gobies №3 in tomato sauce 240g can	Canned food
2072	Fish sardines №5 canned 240g	Canned food
2073	Morskyy Prolyv Sardines with Oil 240g	Canned food
2074	Baltijas №2 in oil canned fish sprat 160g	Canned food
2075	Fish tuna №5 canned 240g can	Canned food
2076	olive Champion black pitted 370ml can Spain	Canned food
2077	olive Champion green pitted 370ml can Spain	Canned food
2078	Caviar Champion squash 430ml glass jar Ukraine	Canned food
2079	Vegetables corn Champion canned 425g can Hungary	Canned food
2080	Seafood squid Proliv chilled 185g can	Canned food
2081	Seafood mussles Proliv chilled 185g can	Canned food
2082	Fish salmon №5 pieces 240g can	Canned food
2083	Sprats Flotilia in oil 200g	Canned food
2084	IRF Gobies in Tomato Sauce 230g	Canned food
2085	Iberica with bone black olive 420g	Canned food
2086	Fish sardines with addition of butter 200g	Canned food
2087	Iberica Large Boneless Black Olives 420g	Canned food
2088	ITLV Olive green with a bone of 314 ml	Canned food
2089	Marinado Pickled Whole Champignons 314ml	Canned food
2090	ITLV Olive black with bone 314ml	Canned food
2091	ITLV Olive black without bone 314ml	Canned food
2092	Morskie Atlantic Sardines with Addition of Oil 240g	Canned food
2093	Marinado Pickled Whole Champignons 480ml	Canned food
2094	ITLV Olive green witout bone 314ml	Canned food
2095	Fish sardines Pan okean №5 canned 220g can	Canned food
2096	Skandynaviya Sprats in Oil Glass 250g	Canned food
2097	Skandynaviya Sprats in Olive Oil 190g	Canned food
2098	Skandynaviya Cod Liver Club 120g	Canned food
2099	Iberica Pitted Olives without Brine with Provance Herbs 70g	Canned food
2100	Oscar Green Olives with lemon 300ml	Canned food
2101	olive Oscar black with bone 314ml can	Canned food
2102	Oscar Pitted Green Olives 300ml	Canned food
2103	Iberica Pitted Olives without Brine with Garlic and Thyme 70g	Canned food
2104	Oscar Pitted Black Olives 300ml	Canned food
2105	Iberica Pitted Olives without Brine with and Paprika 70g	Canned food
2106	Oscar Green Olives with Anchovies 300g	Canned food
2107	Iberica Pitted Olives without Brine with Red Pepper 70g	Canned food
2108	Vegetables capers Iberica canned 720g glass jar	Canned food
2109	Vegetables capers Iberica canned 250g glass jar	Canned food
2110	Vegetables garlic Iberica canned 100g glass jar	Canned food
2111	Vegetables capers Iberica canned 250g glass jar	Canned food
2112	Vegetables onion Iberica Piquant canned 100g glass jar	Canned food
2113	Kaija in oil fish sardines 240g	Canned food
2114	Kaija in oil atlantic mackerel 240g	Canned food
2115	Kaija in tomato sauce fish sprat 240g	Canned food
2116	Fish tuna Kaija canned 185g	Canned food
2117	Kaija Mexicano Tuna with Vegetables 185g	Canned food
2118	Sapori del Monasteri Black Olives Stuffed with Cheese 180g	Canned food
2119	Rio Mare In Own Juice Fish Tuna	Canned food
\.


--
-- Data for Name: sales; Type: TABLE DATA; Schema: public; Owner: postgres
--

COPY public.sales (id, store_id, product_id, amount, date) FROM stdin;
11	15	1680	307	2020-08-24
12	48	628	789	2020-10-05
13	72	312	419	2020-06-08
14	30	391	219	2020-02-07
15	20	903	764	2020-08-14
16	93	1749	701	2020-08-20
17	33	1882	790	2020-02-18
18	6	987	187	2020-01-08
19	13	426	643	2020-03-26
20	50	1422	69	2020-02-26
21	17	916	871	2020-12-29
22	22	1482	460	2020-10-07
23	36	793	96	2020-05-08
24	42	512	390	2020-10-13
25	68	377	852	2020-03-15
26	72	800	820	2020-12-07
27	64	1734	278	2020-08-13
28	86	555	724	2020-10-05
29	89	424	233	2020-02-29
30	37	1291	94	2020-06-20
31	63	776	285	2020-04-30
32	44	933	58	2020-03-22
33	83	1277	913	2020-02-18
34	82	46	565	2020-11-15
35	62	400	451	2020-07-06
36	73	585	116	2020-02-05
37	96	2005	562	2020-10-13
38	80	1197	994	2020-08-08
39	17	1888	882	2020-12-05
40	22	1371	983	2020-06-05
41	32	623	746	2020-10-18
42	19	1494	980	2020-06-14
43	88	880	264	2020-07-17
44	11	2017	176	2020-05-04
45	31	380	618	2020-04-13
46	4	216	896	2020-03-22
47	29	388	266	2020-04-29
48	93	1970	306	2020-10-09
49	10	154	565	2020-11-19
50	98	819	812	2020-03-03
51	77	1003	237	2020-12-16
52	33	232	828	2020-10-23
53	91	1985	990	2020-08-07
54	2	1279	88	2020-12-09
55	68	141	169	2020-04-16
56	26	1619	530	2020-08-17
57	4	134	613	2020-06-17
58	2	1517	51	2020-12-08
59	56	1610	233	2020-09-15
60	81	157	470	2020-01-13
61	45	767	311	2020-07-04
62	90	1076	310	2020-02-16
63	70	1119	573	2020-03-14
64	62	798	863	2020-02-20
65	5	463	732	2020-04-05
66	6	205	600	2020-02-08
67	4	229	577	2020-06-18
68	71	477	497	2020-03-22
69	77	1370	360	2020-12-22
70	86	1825	953	2020-02-21
71	7	537	483	2020-11-13
72	47	1771	279	2020-07-28
73	79	217	625	2020-08-18
74	56	801	429	2020-09-25
75	39	1965	488	2020-08-12
76	71	715	195	2020-05-14
77	58	351	435	2020-12-23
78	88	1898	336	2020-10-09
79	2	2022	214	2020-09-01
80	85	1832	943	2020-08-25
81	35	370	566	2020-06-03
82	18	489	960	2020-11-30
83	47	1606	625	2020-12-19
84	15	1708	555	2020-08-23
85	69	286	582	2020-12-22
86	100	569	546	2020-01-04
87	12	1063	723	2020-12-20
88	36	230	11	2020-03-28
89	4	1501	143	2020-08-14
90	8	1360	700	2020-04-09
91	47	606	218	2020-12-15
92	35	1176	220	2020-10-23
93	82	2045	107	2020-05-10
94	96	1091	397	2020-02-12
95	62	1625	283	2020-08-28
96	14	1071	41	2020-02-19
97	16	1881	694	2020-03-30
98	13	1422	426	2020-06-19
99	5	1339	390	2020-01-11
100	9	1385	732	2020-02-20
101	78	1400	295	2020-04-11
102	12	672	805	2020-11-19
103	58	1084	496	2020-10-22
104	93	1506	188	2020-03-14
105	43	1141	292	2020-11-19
106	98	788	545	2020-11-18
107	51	101	801	2020-09-19
108	17	61	487	2020-01-03
109	12	953	387	2020-08-26
110	26	796	51	2020-11-17
111	71	2078	255	2020-03-09
112	46	880	145	2020-01-01
113	38	547	474	2020-04-30
114	24	2110	606	2020-07-10
115	25	543	650	2020-08-10
116	73	1954	319	2020-08-05
117	41	271	735	2020-07-19
118	6	2030	162	2020-07-09
119	68	92	735	2020-04-23
120	76	516	284	2020-04-01
121	72	262	408	2020-08-18
122	60	689	1000	2020-12-18
123	58	1861	472	2020-01-05
124	19	1753	451	2020-06-28
125	96	1292	713	2020-09-30
126	63	775	887	2020-11-25
127	28	1252	157	2020-09-16
128	42	465	849	2020-10-19
129	47	1238	746	2020-03-02
130	58	769	370	2020-07-15
131	6	168	391	2020-09-04
132	43	489	757	2020-01-05
133	55	1547	550	2020-01-29
134	16	127	885	2020-07-16
135	77	1105	161	2020-12-21
136	100	64	269	2020-03-30
137	2	2052	904	2020-07-20
138	41	1363	447	2020-03-07
139	47	2071	581	2020-03-01
140	11	962	43	2020-04-28
141	12	1546	140	2020-07-15
142	4	1441	47	2020-08-05
143	49	514	855	2020-05-07
144	48	968	426	2020-06-29
145	72	1028	785	2020-11-21
146	58	1082	946	2020-10-25
147	53	1659	351	2020-09-13
148	10	1631	816	2020-01-21
149	61	967	689	2020-09-30
150	59	423	271	2020-06-05
151	53	531	622	2020-07-11
152	64	29	636	2020-09-19
153	72	1600	770	2020-12-26
154	16	614	893	2020-05-04
155	34	319	974	2020-02-05
156	13	955	663	2020-12-18
157	97	88	826	2020-01-13
158	30	407	959	2020-04-25
159	35	922	566	2020-10-26
160	79	684	449	2020-04-29
161	36	899	854	2020-09-13
162	36	1657	603	2020-01-20
163	45	8	802	2020-02-04
164	56	1203	264	2020-10-16
165	6	1693	466	2020-08-20
166	92	1373	259	2020-01-01
167	44	595	314	2020-04-08
168	78	1348	445	2020-06-12
169	57	1829	344	2020-02-26
170	1	819	221	2020-02-25
171	56	1542	622	2020-08-11
172	7	208	177	2020-12-26
173	99	1748	749	2020-05-30
174	17	633	437	2020-10-02
175	10	511	655	2020-12-26
176	7	176	692	2020-09-07
177	2	518	781	2020-09-23
178	88	788	917	2020-12-14
179	98	1415	783	2020-07-21
180	69	1761	261	2020-04-15
181	46	198	876	2020-12-29
182	54	178	562	2020-04-19
183	43	1683	528	2020-09-20
184	100	45	266	2020-11-21
185	21	1705	832	2020-02-19
186	59	602	1000	2020-06-26
187	89	1495	969	2020-11-23
188	89	668	601	2020-10-01
189	72	984	383	2020-12-23
190	1	1243	379	2020-08-23
191	89	1638	784	2020-06-03
192	11	1421	244	2020-11-07
193	2	779	115	2020-06-10
194	55	1142	313	2020-06-04
195	97	1067	427	2020-12-10
196	4	346	827	2020-05-18
197	74	1293	233	2020-09-22
198	80	1316	156	2020-05-13
199	5	91	635	2020-01-07
200	61	1278	56	2020-03-19
201	25	1887	343	2020-12-07
202	13	60	553	2020-09-17
203	99	489	355	2020-04-25
204	13	1482	355	2020-04-27
205	43	710	956	2020-05-09
206	9	1415	762	2020-01-10
207	40	772	793	2020-05-12
208	85	1265	936	2020-04-09
209	9	1747	782	2020-07-16
210	78	1646	611	2020-11-04
211	58	546	791	2020-03-23
212	37	1204	273	2020-01-11
213	69	1692	82	2020-07-24
214	44	457	151	2020-02-12
215	87	783	888	2020-12-12
216	42	220	879	2020-08-04
217	78	1494	53	2020-05-06
218	17	1967	722	2020-08-17
219	21	883	450	2020-06-23
220	58	54	616	2020-09-30
221	66	2057	591	2020-03-09
222	16	1796	214	2020-09-19
223	69	22	281	2020-04-26
224	65	1466	168	2020-06-07
225	90	1307	108	2020-10-11
226	96	1245	4	2020-11-23
227	91	1450	234	2020-01-19
228	67	1952	644	2020-07-17
229	45	1043	761	2020-03-04
230	100	1160	370	2020-07-18
231	44	1984	95	2020-01-24
232	21	822	616	2020-12-15
233	82	1594	314	2020-01-13
234	35	1179	805	2020-01-12
235	2	1074	480	2020-01-03
236	24	1826	870	2020-05-17
237	2	1204	580	2020-11-16
238	43	1093	714	2020-08-22
239	7	193	453	2020-08-02
240	55	1699	18	2020-05-01
241	33	2074	361	2020-03-01
242	80	837	576	2020-03-03
243	49	291	200	2020-07-13
244	99	548	410	2020-01-14
245	89	358	900	2020-03-03
246	59	1678	4	2020-06-07
247	98	196	473	2020-09-12
248	86	311	964	2020-05-27
249	50	1184	154	2020-07-16
250	54	1292	901	2020-04-14
251	11	15	732	2020-09-03
252	26	1300	944	2020-09-29
253	12	1868	628	2020-05-29
254	90	703	304	2020-08-06
255	33	1810	491	2020-03-11
256	86	74	87	2020-04-11
257	36	1638	923	2020-07-18
258	88	898	663	2020-06-30
259	3	1710	227	2020-03-02
260	17	718	961	2020-12-20
261	58	263	556	2020-12-09
262	83	381	617	2020-09-30
263	89	2024	401	2020-03-01
264	69	86	993	2020-04-26
265	41	521	546	2020-01-18
266	57	2083	307	2020-04-22
267	20	886	365	2020-05-05
268	22	481	214	2020-08-14
269	97	355	880	2020-12-22
270	19	347	424	2020-08-14
271	12	2105	706	2020-11-04
272	75	686	661	2020-04-20
273	40	1040	485	2020-07-27
274	46	188	579	2020-09-19
275	7	1232	521	2020-09-27
276	45	2046	303	2020-01-27
277	66	291	51	2020-07-30
278	42	1257	639	2020-02-26
279	70	861	130	2020-01-29
280	87	1833	813	2020-02-11
281	8	1448	771	2020-01-22
282	81	9	147	2020-07-18
283	28	6	374	2020-06-10
284	63	486	87	2020-09-06
285	65	1523	391	2020-10-03
286	87	1503	143	2020-08-03
287	23	1843	133	2020-06-03
288	98	946	833	2020-04-11
289	24	1311	227	2020-12-18
290	42	1338	12	2020-08-03
291	38	2049	598	2020-08-15
292	91	436	175	2020-03-28
293	32	1087	793	2020-01-31
294	87	796	700	2020-06-05
295	62	1194	752	2020-12-29
296	13	1229	138	2020-10-07
297	43	799	457	2020-06-28
298	16	1756	681	2020-10-11
299	38	113	846	2020-12-28
300	48	1159	123	2020-08-11
301	64	2033	928	2020-10-23
302	66	803	770	2020-12-14
303	10	2114	505	2020-11-10
304	77	1524	505	2020-12-25
305	50	2030	179	2020-02-10
306	28	302	669	2020-09-24
307	59	1718	729	2020-02-02
308	63	755	55	2020-03-31
309	100	2049	596	2020-02-09
310	28	1010	463	2020-10-06
311	29	2051	968	2020-10-05
312	56	1659	764	2020-07-24
313	75	391	139	2020-11-06
314	33	318	987	2020-10-11
315	85	444	838	2020-06-03
316	81	1953	361	2020-06-14
317	81	376	248	2020-12-06
318	2	1609	618	2020-09-08
319	14	1784	776	2020-05-22
320	97	786	424	2020-08-28
321	28	854	235	2020-05-02
322	54	312	975	2020-10-31
323	91	2087	173	2020-06-30
324	59	1048	788	2020-05-23
325	85	721	262	2020-01-13
326	67	1519	816	2020-04-01
327	88	1149	474	2020-04-10
328	61	1004	269	2020-08-29
329	90	1783	397	2020-06-28
330	26	2102	948	2020-03-01
331	2	1570	523	2020-08-21
332	95	297	735	2020-08-09
333	97	872	240	2020-11-04
334	69	2113	911	2020-11-21
335	52	1440	622	2020-07-19
336	27	1255	674	2020-11-09
337	51	38	514	2020-05-28
338	16	162	903	2020-07-22
339	99	214	439	2020-06-03
340	25	2035	798	2020-05-21
341	27	943	455	2020-02-28
342	64	1721	560	2020-12-18
343	53	1545	999	2020-07-28
344	81	245	451	2020-06-22
345	27	842	928	2020-02-15
346	29	460	743	2020-01-11
347	99	1802	447	2020-02-04
348	28	1889	645	2020-10-16
349	3	1379	598	2020-03-23
350	70	1248	92	2020-08-09
351	31	323	595	2020-05-22
352	85	584	263	2020-08-07
353	52	2044	34	2020-03-04
354	24	1983	238	2020-10-29
355	68	1896	68	2020-03-06
356	12	423	119	2020-02-17
357	69	97	130	2020-03-28
358	74	2107	966	2020-07-09
359	25	389	299	2020-06-04
360	51	571	305	2020-12-12
361	92	1353	125	2020-01-20
362	95	223	289	2020-02-14
363	88	443	14	2020-11-12
364	15	1288	57	2020-10-29
365	30	1940	885	2020-04-24
366	56	1264	43	2020-10-22
367	17	1753	853	2020-10-23
368	29	112	737	2020-02-22
369	78	1165	900	2020-05-05
370	76	1688	856	2020-06-09
371	17	654	665	2020-04-04
372	76	771	700	2020-03-08
373	17	401	34	2020-09-03
374	71	1284	839	2020-01-03
375	81	983	675	2020-11-06
376	67	1700	557	2020-03-03
377	9	1908	991	2020-11-01
378	2	1336	308	2020-09-07
379	98	630	563	2020-12-16
380	29	1386	703	2020-02-03
381	49	1833	169	2020-02-19
382	85	1537	960	2020-08-17
383	77	409	648	2020-12-08
384	68	424	969	2020-11-16
385	31	2010	464	2020-10-06
386	40	1661	829	2020-03-12
387	66	1120	178	2020-08-12
388	6	1605	725	2020-01-23
389	20	409	62	2020-01-31
390	83	304	955	2020-08-05
391	2	2014	784	2020-03-28
392	49	87	59	2020-01-06
393	96	392	472	2020-05-07
394	73	1673	978	2020-03-30
395	9	1560	662	2020-04-30
396	32	173	259	2020-12-17
397	92	933	593	2020-08-12
398	13	189	887	2020-03-14
399	80	1631	992	2020-12-21
400	93	1749	533	2020-02-18
401	21	1349	172	2020-10-20
402	56	193	413	2020-12-27
403	63	1900	658	2020-11-07
404	29	507	910	2020-09-05
405	16	1450	464	2020-02-05
406	5	1087	19	2020-04-22
407	60	2093	825	2020-01-12
408	55	98	565	2020-08-25
409	65	745	550	2020-06-05
410	98	78	346	2020-12-03
411	21	2027	455	2020-05-12
412	67	1745	566	2020-09-01
413	87	148	551	2020-02-04
414	59	140	180	2020-10-29
415	67	36	176	2020-12-20
416	35	235	334	2020-12-25
417	86	1284	40	2020-08-21
418	27	157	251	2020-07-21
419	53	899	990	2020-10-01
420	10	2014	1000	2020-07-18
421	32	217	204	2020-07-14
422	45	1167	495	2020-09-29
423	43	1850	381	2020-01-25
424	39	1741	680	2020-02-23
425	31	269	663	2020-07-30
426	63	866	961	2020-02-06
427	22	1099	208	2020-10-20
428	52	44	274	2020-04-23
429	74	1216	344	2020-01-06
430	87	423	383	2020-03-25
431	98	1679	77	2020-05-20
432	12	666	386	2020-03-30
433	31	1867	982	2020-07-15
434	1	648	347	2020-10-17
435	95	2049	330	2020-09-01
436	6	1072	945	2020-07-26
437	97	1467	956	2020-05-08
438	34	423	969	2020-09-17
439	56	1365	476	2020-02-01
440	97	572	18	2020-07-20
441	82	1247	300	2020-06-02
442	87	688	393	2020-06-18
443	79	1592	388	2020-05-13
444	32	1092	479	2020-12-18
445	78	120	470	2020-10-23
446	93	982	279	2020-02-17
447	27	1141	415	2020-06-11
448	33	2038	914	2020-04-12
449	60	87	434	2020-06-26
450	3	801	633	2020-11-27
451	91	195	239	2020-09-22
452	75	1400	470	2020-07-23
453	46	670	536	2020-01-11
454	32	2083	901	2020-01-11
455	45	1545	648	2020-01-15
456	96	1405	851	2020-02-06
457	7	1224	832	2020-11-16
458	34	296	608	2020-10-19
459	100	325	911	2020-07-09
460	63	1686	221	2020-03-01
461	4	1531	947	2020-03-28
462	56	981	125	2020-06-05
463	86	253	400	2020-08-18
464	76	1713	190	2020-05-12
465	17	1490	992	2020-09-20
466	100	488	187	2020-09-17
467	68	489	758	2020-11-14
468	3	1832	18	2020-10-15
469	73	513	770	2020-04-05
470	29	198	895	2020-01-17
471	30	2026	81	2020-02-19
472	47	1252	784	2020-06-30
473	96	2028	942	2020-04-05
474	96	351	369	2020-01-28
475	60	268	409	2020-03-13
476	31	1691	925	2020-03-09
477	71	1167	298	2020-09-22
478	81	604	320	2020-09-20
479	18	1236	433	2020-10-30
480	10	1963	744	2020-08-16
481	17	520	7	2020-12-28
482	8	1123	431	2020-12-07
483	48	380	891	2020-03-20
484	54	2055	283	2020-03-06
485	39	469	78	2020-02-08
486	88	785	890	2020-08-03
487	15	2118	107	2020-10-14
488	57	1160	243	2020-05-09
489	1	1918	199	2020-10-05
490	15	322	115	2020-08-07
491	1	2097	631	2020-05-17
492	93	1336	146	2020-11-10
493	39	1580	111	2020-06-05
494	73	1002	4	2020-12-08
495	74	1234	794	2020-12-06
496	59	976	886	2020-11-29
497	82	408	364	2020-09-08
498	8	1659	864	2020-04-20
499	96	1564	270	2020-03-17
500	60	1423	810	2020-12-26
501	77	462	292	2020-12-30
502	72	59	867	2020-05-07
503	25	254	628	2020-11-24
504	65	910	817	2020-04-27
505	75	1970	642	2020-01-01
506	81	1530	5	2020-05-26
507	26	1245	348	2020-10-26
508	80	544	204	2020-11-27
509	76	1768	304	2020-02-01
510	26	1613	357	2020-04-16
511	97	504	489	2020-12-27
512	17	1782	681	2020-01-09
513	71	1994	883	2020-02-01
514	64	1395	153	2020-09-20
515	22	876	953	2020-07-16
516	91	1504	383	2020-02-04
517	57	103	468	2020-04-02
518	7	136	976	2020-12-20
519	98	1883	243	2020-03-09
520	48	647	719	2020-06-06
521	70	1935	431	2020-08-24
522	60	984	72	2020-01-16
523	42	669	368	2020-06-09
524	6	1826	568	2020-01-02
525	73	1633	499	2020-12-06
526	31	405	583	2020-11-21
527	35	1992	684	2020-02-21
528	20	839	798	2020-03-12
529	69	11	56	2020-05-08
530	42	1733	648	2020-12-06
531	36	460	615	2020-11-25
532	23	85	176	2020-03-22
533	56	1969	732	2020-12-25
534	30	1067	204	2020-05-05
535	52	1356	157	2020-05-23
536	8	1476	932	2020-09-01
537	97	218	913	2020-04-06
538	10	210	674	2020-07-18
539	77	882	523	2020-01-09
540	22	796	79	2020-01-26
541	50	1559	143	2020-02-13
542	58	150	853	2020-08-25
543	27	1083	402	2020-12-18
544	61	1607	882	2020-10-12
545	90	1563	85	2020-02-17
546	60	822	628	2020-05-07
547	12	1982	623	2020-12-04
548	56	1309	882	2020-09-11
549	60	1592	401	2020-07-09
550	72	864	959	2020-11-13
551	72	1081	150	2020-08-26
552	17	289	793	2020-11-21
553	96	1509	676	2020-11-21
554	28	1058	690	2020-02-18
555	92	2099	755	2020-04-24
556	1	1132	358	2020-06-08
557	60	378	274	2020-07-06
558	55	1680	690	2020-05-18
559	56	933	407	2020-12-05
560	39	1227	371	2020-06-27
561	96	93	413	2020-10-08
562	55	1186	865	2020-01-13
563	40	2039	711	2020-12-16
564	29	1500	305	2020-07-26
565	39	685	930	2020-10-24
566	3	1591	202	2020-08-21
567	92	2034	164	2020-05-20
568	19	1656	77	2020-06-22
569	18	1810	428	2020-01-04
570	35	1282	139	2020-12-15
571	22	1543	646	2020-08-31
572	25	1498	2	2020-12-24
573	46	994	79	2020-10-29
574	17	1935	572	2020-03-04
575	83	214	450	2020-02-22
576	26	1143	907	2020-08-25
577	5	1736	217	2020-07-16
578	99	185	299	2020-12-15
579	86	1835	271	2020-07-03
580	51	596	121	2020-03-30
581	21	169	427	2020-05-11
582	68	1917	14	2020-11-20
583	43	1980	319	2020-05-25
584	34	917	846	2020-06-07
585	72	950	776	2020-11-29
586	59	1034	187	2020-01-16
587	50	858	16	2020-10-25
588	44	1209	419	2020-05-02
589	95	1565	629	2020-05-14
590	12	1993	735	2020-07-04
591	89	1389	308	2020-07-27
592	71	606	766	2020-05-13
593	20	1582	563	2020-06-03
594	54	1671	905	2020-01-15
595	69	1022	478	2020-06-19
596	20	1676	806	2020-12-13
597	47	1668	775	2020-08-25
598	24	1610	707	2020-02-15
599	36	850	395	2020-02-22
600	55	931	612	2020-10-26
601	74	1401	251	2020-08-13
602	13	988	703	2020-02-01
603	24	318	449	2020-06-08
604	49	516	387	2020-09-16
605	79	1427	452	2020-11-30
606	28	1064	448	2020-08-09
607	36	1407	283	2020-05-04
608	59	758	948	2020-06-27
609	43	1083	191	2020-04-20
610	42	1926	66	2020-08-25
611	25	29	746	2020-07-13
612	30	1666	920	2020-08-01
613	33	1662	618	2020-03-12
614	23	32	882	2020-09-29
615	95	584	79	2020-04-07
616	40	1621	592	2020-08-21
617	78	1525	145	2020-11-05
618	25	448	835	2020-11-12
619	23	592	868	2020-07-04
620	21	1663	695	2020-01-16
621	49	115	813	2020-07-12
622	88	762	250	2020-01-20
623	85	1745	97	2020-12-05
624	87	681	853	2020-10-24
625	69	603	113	2020-08-22
626	89	1238	12	2020-06-13
627	46	1407	253	2020-05-03
628	14	1343	251	2020-11-18
629	34	1484	740	2020-08-06
630	88	1520	41	2020-02-17
631	36	1233	548	2020-12-07
632	15	1247	90	2020-09-02
633	98	2063	2	2020-09-25
634	67	248	276	2020-05-09
635	79	2105	504	2020-09-28
636	62	1369	464	2020-06-06
637	36	864	881	2020-04-12
638	7	1390	918	2020-09-10
639	5	460	353	2020-04-02
640	37	1539	694	2020-12-04
641	39	1079	516	2020-12-15
642	3	1035	151	2020-11-14
643	78	1272	520	2020-04-09
644	7	2050	523	2020-12-08
645	26	38	598	2020-03-30
646	11	1640	651	2020-06-16
647	60	636	167	2020-07-17
648	82	1551	300	2020-10-30
649	53	1148	841	2020-03-30
650	33	29	169	2020-11-19
651	89	1281	894	2020-07-11
652	51	1741	986	2020-01-30
653	36	1119	136	2020-02-24
654	33	2056	150	2020-03-26
655	57	871	984	2020-01-08
656	90	1702	65	2020-07-28
657	28	561	644	2020-09-19
658	33	644	355	2020-07-29
659	53	332	287	2020-01-01
660	47	566	646	2020-06-10
661	59	493	31	2020-08-02
662	78	41	772	2020-10-09
663	53	705	359	2020-10-19
664	98	426	46	2020-01-03
665	82	1336	444	2020-06-23
666	54	418	849	2020-11-12
667	10	929	757	2020-02-26
668	56	1724	192	2020-03-29
669	51	10	703	2020-09-06
670	38	317	238	2020-03-11
671	13	659	373	2020-10-26
672	75	581	317	2020-07-09
673	95	636	633	2020-06-17
674	90	1321	506	2020-08-26
675	70	656	166	2020-02-15
676	37	943	733	2020-04-03
677	76	1196	428	2020-01-28
678	79	212	640	2020-01-02
679	75	12	957	2020-04-23
680	28	343	270	2020-07-23
681	67	978	294	2020-05-10
682	55	1130	850	2020-11-27
683	86	1101	864	2020-04-15
684	14	1875	85	2020-11-06
685	85	1169	468	2020-02-09
686	67	691	219	2020-01-17
687	22	1086	74	2020-10-16
688	2	467	650	2020-03-30
689	52	800	508	2020-03-16
690	79	1213	893	2020-06-13
691	64	845	823	2020-07-21
692	24	941	352	2020-02-13
693	22	1980	844	2020-03-23
694	70	80	831	2020-01-13
695	24	1344	581	2020-02-08
696	96	1152	281	2020-10-20
697	91	1059	991	2020-05-20
698	29	2080	880	2020-06-09
699	89	1772	270	2020-12-13
700	37	556	742	2020-11-13
701	51	1	154	2020-12-19
702	42	2000	265	2020-09-15
703	67	1822	286	2020-12-19
704	43	1963	96	2020-12-08
705	40	1070	792	2020-07-13
706	66	485	249	2020-04-13
707	16	78	661	2020-06-12
708	58	985	740	2020-08-27
709	85	1941	868	2020-05-22
710	24	422	878	2020-12-13
711	13	1772	830	2020-10-24
712	93	1777	61	2020-03-29
713	34	829	227	2020-06-01
714	46	1504	697	2020-02-01
715	63	400	516	2020-06-24
716	19	1287	733	2020-07-06
717	2	116	727	2020-07-08
718	39	47	318	2020-09-24
719	5	328	543	2020-06-23
720	64	1035	784	2020-08-26
721	20	1076	429	2020-11-14
722	29	454	518	2020-05-21
723	88	1486	256	2020-11-19
724	95	1047	945	2020-12-15
725	81	1383	240	2020-02-27
726	89	1319	481	2020-02-01
727	52	36	369	2020-05-08
728	99	720	161	2020-05-26
729	96	1775	655	2020-09-09
730	30	1904	87	2020-06-01
731	47	570	665	2020-03-22
732	3	1609	47	2020-11-12
733	39	495	788	2020-06-08
734	54	409	214	2020-11-14
735	54	1771	257	2020-04-11
736	79	2064	161	2020-08-09
737	99	1953	997	2020-11-10
738	71	1763	647	2020-11-23
739	31	1038	27	2020-07-28
740	65	1432	135	2020-05-25
741	51	1768	491	2020-07-23
742	28	367	683	2020-07-22
743	91	1747	179	2020-05-08
744	50	1194	973	2020-05-29
745	39	1977	239	2020-07-08
746	35	656	372	2020-11-02
747	16	1133	293	2020-12-04
748	80	1536	885	2020-08-04
749	16	720	849	2020-07-31
750	99	1272	814	2020-10-28
751	4	1546	72	2020-02-24
752	45	630	73	2020-12-08
753	10	324	396	2020-11-01
754	95	1699	989	2020-09-13
755	77	1325	877	2020-03-28
756	54	263	517	2020-07-01
757	82	556	133	2020-05-24
758	51	882	632	2020-04-17
759	25	693	547	2020-10-01
760	53	1158	412	2020-10-14
761	33	860	902	2020-05-28
762	20	662	153	2020-10-01
763	36	1349	779	2020-02-02
764	6	316	910	2020-09-20
765	14	641	628	2020-10-30
766	50	406	884	2020-05-21
767	75	691	184	2020-01-04
768	69	1971	869	2020-06-01
769	83	1502	487	2020-10-15
770	25	2117	120	2020-06-14
771	4	1401	802	2020-07-23
772	34	1209	623	2020-12-11
773	74	1518	161	2020-05-27
774	62	733	835	2020-11-09
775	67	362	574	2020-03-04
776	18	105	289	2020-01-26
777	11	1096	572	2020-07-09
778	68	503	225	2020-03-28
779	47	941	538	2020-10-01
780	73	2091	797	2020-09-25
781	4	1674	757	2020-04-19
782	7	671	733	2020-04-16
783	17	615	59	2020-11-21
784	64	1968	933	2020-12-14
785	17	37	368	2020-05-24
786	68	1930	142	2020-02-03
787	17	611	695	2020-09-29
788	46	911	914	2020-02-01
789	17	1851	889	2020-02-21
790	13	99	998	2020-06-27
791	75	1686	277	2020-02-05
792	29	539	923	2020-03-10
793	48	1326	946	2020-09-13
794	1	11	845	2020-11-18
795	50	556	24	2020-06-17
796	10	2034	193	2020-05-31
797	92	691	565	2020-05-27
798	79	276	864	2020-06-04
799	24	1762	232	2020-01-17
800	74	1602	314	2020-11-18
801	29	425	274	2020-11-26
802	14	902	789	2020-08-23
803	76	1228	842	2020-02-16
804	78	1174	923	2020-07-31
805	45	303	386	2020-09-06
806	86	1950	854	2020-03-17
807	32	358	560	2020-11-30
808	82	1537	761	2020-09-30
809	14	949	555	2020-07-09
810	82	1803	811	2020-07-01
811	33	1719	648	2020-05-26
812	17	319	425	2020-03-10
813	60	507	804	2020-07-28
814	85	303	138	2020-04-15
815	4	1816	97	2020-02-09
816	61	228	348	2020-05-10
817	97	635	270	2020-01-05
818	52	1103	896	2020-03-09
819	85	1384	846	2020-05-24
820	4	692	428	2020-12-07
821	59	1734	40	2020-08-10
822	99	1934	608	2020-12-03
823	83	607	623	2020-05-17
824	31	832	51	2020-08-18
825	4	1885	968	2020-01-23
826	72	1649	34	2020-11-23
827	61	352	955	2020-12-03
828	47	816	559	2020-12-06
829	37	1535	489	2020-08-19
830	45	1943	207	2020-10-30
831	41	870	883	2020-03-20
832	97	902	457	2020-05-02
833	70	1744	233	2020-01-16
834	12	678	59	2020-03-15
835	50	259	960	2020-04-20
836	32	565	357	2020-02-10
837	47	362	15	2020-11-06
838	50	1848	864	2020-10-22
839	39	1540	603	2020-01-12
840	55	1564	856	2020-08-06
841	31	719	215	2020-05-11
842	38	1789	546	2020-12-07
843	65	1147	679	2020-12-22
844	78	236	648	2020-06-15
845	85	886	220	2020-02-15
846	92	1211	222	2020-01-01
847	18	52	221	2020-07-08
848	71	1144	504	2020-01-02
849	82	1076	796	2020-12-24
850	40	1190	538	2020-10-01
851	62	879	83	2020-12-28
852	26	1031	414	2020-07-17
853	46	1782	612	2020-04-30
854	76	568	168	2020-06-23
855	13	540	500	2020-08-29
856	22	1265	929	2020-10-11
857	3	1861	752	2020-10-11
858	26	1521	134	2020-06-20
859	27	1933	545	2020-02-28
860	13	1510	288	2020-03-06
861	10	310	659	2020-01-15
862	90	355	71	2020-09-20
863	32	708	3	2020-07-15
864	75	1657	394	2020-08-11
865	38	1182	239	2020-03-31
866	97	1899	734	2020-02-17
867	21	290	888	2020-04-13
868	75	663	637	2020-02-08
869	90	1451	820	2020-07-15
870	72	106	564	2020-09-08
871	51	1197	681	2020-10-12
872	31	1259	257	2020-03-08
873	33	1853	570	2020-09-08
874	90	1666	45	2020-01-04
875	59	51	915	2020-05-29
876	22	1016	797	2020-08-23
877	75	1977	31	2020-10-30
878	7	1880	635	2020-01-28
879	90	1057	426	2020-03-26
880	56	980	806	2020-01-23
881	77	300	510	2020-04-06
882	70	402	793	2020-01-13
883	50	313	841	2020-07-17
884	62	201	365	2020-12-10
885	54	939	562	2020-06-04
886	74	508	758	2020-07-28
887	95	1158	530	2020-10-09
888	44	1670	282	2020-09-27
889	23	1893	255	2020-03-24
890	76	843	448	2020-02-10
891	52	867	667	2020-07-05
892	27	160	655	2020-11-26
893	74	992	812	2020-08-08
894	82	2068	846	2020-11-28
895	75	1030	435	2020-10-23
896	83	1104	242	2020-09-28
897	28	182	857	2020-02-16
898	82	535	167	2020-04-22
899	50	281	78	2020-01-01
900	41	1768	339	2020-03-22
901	15	1083	420	2020-04-09
902	8	309	799	2020-09-08
903	35	518	21	2020-03-08
904	74	216	113	2020-05-16
905	19	919	102	2020-01-28
906	90	2017	605	2020-11-23
907	69	477	889	2020-12-24
908	75	1497	9	2020-12-31
909	15	1011	984	2020-11-16
910	46	1724	522	2020-03-03
911	25	378	954	2020-07-13
912	52	935	772	2020-05-28
913	91	260	750	2020-01-08
914	39	1872	183	2020-10-24
915	86	1536	397	2020-08-14
916	38	1900	911	2020-03-14
917	81	1177	835	2020-05-28
918	57	1077	389	2020-04-27
919	71	558	288	2020-03-21
920	22	595	241	2020-03-15
921	20	1390	602	2020-06-08
922	79	1098	922	2020-03-03
923	56	316	283	2020-01-15
924	80	1983	381	2020-12-23
925	50	1390	514	2020-04-24
926	78	1387	245	2020-09-03
927	48	543	608	2020-02-28
928	64	901	167	2020-02-23
929	38	564	82	2020-02-24
930	90	545	949	2020-01-23
931	35	994	837	2020-11-21
932	19	717	569	2020-02-09
933	25	412	85	2020-12-12
934	2	723	214	2020-11-22
935	92	756	477	2020-07-21
936	15	15	549	2020-11-11
937	92	2106	893	2020-09-12
938	93	441	354	2020-01-24
939	76	1196	364	2020-08-20
940	7	1601	894	2020-02-28
941	91	459	944	2020-04-20
942	32	1049	792	2020-02-03
943	64	1974	850	2020-10-01
944	59	419	306	2020-09-25
945	59	1086	828	2020-04-19
946	68	2021	164	2020-07-25
947	43	1153	599	2020-02-28
948	36	1280	276	2020-10-27
949	83	595	528	2020-12-07
950	86	1665	902	2020-05-18
951	66	15	437	2020-11-22
952	5	788	665	2020-06-18
953	1	281	2	2020-06-23
954	80	652	812	2020-02-21
955	27	785	839	2020-10-10
956	16	1446	639	2020-09-11
957	76	937	238	2020-04-27
958	47	1409	863	2020-05-23
959	80	436	665	2020-12-03
960	79	1934	30	2020-11-04
961	26	1983	632	2020-05-13
962	43	2089	629	2020-02-05
963	89	479	283	2020-05-12
964	14	867	320	2020-04-30
965	100	1654	897	2020-07-06
966	25	286	522	2020-01-18
967	7	612	53	2020-12-29
968	53	119	922	2020-10-28
969	18	43	953	2020-01-09
970	7	761	562	2020-06-01
971	75	621	767	2020-09-05
972	7	991	16	2020-07-22
973	26	1713	286	2020-05-28
974	67	128	108	2020-01-06
975	92	1422	289	2020-11-01
976	45	516	851	2020-12-24
977	93	698	37	2020-05-26
978	79	1775	558	2020-04-22
979	95	1754	685	2020-03-31
980	45	872	665	2020-05-20
981	65	2050	670	2020-01-23
982	45	1560	715	2020-01-12
983	37	1672	264	2020-01-09
984	81	1893	470	2020-10-31
985	24	353	95	2020-02-19
986	24	825	761	2020-09-28
987	21	1266	369	2020-06-11
988	45	252	142	2020-06-21
989	22	946	696	2020-03-18
990	23	1306	722	2020-06-30
991	33	1326	610	2020-06-20
992	97	1259	168	2020-02-20
993	8	1136	288	2020-01-20
994	42	489	971	2020-05-14
995	55	1694	647	2020-07-01
996	26	339	21	2020-11-30
997	72	1765	769	2020-05-29
998	97	1970	863	2020-06-07
999	84	520	76	2020-06-18
1000	13	833	338	2020-03-14
1001	76	1445	206	2020-02-10
1002	64	911	608	2020-06-16
1003	11	120	590	2020-04-03
1004	15	1651	698	2020-07-16
1005	100	2092	784	2020-06-26
1006	16	248	95	2020-04-30
1007	100	1945	173	2020-01-07
1008	76	1751	919	2020-06-09
1009	6	1732	955	2020-06-08
1010	40	1096	762	2020-08-12
1011	39	597	684	2020-05-01
1012	44	444	98	2020-01-22
1013	41	1761	119	2020-07-02
1014	96	1677	917	2020-01-07
1015	88	1999	111	2020-12-15
1016	29	1603	451	2020-11-30
1017	1	360	223	2020-05-25
1018	58	10	782	2020-04-21
1019	60	1221	804	2020-05-05
1020	88	1018	781	2020-06-23
1021	1	1723	896	2020-11-17
1022	54	604	278	2020-04-20
1023	38	1153	979	2020-05-20
1024	75	48	801	2020-05-06
1025	44	682	787	2020-10-17
1026	100	1268	246	2020-05-07
1027	64	1260	398	2020-06-10
1028	65	16	780	2020-12-05
1029	23	1822	836	2020-04-02
1030	93	728	757	2020-09-25
1031	56	155	506	2020-10-28
1032	79	1786	922	2020-02-11
1033	69	403	670	2020-11-27
1034	21	204	109	2020-12-28
1035	26	1669	233	2020-03-14
1036	32	1811	635	2020-09-10
1037	99	1155	467	2020-06-27
1038	12	415	276	2020-07-24
1039	81	668	491	2020-02-29
1040	2	1462	502	2020-03-04
1041	68	1331	551	2020-07-15
1042	65	881	248	2020-04-08
1043	20	435	893	2020-05-31
1044	74	648	181	2020-05-28
1045	7	24	62	2020-05-05
1046	72	1549	216	2020-07-19
1047	34	2074	195	2020-02-13
1048	85	1372	121	2020-04-13
1049	97	171	124	2020-03-22
1050	22	185	660	2020-11-29
1051	24	1224	990	2020-10-14
1052	74	117	342	2020-09-29
1053	96	1114	444	2020-07-10
1054	15	322	405	2020-03-02
1055	46	115	526	2020-07-29
1056	21	1612	570	2020-12-29
1057	12	1022	767	2020-06-17
1058	80	1441	62	2020-03-17
1059	47	1753	701	2020-12-24
1060	95	1623	813	2020-08-20
1061	24	507	707	2020-03-30
1062	58	1758	160	2020-05-15
1063	34	1828	895	2020-06-06
1064	15	398	337	2020-11-25
1065	75	811	296	2020-02-14
1066	51	1668	709	2020-11-13
1067	28	1369	816	2020-09-13
1068	55	1328	827	2020-10-24
1069	78	1336	987	2020-12-26
1070	92	583	231	2020-11-25
1071	95	527	961	2020-03-27
1072	17	391	860	2020-02-28
1073	54	1619	590	2020-04-04
1074	78	731	839	2020-02-06
1075	95	578	941	2020-09-07
1076	14	1131	327	2020-12-31
1077	57	497	641	2020-10-08
1078	40	1431	224	2020-01-23
1079	23	2021	326	2020-11-02
1080	50	547	42	2020-01-04
1081	61	817	557	2020-02-21
1082	91	1684	254	2020-11-09
1083	33	2030	910	2020-08-08
1084	83	1163	781	2020-03-15
1085	78	1642	583	2020-04-06
1086	35	2093	846	2020-07-09
1087	87	1834	428	2020-09-29
1088	29	1669	699	2020-01-15
1089	86	896	258	2020-08-23
1090	74	1982	220	2020-05-30
1091	9	613	710	2020-11-16
1092	75	352	569	2020-09-17
1093	83	437	75	2020-10-29
1094	24	163	116	2020-10-15
1095	38	619	489	2020-09-23
1096	98	300	61	2020-04-13
1097	10	855	997	2020-02-25
1098	31	1086	29	2020-03-28
1099	89	222	443	2020-04-15
1100	28	2082	330	2020-02-12
1101	76	310	960	2020-01-10
1102	23	865	471	2020-10-30
1103	47	403	426	2020-06-06
1104	55	681	188	2020-09-12
1105	6	1844	842	2020-08-28
1106	64	765	283	2020-06-12
1107	27	866	937	2020-02-13
1108	75	2067	905	2020-05-13
1109	37	1466	182	2020-04-12
1110	20	1202	595	2020-03-16
1111	11	2058	22	2020-05-12
1112	91	307	171	2020-08-06
1113	54	410	348	2020-02-14
1114	28	177	215	2020-11-08
1115	60	398	620	2020-04-04
1116	25	1754	573	2020-02-17
1117	62	821	470	2020-11-06
1118	10	22	650	2020-03-11
1119	31	303	514	2020-10-15
1120	84	1171	296	2020-08-06
1121	80	368	232	2020-01-04
1122	9	1076	119	2020-03-19
1123	63	1726	192	2020-05-13
1124	80	1876	45	2020-01-12
1125	25	481	198	2020-01-22
1126	14	1015	508	2020-04-02
1127	38	1388	975	2020-05-18
1128	87	173	920	2020-03-04
1129	14	1037	343	2020-07-20
1130	67	212	276	2020-11-20
1131	41	436	425	2020-09-05
1132	12	1432	319	2020-02-11
1133	73	2037	799	2020-05-13
1134	26	1294	545	2020-05-04
1135	97	1302	535	2020-06-05
1136	17	1366	665	2020-07-27
1137	54	83	588	2020-07-12
1138	76	735	604	2020-10-28
1139	80	1124	191	2020-07-17
1140	98	1192	844	2020-09-30
1141	54	956	545	2020-11-16
1142	10	1189	518	2020-07-15
1143	31	647	513	2020-09-08
1144	48	561	701	2020-10-12
1145	24	102	365	2020-04-06
1146	80	863	617	2020-07-29
1147	68	226	381	2020-01-13
1148	74	523	621	2020-08-02
1149	18	30	190	2020-01-02
1150	97	1708	66	2020-08-28
1151	67	1650	12	2020-07-21
1152	63	1146	273	2020-08-23
1153	41	456	693	2020-01-21
1154	100	248	183	2020-07-31
1155	40	1226	979	2020-05-18
1156	69	1228	790	2020-07-11
1157	85	2076	735	2020-04-05
1158	42	154	402	2020-08-01
1159	56	1996	375	2020-05-21
1160	96	492	366	2020-08-06
1161	14	1557	436	2020-07-18
1162	78	386	12	2020-01-19
1163	31	281	960	2020-12-05
1164	6	198	972	2020-09-06
1165	60	1417	536	2020-07-09
1166	34	563	410	2020-11-27
1167	75	1721	393	2020-03-31
1168	19	1811	686	2020-08-02
1169	48	110	629	2020-08-10
1170	75	1328	129	2020-09-21
1171	55	733	411	2020-05-29
1172	76	438	631	2020-08-09
1173	54	1631	670	2020-01-15
1174	26	1902	626	2020-02-21
1175	22	1280	727	2020-05-05
1176	47	1207	501	2020-08-22
1177	43	1844	521	2020-08-20
1178	5	1655	304	2020-12-21
1179	23	2043	622	2020-02-26
1180	82	994	21	2020-07-12
1181	32	1979	308	2020-06-17
1182	53	835	143	2020-08-02
1183	43	791	262	2020-10-18
1184	67	765	221	2020-06-27
1185	37	69	821	2020-12-09
1186	40	2000	887	2020-09-23
1187	69	1609	883	2020-09-04
1188	1	1446	95	2020-06-25
1189	53	254	385	2020-06-24
1190	63	1997	495	2020-09-03
1191	49	1483	590	2020-02-15
1192	70	448	861	2020-05-28
1193	29	997	120	2020-10-10
1194	77	225	174	2020-07-25
1195	78	774	172	2020-02-10
1196	50	2066	675	2020-06-16
1197	4	1913	59	2020-07-28
1198	2	1897	397	2020-04-20
1199	97	809	496	2020-04-04
1200	57	269	462	2020-12-12
1201	24	1905	245	2020-09-04
1202	24	1268	635	2020-11-12
1203	71	1789	243	2020-07-04
1204	27	152	401	2020-05-20
1205	42	2115	495	2020-02-27
1206	27	158	44	2020-07-31
1207	68	492	546	2020-12-13
1208	8	1837	401	2020-10-04
1209	18	567	398	2020-09-24
1210	42	1662	886	2020-12-15
1211	87	762	231	2020-06-01
1212	92	1534	79	2020-02-13
1213	30	1216	683	2020-11-23
1214	33	430	991	2020-05-14
1215	25	1096	928	2020-11-16
1216	5	1405	345	2020-12-12
1217	19	599	325	2020-06-29
1218	7	1061	479	2020-02-08
1219	23	82	933	2020-12-24
1220	25	707	922	2020-09-23
1221	90	436	308	2020-03-06
1222	14	178	237	2020-02-03
1223	73	1745	733	2020-07-21
1224	15	476	410	2020-02-22
1225	45	2049	388	2020-04-08
1226	2	633	203	2020-08-15
1227	18	2078	271	2020-02-24
1228	92	361	770	2020-04-12
1229	45	1010	305	2020-10-26
1230	82	1136	399	2020-08-16
1231	90	1118	8	2020-07-26
1232	80	22	19	2020-03-10
1233	61	533	951	2020-12-17
1234	90	591	250	2020-06-27
1235	71	670	153	2020-03-28
1236	15	1730	300	2020-08-30
1237	12	467	923	2020-09-23
1238	76	1317	199	2020-07-01
1239	93	1907	427	2020-04-27
1240	41	683	226	2020-06-21
1241	9	424	597	2020-10-07
1242	97	64	830	2020-10-24
1243	88	548	565	2020-03-01
1244	77	3	20	2020-12-18
1245	51	1100	466	2020-02-03
1246	74	31	825	2020-02-22
1247	66	1117	331	2020-08-23
1248	38	978	772	2020-04-11
1249	33	1856	546	2020-11-07
1250	79	2109	560	2020-09-30
1251	69	12	196	2020-01-15
1252	99	1732	375	2020-12-31
1253	44	1502	407	2020-08-16
1254	62	581	143	2020-04-19
1255	62	1175	246	2020-03-19
1256	6	1471	916	2020-03-14
1257	88	1745	92	2020-07-05
1258	84	708	219	2020-04-23
1259	48	748	340	2020-11-23
1260	1	652	568	2020-12-29
1261	26	268	239	2020-07-21
1262	50	651	101	2020-04-22
1263	8	618	731	2020-08-18
1264	82	1311	210	2020-07-09
1265	24	1479	978	2020-06-13
1266	87	356	264	2020-12-29
1267	91	1145	117	2020-05-18
1268	38	1920	851	2020-02-07
1269	96	731	231	2020-04-23
1270	2	280	167	2020-06-19
1271	11	261	514	2020-05-12
1272	89	1693	701	2020-09-24
1273	6	848	454	2020-07-06
1274	8	1221	862	2020-01-09
1275	67	1446	289	2020-02-17
1276	28	1452	864	2020-06-26
1277	6	476	272	2020-05-19
1278	92	1654	70	2020-04-08
1279	17	1955	477	2020-08-16
1280	9	1287	715	2020-10-23
1281	76	328	155	2020-09-09
1282	88	261	26	2020-06-23
1283	1	738	78	2020-06-21
1284	97	895	291	2020-09-30
1285	53	1458	100	2020-04-15
1286	98	1897	677	2020-11-29
1287	72	1902	980	2020-04-29
1288	95	466	280	2020-09-01
1289	97	131	39	2020-02-28
1290	80	1093	872	2020-07-21
1291	35	1633	415	2020-10-11
1292	76	1292	531	2020-05-10
1293	62	1398	507	2020-07-22
1294	62	514	309	2020-01-19
1295	36	770	368	2020-11-03
1296	61	529	475	2020-03-15
1297	64	838	390	2020-12-26
1298	26	1400	933	2020-10-24
1299	14	1240	7	2020-07-09
1300	17	574	292	2020-02-14
1301	64	1353	581	2020-04-24
1302	65	1506	450	2020-08-02
1303	75	1471	314	2020-05-29
1304	67	1886	448	2020-09-21
1305	28	1454	267	2020-04-20
1306	69	350	922	2020-03-04
1307	79	644	456	2020-08-10
1308	34	2006	31	2020-03-25
1309	95	1878	622	2020-05-18
1310	16	1248	333	2020-10-09
1311	57	431	787	2020-04-07
1312	40	1660	626	2020-02-25
1313	5	1324	855	2020-01-07
1314	93	1744	344	2020-03-02
1315	7	957	405	2020-01-19
1316	82	1558	943	2020-07-02
1317	33	2085	166	2020-10-18
1318	76	1005	574	2020-10-22
1319	30	1653	43	2020-06-26
1320	59	184	698	2020-04-11
1321	66	342	894	2020-08-05
1322	17	26	866	2020-12-12
1323	11	1968	366	2020-05-31
1324	61	797	748	2020-04-12
1325	77	2114	440	2020-03-29
1326	41	1259	657	2020-10-16
1327	20	1022	13	2020-08-29
1328	85	1220	269	2020-06-29
1329	67	1884	718	2020-11-30
1330	85	726	420	2020-04-13
1331	13	1668	440	2020-10-12
1332	41	754	906	2020-04-10
1333	85	838	663	2020-04-06
1334	88	1263	787	2020-09-06
1335	13	321	869	2020-03-24
1336	13	974	684	2020-12-07
1337	29	1828	474	2020-03-10
1338	48	1249	600	2020-11-29
1339	49	1291	608	2020-02-23
1340	66	1093	966	2020-12-05
1341	8	841	841	2020-12-29
1342	55	748	346	2020-09-25
1343	43	528	336	2020-03-24
1344	12	1071	435	2020-08-28
1345	49	1220	789	2020-07-12
1346	84	828	20	2020-05-08
1347	28	1235	679	2020-04-07
1348	83	1650	720	2020-04-21
1349	32	1107	71	2020-10-28
1350	12	2065	953	2020-10-21
1351	32	389	539	2020-09-11
1352	50	167	731	2020-07-10
1353	6	163	456	2020-02-07
1354	16	892	977	2020-06-27
1355	49	1974	225	2020-12-14
1356	33	179	464	2020-06-08
1357	17	1094	944	2020-08-04
1358	46	203	920	2020-09-02
1359	14	763	784	2020-09-29
1360	88	319	240	2020-09-20
1361	41	894	759	2020-10-14
1362	5	1479	907	2020-02-03
1363	99	1633	69	2020-10-28
1364	38	57	182	2020-11-12
1365	42	187	317	2020-12-12
1366	59	621	692	2020-07-24
1367	49	1757	687	2020-09-04
1368	25	1001	792	2020-06-13
1369	44	322	649	2020-10-28
1370	96	2016	860	2020-08-12
1371	79	1245	952	2020-02-28
1372	97	954	699	2020-10-19
1373	23	2105	571	2020-11-27
1374	8	1716	766	2020-12-14
1375	23	774	503	2020-12-22
1376	81	817	800	2020-03-27
1377	78	1924	365	2020-04-11
1378	2	1591	465	2020-08-05
1379	74	131	42	2020-06-12
1380	38	244	885	2020-08-05
1381	28	1235	520	2020-02-04
1382	31	758	403	2020-09-05
1383	11	1853	331	2020-04-05
1384	25	141	504	2020-04-16
1385	11	892	982	2020-01-11
1386	93	1797	604	2020-03-28
1387	27	1145	836	2020-08-16
1388	66	288	800	2020-06-15
1389	89	156	267	2020-10-27
1390	23	307	413	2020-06-17
1391	59	1351	103	2020-08-08
1392	51	663	670	2020-12-27
1393	14	627	59	2020-08-10
1394	35	1363	351	2020-09-22
1395	5	24	839	2020-09-23
1396	100	96	286	2020-03-21
1397	54	1686	651	2020-11-24
1398	81	685	207	2020-12-01
1399	65	67	948	2020-06-29
1400	64	981	276	2020-01-16
1401	92	2033	789	2020-06-19
1402	18	337	553	2020-03-02
1403	77	60	114	2020-01-08
1404	39	1541	850	2020-10-02
1405	64	1988	401	2020-01-20
1406	56	464	313	2020-04-09
1407	32	529	508	2020-02-11
1408	46	405	853	2020-01-29
1409	3	1052	16	2020-02-19
1410	88	246	786	2020-03-05
1411	76	73	441	2020-12-29
1412	50	976	883	2020-01-07
1413	69	566	759	2020-12-31
1414	89	2091	535	2020-01-07
1415	3	580	309	2020-02-11
1416	75	5	539	2020-06-25
1417	64	505	64	2020-04-27
1418	70	868	360	2020-05-26
1419	75	1549	341	2020-12-23
1420	21	1579	167	2020-03-10
1421	93	653	111	2020-04-17
1422	79	729	1000	2020-12-22
1423	35	1025	118	2020-04-02
1424	45	1038	660	2020-01-07
1425	91	1425	566	2020-02-22
1426	69	280	421	2020-06-25
1427	80	310	693	2020-03-07
1428	20	1447	349	2020-03-09
1429	34	1933	141	2020-10-02
1430	70	1517	390	2020-04-15
1431	69	713	480	2020-09-29
1432	36	205	594	2020-06-18
1433	58	733	400	2020-09-13
1434	67	1371	203	2020-06-11
1435	1	2091	984	2020-02-07
1436	12	1911	574	2020-11-06
1437	8	857	108	2020-08-07
1438	20	392	763	2020-03-07
1439	39	1223	340	2020-01-11
1440	58	1107	958	2020-09-22
1441	87	1421	376	2020-07-24
1442	84	1314	973	2020-07-16
1443	2	927	509	2020-02-28
1444	18	645	735	2020-09-14
1445	95	416	106	2020-04-30
1446	32	341	518	2020-06-12
1447	85	1466	696	2020-01-02
1448	85	1184	709	2020-02-27
1449	88	359	560	2020-01-04
1450	20	1277	198	2020-04-12
1451	45	622	4	2020-05-09
1452	58	1684	866	2020-07-16
1453	16	116	623	2020-03-02
1454	44	290	196	2020-12-10
1455	10	187	768	2020-06-06
1456	22	990	582	2020-08-06
1457	36	1427	965	2020-10-09
1458	78	1810	73	2020-06-30
1459	3	327	247	2020-07-02
1460	87	268	71	2020-04-11
1461	46	2035	228	2020-12-31
1462	6	1603	13	2020-08-20
1463	54	1175	2	2020-05-31
1464	66	386	366	2020-07-15
1465	93	953	896	2020-04-29
1466	8	1648	596	2020-11-29
1467	19	1548	134	2020-04-11
1468	65	153	951	2020-08-05
1469	61	2068	7	2020-11-18
1470	20	1583	281	2020-02-08
1471	45	1442	590	2020-04-05
1472	76	285	969	2020-01-17
1473	42	2104	390	2020-02-29
1474	95	1647	7	2020-01-08
1475	68	1987	645	2020-12-08
1476	69	901	981	2020-06-16
1477	35	207	228	2020-08-10
1478	52	74	79	2020-09-05
1479	57	121	859	2020-02-06
1480	75	1479	834	2020-08-29
1481	11	1592	69	2020-02-14
1482	32	823	566	2020-09-12
1483	46	503	858	2020-01-17
1484	47	860	390	2020-05-01
1485	91	1943	745	2020-04-12
1486	33	438	858	2020-11-09
1487	3	1136	999	2020-10-17
1488	8	266	269	2020-03-08
1489	9	1115	179	2020-05-22
1490	37	585	306	2020-04-24
1491	15	1717	905	2020-12-28
1492	90	600	142	2020-01-22
1493	90	1993	890	2020-07-11
1494	86	270	991	2020-01-08
1495	71	2084	135	2020-08-16
1496	64	480	465	2020-06-23
1497	62	1582	781	2020-11-22
1498	2	607	635	2020-12-03
1499	28	1852	325	2020-05-14
1500	89	1353	310	2020-07-26
1501	25	1663	925	2020-11-08
1502	63	1515	613	2020-12-07
1503	26	2061	671	2020-02-29
1504	32	351	493	2020-07-27
1505	60	818	844	2020-07-28
1506	13	501	370	2020-05-22
1507	6	1467	806	2020-07-08
1508	32	1668	701	2020-05-31
1509	41	1742	646	2020-07-22
1510	25	78	476	2020-12-05
1511	6	524	146	2020-06-22
1512	81	170	387	2020-04-08
1513	78	1427	464	2020-07-05
1514	97	393	103	2020-04-06
1515	99	1757	687	2020-08-31
1516	10	1591	903	2020-10-18
1517	78	1815	417	2020-10-12
1518	35	510	989	2020-04-20
1519	48	2096	616	2020-08-25
1520	16	915	471	2020-02-15
1521	9	261	558	2020-11-12
1522	79	1012	562	2020-06-29
1523	65	761	949	2020-02-21
1524	8	8	983	2020-03-06
1525	35	1077	719	2020-08-11
1526	68	1374	32	2020-11-13
1527	33	25	691	2020-01-09
1528	6	566	484	2020-12-18
1529	21	1339	151	2020-06-13
1530	9	1464	995	2020-02-23
1531	13	2104	595	2020-01-28
1532	59	1796	1000	2020-10-31
1533	8	1418	277	2020-07-13
1534	61	854	611	2020-04-04
1535	13	1783	932	2020-04-29
1536	30	1447	656	2020-09-18
1537	13	272	825	2020-02-09
1538	87	1079	472	2020-08-25
1539	29	1841	505	2020-11-02
1540	48	8	99	2020-08-12
1541	74	1638	991	2020-02-27
1542	17	592	948	2020-02-29
1543	44	440	242	2020-01-02
1544	83	168	848	2020-11-05
1545	16	1001	969	2020-02-11
1546	66	1070	371	2020-02-08
1547	29	1841	845	2020-03-25
1548	50	706	424	2020-01-29
1549	87	1286	162	2020-12-23
1550	62	1644	131	2020-03-31
1551	16	1792	288	2020-09-14
1552	33	1321	61	2020-12-27
1553	97	23	232	2020-07-16
1554	20	902	292	2020-09-29
1555	92	730	72	2020-02-20
1556	25	638	296	2020-08-19
1557	52	1680	968	2020-09-13
1558	1	1357	5	2020-04-30
1559	8	936	721	2020-10-21
1560	17	1631	87	2020-06-30
1561	4	1446	978	2020-12-15
1562	64	1327	57	2020-09-06
1563	56	445	421	2020-10-31
1564	26	625	106	2020-09-10
1565	38	1284	760	2020-11-21
1566	68	19	617	2020-11-10
1567	95	1965	169	2020-04-19
1568	67	1141	870	2020-05-23
1569	16	174	603	2020-09-28
1570	13	1117	483	2020-08-18
1571	35	882	513	2020-09-12
1572	15	779	147	2020-01-13
1573	53	1437	491	2020-11-01
1574	53	1217	137	2020-09-15
1575	62	1019	542	2020-02-19
1576	12	910	175	2020-12-19
1577	44	1181	291	2020-02-20
1578	98	792	117	2020-06-21
1579	97	1714	398	2020-06-14
1580	57	634	191	2020-05-02
1581	15	234	517	2020-12-16
1582	37	1270	854	2020-10-25
1583	49	101	190	2020-05-05
1584	41	967	493	2020-07-26
1585	51	1394	150	2020-04-20
1586	29	2100	189	2020-02-10
1587	6	725	877	2020-03-23
1588	47	871	934	2020-09-07
1589	38	1929	103	2020-08-10
1590	28	1490	538	2020-04-04
1591	6	1486	837	2020-11-10
1592	81	2107	731	2020-06-18
1593	61	883	710	2020-11-10
1594	100	1140	626	2020-04-23
1595	87	1151	476	2020-02-21
1596	60	1205	593	2020-04-03
1597	22	1907	165	2020-10-15
1598	69	756	194	2020-11-18
1599	68	1863	32	2020-01-07
1600	50	1010	115	2020-06-24
1601	93	1371	443	2020-11-18
1602	95	913	78	2020-11-15
1603	66	1444	775	2020-12-25
1604	23	554	808	2020-07-27
1605	15	962	193	2020-04-04
1606	89	2023	978	2020-09-11
1607	51	1577	49	2020-01-22
1608	56	922	907	2020-02-05
1609	6	1518	304	2020-09-02
1610	76	1794	571	2020-10-10
1611	24	29	106	2020-09-19
1612	48	778	728	2020-11-22
1613	9	509	838	2020-06-01
1614	3	161	845	2020-01-07
1615	73	1323	795	2020-11-26
1616	1	1880	17	2020-12-23
1617	23	1196	288	2020-09-02
1618	7	500	566	2020-09-01
1619	77	1237	825	2020-05-22
1620	47	481	593	2020-01-02
1621	74	2025	332	2020-07-18
1622	27	689	331	2020-04-06
1623	62	261	308	2020-08-07
1624	66	218	276	2020-06-28
1625	58	1109	665	2020-05-11
1626	15	1067	936	2020-06-05
1627	80	1275	459	2020-11-07
1628	52	449	408	2020-04-18
1629	2	1284	789	2020-05-11
1630	58	1055	696	2020-03-31
1631	96	1051	825	2020-07-28
1632	74	2024	208	2020-09-08
1633	84	1097	840	2020-06-01
1634	20	2044	592	2020-04-20
1635	36	1451	23	2020-06-06
1636	59	1035	314	2020-06-03
1637	7	553	432	2020-03-30
1638	81	371	565	2020-11-13
1639	62	1764	284	2020-10-17
1640	35	1	397	2020-03-27
1641	9	187	778	2020-03-23
1642	91	409	288	2020-07-12
1643	73	1298	732	2020-04-20
1644	97	1401	93	2020-12-19
1645	75	2012	964	2020-03-26
1646	61	1436	99	2020-12-24
1647	36	1698	309	2020-07-01
1648	5	794	145	2020-05-20
1649	41	614	535	2020-06-23
1650	63	665	412	2020-04-12
1651	32	901	151	2020-11-16
1652	33	1885	810	2020-06-23
1653	87	278	628	2020-07-12
1654	52	1406	700	2020-05-15
1655	36	1773	416	2020-11-29
1656	100	1801	962	2020-07-18
1657	20	1744	724	2020-11-06
1658	51	55	443	2020-02-11
1659	85	1921	509	2020-12-01
1660	87	31	10	2020-12-21
1661	32	780	979	2020-05-26
1662	75	1088	195	2020-10-25
1663	23	1838	198	2020-09-14
1664	50	405	591	2020-04-14
1665	73	1762	677	2020-08-15
1666	38	1800	83	2020-02-25
1667	17	558	605	2020-07-11
1668	43	1145	17	2020-06-19
1669	20	1135	31	2020-04-14
1670	7	230	491	2020-03-22
1671	80	466	723	2020-08-20
1672	9	1479	674	2020-07-30
1673	13	1657	665	2020-09-05
1674	31	345	10	2020-09-06
1675	64	369	189	2020-04-10
1676	79	2117	822	2020-06-14
1677	87	309	243	2020-04-16
1678	41	1391	701	2020-02-10
1679	92	1886	247	2020-11-01
1680	47	891	876	2020-11-16
1681	55	1834	754	2020-07-20
1682	84	813	591	2020-11-14
1683	12	196	224	2020-01-13
1684	57	677	784	2020-03-22
1685	49	1488	737	2020-08-22
1686	8	720	836	2020-10-13
1687	12	1234	591	2020-09-27
1688	78	410	282	2020-04-09
1689	46	1480	828	2020-01-05
1690	17	1121	896	2020-11-18
1691	20	921	702	2020-01-27
1692	23	1088	851	2020-10-26
1693	69	1942	270	2020-03-27
1694	82	2038	251	2020-09-20
1695	70	1364	235	2020-07-27
1696	12	1637	117	2020-03-26
1697	31	237	818	2020-04-19
1698	96	1446	807	2020-09-25
1699	8	1141	17	2020-12-10
1700	11	41	303	2020-01-16
1701	20	1030	744	2020-03-05
1702	83	1553	160	2020-12-29
1703	66	814	246	2020-07-10
1704	81	257	429	2020-09-06
1705	40	945	432	2020-03-10
1706	70	684	76	2020-11-27
1707	74	123	10	2020-08-10
1708	51	214	64	2020-04-16
1709	36	1888	427	2020-01-12
1710	62	1870	708	2020-10-12
1711	8	1891	658	2020-07-24
1712	35	1947	167	2020-12-17
1713	28	1937	520	2020-01-02
1714	41	606	714	2020-09-30
1715	14	1057	875	2020-01-06
1716	55	186	513	2020-04-14
1717	39	1404	675	2020-08-29
1718	14	1241	291	2020-03-25
1719	62	1795	808	2020-11-06
1720	76	1186	215	2020-02-11
1721	20	1372	777	2020-02-17
1722	54	1820	201	2020-07-29
1723	91	295	128	2020-01-01
1724	60	443	292	2020-08-02
1725	36	1356	654	2020-07-31
1726	69	1375	32	2020-06-14
1727	52	2071	443	2020-04-21
1728	92	1654	336	2020-03-03
1729	19	102	615	2020-10-08
1730	70	432	603	2020-06-06
1731	78	1417	645	2020-01-26
1732	2	934	74	2020-09-07
1733	90	1364	435	2020-04-07
1734	38	959	567	2020-07-07
1735	12	105	116	2020-10-14
1736	56	986	641	2020-08-19
1737	23	1130	945	2020-06-26
1738	13	1457	861	2020-03-27
1739	52	1598	656	2020-12-31
1740	93	673	411	2020-11-18
1741	14	789	922	2020-04-01
1742	84	1029	630	2020-12-07
1743	86	2000	496	2020-08-23
1744	100	1837	164	2020-03-06
1745	22	1180	35	2020-07-09
1746	100	1328	165	2020-06-09
1747	35	564	178	2020-10-07
1748	99	1759	747	2020-07-16
1749	100	1596	218	2020-07-25
1750	52	1662	187	2020-06-05
1751	43	1189	758	2020-03-13
1752	46	1115	351	2020-08-28
1753	22	1356	825	2020-01-13
1754	97	705	564	2020-12-12
1755	31	1600	54	2020-06-15
1756	85	78	460	2020-05-17
1757	78	379	444	2020-11-23
1758	37	1841	277	2020-03-09
1759	35	838	123	2020-10-26
1760	84	91	790	2020-10-16
1761	7	1843	851	2020-02-20
1762	50	1076	689	2020-07-06
1763	44	348	207	2020-02-25
1764	62	230	298	2020-04-22
1765	18	1326	494	2020-10-28
1766	64	1743	58	2020-05-21
1767	66	1940	963	2020-10-19
1768	73	1890	317	2020-09-23
1769	96	1375	409	2020-02-14
1770	88	1524	753	2020-09-02
1771	56	1487	158	2020-11-28
1772	43	443	910	2020-01-27
1773	10	763	911	2020-08-14
1774	99	1748	9	2020-03-17
1775	7	2100	628	2020-03-28
1776	43	994	687	2020-05-15
1777	28	51	714	2020-03-26
1778	72	1425	789	2020-08-08
1779	90	1828	182	2020-11-22
1780	86	1461	254	2020-04-08
1781	78	181	872	2020-05-15
1782	95	603	643	2020-02-14
1783	13	584	290	2020-06-26
1784	13	378	391	2020-09-29
1785	98	634	582	2020-04-01
1786	36	1570	424	2020-05-10
1787	47	214	666	2020-10-21
1788	79	98	556	2020-08-09
1789	64	1895	271	2020-09-21
1790	42	1131	613	2020-10-14
1791	38	494	646	2020-05-25
1792	53	109	814	2020-02-03
1793	100	1104	601	2020-05-16
1794	93	571	366	2020-03-26
1795	25	1697	408	2020-06-21
1796	24	818	121	2020-04-21
1797	70	1050	994	2020-01-06
1798	60	1557	557	2020-07-12
1799	100	845	301	2020-01-06
1800	48	656	874	2020-02-20
1801	44	288	848	2020-02-19
1802	24	885	163	2020-02-27
1803	78	1853	587	2020-04-13
1804	85	805	776	2020-03-23
1805	66	539	829	2020-06-17
1806	91	144	590	2020-01-02
1807	18	888	995	2020-08-13
1808	26	1263	464	2020-01-14
1809	80	1522	952	2020-08-17
1810	67	431	738	2020-06-02
1811	76	2074	114	2020-10-28
1812	25	360	908	2020-12-08
1813	14	1435	838	2020-11-13
1814	75	1566	930	2020-03-28
1815	63	1059	616	2020-04-21
1816	23	1538	524	2020-11-07
1817	88	993	709	2020-10-24
1818	71	391	667	2020-03-05
1819	59	939	893	2020-08-02
1820	17	857	91	2020-04-14
1821	23	143	675	2020-07-04
1822	16	518	718	2020-01-22
1823	37	529	119	2020-07-17
1824	19	1274	334	2020-01-07
1825	35	515	525	2020-09-06
1826	45	1295	133	2020-09-10
1827	46	1564	305	2020-02-20
1828	87	1297	49	2020-02-19
1829	61	424	87	2020-12-25
1830	24	992	768	2020-07-23
1831	1	1155	58	2020-11-29
1832	39	1330	645	2020-02-05
1833	47	1469	648	2020-08-22
1834	59	874	68	2020-06-26
1835	12	1315	855	2020-07-05
1836	54	441	292	2020-10-28
1837	15	158	715	2020-04-05
1838	46	1174	600	2020-01-13
1839	99	1978	409	2020-07-26
1840	2	190	624	2020-05-12
1841	93	1956	563	2020-12-31
1842	66	1156	982	2020-01-26
1843	56	503	524	2020-11-01
1844	76	181	88	2020-08-27
1845	72	1108	459	2020-09-09
1846	3	729	846	2020-08-20
1847	10	294	790	2020-06-28
1848	67	60	187	2020-03-13
1849	69	1638	923	2020-04-03
1850	23	1871	626	2020-04-25
1851	85	1581	812	2020-06-21
1852	31	713	572	2020-02-08
1853	76	1033	827	2020-06-01
1854	3	1766	825	2020-09-30
1855	85	1476	949	2020-08-07
1856	87	1596	173	2020-12-18
1857	96	520	83	2020-09-03
1858	85	1058	713	2020-01-06
1859	45	2021	869	2020-12-11
1860	69	2017	696	2020-10-17
1861	64	254	132	2020-07-20
1862	60	1912	850	2020-01-07
1863	86	1137	627	2020-04-23
1864	88	1532	7	2020-01-30
1865	5	2075	640	2020-11-05
1866	45	1160	598	2020-08-11
1867	89	919	352	2020-01-22
1868	58	1072	403	2020-03-06
1869	19	1362	912	2020-05-27
1870	82	1907	612	2020-11-04
1871	31	72	505	2020-11-12
1872	43	1506	941	2020-05-09
1873	81	160	397	2020-12-27
1874	78	1814	974	2020-09-20
1875	16	1021	897	2020-05-18
1876	19	560	900	2020-11-08
1877	30	1401	666	2020-04-09
1878	64	1292	814	2020-12-08
1879	71	1318	958	2020-01-25
1880	47	119	698	2020-02-14
1881	69	2111	793	2020-04-12
1882	20	308	371	2020-06-09
1883	59	145	142	2020-03-18
1884	71	817	129	2020-11-09
1885	66	882	849	2020-08-20
1886	57	659	83	2020-09-11
1887	5	2102	793	2020-08-27
1888	14	1486	360	2020-08-30
1889	29	6	175	2020-11-09
1890	24	1796	489	2020-04-10
1891	52	1016	263	2020-10-28
1892	37	406	596	2020-10-10
1893	87	331	71	2020-01-18
1894	37	1437	64	2020-12-20
1895	64	306	936	2020-08-13
1896	36	295	654	2020-07-01
1897	31	1148	245	2020-12-28
1898	10	922	148	2020-11-11
1899	53	2072	911	2020-05-04
1900	48	501	495	2020-08-31
1901	91	1417	642	2020-08-30
1902	98	1957	520	2020-10-23
1903	27	602	328	2020-03-20
1904	48	788	336	2020-08-09
1905	98	1672	635	2020-08-15
1906	61	1675	979	2020-07-15
1907	82	461	219	2020-04-07
1908	76	1972	707	2020-08-15
1909	21	1097	901	2020-02-24
1910	21	16	205	2020-12-22
1911	68	163	876	2020-05-13
1912	69	460	275	2020-03-18
1913	49	1500	846	2020-08-07
1914	53	1559	778	2020-04-26
1915	93	36	306	2020-01-16
1916	20	459	580	2020-08-24
1917	73	1574	258	2020-09-01
1918	2	358	262	2020-10-18
1919	2	1122	414	2020-03-09
1920	82	178	947	2020-12-19
1921	34	648	711	2020-11-25
1922	16	209	847	2020-10-01
1923	96	1661	325	2020-05-13
1924	53	1918	584	2020-12-13
1925	74	2065	535	2020-09-21
1926	71	1571	891	2020-05-24
1927	95	411	36	2020-06-03
1928	64	1069	481	2020-05-24
1929	6	739	156	2020-09-20
1930	57	461	529	2020-07-31
1931	41	1139	614	2020-04-08
1932	71	1704	872	2020-01-24
1933	40	1891	942	2020-12-03
1934	32	227	98	2020-02-09
1935	1	59	68	2020-04-04
1936	59	785	122	2020-03-08
1937	72	1641	251	2020-06-11
1938	42	1391	563	2020-04-08
1939	23	2	998	2020-03-03
1940	51	1244	484	2020-03-28
1941	74	152	30	2020-02-18
1942	46	627	378	2020-05-01
1943	8	455	193	2020-10-09
1944	58	827	929	2020-09-04
1945	55	573	467	2020-06-13
1946	72	89	883	2020-11-12
1947	17	1257	595	2020-01-12
1948	92	1354	438	2020-06-10
1949	23	43	18	2020-02-08
1950	17	586	302	2020-02-09
1951	56	1721	925	2020-01-03
1952	64	224	820	2020-12-25
1953	61	373	604	2020-03-21
1954	79	1057	938	2020-12-02
1955	84	1035	752	2020-12-06
1956	98	1827	244	2020-11-18
1957	62	742	190	2020-04-19
1958	43	250	126	2020-01-02
1959	85	197	712	2020-01-14
1960	61	1520	611	2020-08-14
1961	93	736	87	2020-05-20
1962	74	1386	657	2020-08-29
1963	93	303	912	2020-01-16
1964	62	1002	425	2020-06-06
1965	32	1401	455	2020-08-20
1966	58	318	671	2020-02-24
1967	64	1235	442	2020-01-19
1968	41	1530	519	2020-03-05
1969	70	420	161	2020-03-04
1970	11	197	741	2020-10-30
1971	8	1613	246	2020-12-19
1972	95	1686	481	2020-06-06
1973	43	637	752	2020-11-08
1974	27	1549	947	2020-06-26
1975	11	1692	11	2020-08-22
1976	61	2017	734	2020-07-03
1977	6	787	102	2020-04-18
1978	10	372	29	2020-04-23
1979	50	798	891	2020-11-22
1980	60	1289	362	2020-06-08
1981	96	215	706	2020-05-26
1982	88	204	217	2020-09-26
1983	98	43	926	2020-12-17
1984	81	1205	25	2020-02-09
1985	47	900	688	2020-05-10
1986	51	51	336	2020-10-12
1987	75	380	502	2020-11-06
1988	4	77	920	2020-02-09
1989	82	270	827	2020-02-13
1990	74	546	445	2020-11-01
1991	40	704	613	2020-05-22
1992	13	1597	41	2020-01-20
1993	2	761	55	2020-09-27
1994	1	1262	275	2020-06-28
1995	38	1912	600	2020-08-10
1996	6	851	985	2020-01-23
1997	80	957	599	2020-07-13
1998	100	187	370	2020-12-28
1999	53	852	216	2020-08-11
2000	13	369	910	2020-04-28
2001	57	597	539	2020-06-03
2002	22	1270	287	2020-06-06
2003	73	2025	913	2020-05-24
2004	90	1670	710	2020-10-09
2005	92	321	992	2020-02-25
2006	47	110	772	2020-01-07
2007	96	166	209	2020-10-28
2008	79	269	986	2020-10-28
2009	11	1942	265	2020-03-13
2010	80	1650	290	2020-01-16
2011	99	1971	493	2020-10-01
2012	45	207	550	2020-09-18
2013	24	835	295	2020-02-13
2014	6	1118	839	2020-11-30
2015	28	1756	41	2020-11-21
2016	62	1376	92	2020-06-08
2017	7	165	63	2020-08-25
2018	90	1259	121	2020-12-04
2019	18	132	892	2020-03-07
2020	10	1174	797	2020-10-30
2021	82	806	682	2020-06-01
2022	90	409	936	2020-03-23
2023	29	166	398	2020-10-29
2024	40	669	425	2020-04-21
2025	44	139	731	2020-08-11
2026	77	1237	206	2020-11-01
2027	61	1372	102	2020-05-09
2028	18	1876	876	2020-01-04
2029	93	158	585	2020-01-13
2030	76	1835	494	2020-03-25
2031	43	486	378	2020-12-11
2032	34	264	358	2020-04-25
2033	25	98	814	2020-12-20
2034	72	1489	699	2020-10-02
2035	91	357	285	2020-08-01
2036	37	1715	743	2020-10-24
2037	24	69	774	2020-10-31
2038	54	48	169	2020-06-23
2039	43	1006	42	2020-05-12
2040	70	1785	728	2020-01-25
2041	32	1481	839	2020-05-07
2042	51	1919	680	2020-08-16
2043	11	1185	512	2020-05-17
2044	87	1996	567	2020-10-02
2045	62	1868	42	2020-03-10
2046	46	26	915	2020-10-21
2047	9	1640	345	2020-05-19
2048	90	1920	861	2020-01-12
2049	67	1197	366	2020-09-22
2050	25	1313	862	2020-11-29
2051	83	1193	910	2020-08-02
2052	98	160	545	2020-07-30
2053	28	931	500	2020-03-14
2054	57	1341	116	2020-08-23
2055	82	598	405	2020-04-27
2056	46	1597	479	2020-05-29
2057	79	315	324	2020-12-17
2058	99	1435	650	2020-01-31
2059	10	1229	608	2020-06-30
2060	11	1459	154	2020-09-05
2061	19	1309	806	2020-12-17
2062	49	843	467	2020-11-10
2063	65	2028	445	2020-02-11
2064	14	1441	870	2020-03-11
2065	15	888	842	2020-01-27
2066	66	1922	332	2020-08-25
2067	76	18	831	2020-11-07
2068	71	1475	333	2020-05-21
2069	50	1293	98	2020-04-25
2070	71	1448	843	2020-04-11
2071	24	556	502	2020-10-30
2072	68	60	163	2020-05-12
2073	25	699	186	2020-04-23
2074	13	438	655	2020-06-11
2075	10	1589	350	2020-05-12
2076	85	718	120	2020-03-21
2077	30	1664	1	2020-08-15
2078	22	281	50	2020-07-18
2079	87	908	188	2020-10-08
2080	100	459	319	2020-08-09
2081	3	1774	468	2020-04-11
2082	47	150	14	2020-06-07
2083	22	1654	234	2020-10-01
2084	96	953	32	2020-04-16
2085	76	1615	834	2020-03-31
2086	65	1447	913	2020-11-03
2087	62	409	338	2020-07-22
2088	25	1220	518	2020-01-17
2089	32	2021	532	2020-11-18
2090	1	1894	7	2020-06-12
2091	33	1832	526	2020-09-08
2092	29	531	37	2020-12-18
2093	78	931	89	2020-12-03
2094	14	782	889	2020-08-02
2095	1	868	425	2020-10-29
2096	98	292	925	2020-05-27
2097	4	981	751	2020-05-03
2098	97	1737	185	2020-11-16
2099	96	658	15	2020-05-27
2100	66	1060	338	2020-08-07
2101	97	1181	293	2020-08-07
2102	91	325	47	2020-04-01
2103	47	334	955	2020-10-18
2104	40	242	440	2020-09-05
2105	8	578	547	2020-05-24
2106	35	1162	395	2020-07-19
2107	13	1486	767	2020-10-07
2108	52	191	276	2020-08-08
2109	6	168	637	2020-03-31
2110	99	751	997	2020-12-29
2111	80	38	911	2020-12-05
2112	78	451	933	2020-01-21
2113	52	1763	96	2020-08-23
2114	77	97	225	2020-09-30
2115	57	2081	451	2020-11-29
2116	68	510	603	2020-05-07
2117	84	666	86	2020-09-17
2118	5	572	115	2020-11-12
2119	85	539	474	2020-06-02
2120	27	1991	624	2020-10-05
2121	18	1104	33	2020-01-07
2122	79	1551	741	2020-07-18
2123	84	823	775	2020-04-24
2124	98	341	32	2020-06-27
2125	60	741	307	2020-12-21
2126	85	1467	193	2020-02-23
2127	81	1592	920	2020-01-09
2128	38	545	745	2020-12-13
2129	62	163	963	2020-08-23
2130	78	1904	852	2020-05-14
2131	53	787	556	2020-04-23
2132	89	1212	479	2020-01-11
2133	73	888	364	2020-02-17
2134	32	1580	460	2020-04-03
2135	37	1963	545	2020-12-15
2136	99	1054	327	2020-03-29
2137	11	1098	256	2020-10-04
2138	99	1835	366	2020-02-13
2139	19	1382	24	2020-09-14
2140	17	403	615	2020-02-24
2141	31	1668	61	2020-11-28
2142	35	2030	796	2020-09-13
2143	97	1627	960	2020-04-18
2144	60	1786	994	2020-05-20
2145	46	1476	879	2020-09-12
2146	40	574	51	2020-12-01
2147	50	1962	993	2020-12-16
2148	91	317	424	2020-01-18
2149	58	1435	783	2020-11-02
2150	18	737	809	2020-06-09
2151	39	28	891	2020-05-18
2152	69	1136	939	2020-09-04
2153	59	1888	28	2020-12-02
2154	40	1246	780	2020-11-28
2155	52	1700	412	2020-01-04
2156	70	1499	248	2020-05-15
2157	38	1030	859	2020-01-02
2158	1	146	389	2020-02-01
2159	51	1604	872	2020-01-04
2160	49	1098	828	2020-03-19
2161	22	796	896	2020-08-11
2162	35	2087	128	2020-07-19
2163	60	155	655	2020-05-08
2164	93	1817	402	2020-08-09
2165	81	63	822	2020-01-02
2166	58	491	93	2020-12-27
2167	43	1397	168	2020-12-09
2168	59	1687	112	2020-12-09
2169	1	2003	13	2020-06-07
2170	25	1777	316	2020-04-01
2171	2	2046	686	2020-10-11
2172	18	2018	214	2020-06-17
2173	88	1133	41	2020-12-25
2174	75	7	333	2020-09-10
2175	54	30	127	2020-08-02
2176	18	1922	763	2020-09-22
2177	75	946	831	2020-05-27
2178	96	1584	720	2020-05-01
2179	9	720	705	2020-06-12
2180	32	114	724	2020-08-16
2181	49	1415	408	2020-12-30
2182	1	1562	126	2020-06-05
2183	62	1600	825	2020-04-29
2184	78	725	882	2020-05-17
2185	90	1427	194	2020-11-22
2186	96	284	703	2020-08-04
2187	38	1686	66	2020-02-25
2188	22	1437	277	2020-03-09
2189	35	1674	611	2020-04-25
2190	41	1172	165	2020-12-30
2191	97	870	780	2020-07-01
2192	77	224	900	2020-06-17
2193	29	1980	181	2020-06-30
2194	63	1955	149	2020-10-16
2195	71	1090	217	2020-12-18
2196	68	864	990	2020-06-19
2197	54	959	880	2020-07-20
2198	63	1323	356	2020-12-07
2199	39	1341	577	2020-11-03
2200	40	48	491	2020-05-03
2201	96	484	11	2020-08-07
2202	17	956	423	2020-07-25
2203	55	665	973	2020-02-06
2204	95	353	188	2020-11-30
2205	36	637	504	2020-05-01
2206	59	423	993	2020-12-25
2207	56	550	492	2020-07-24
2208	82	271	216	2020-05-13
2209	48	167	863	2020-10-13
2210	52	41	982	2020-12-18
2211	51	1428	473	2020-07-31
2212	61	1032	872	2020-02-22
2213	18	1380	48	2020-09-08
2214	34	81	979	2020-12-08
2215	28	244	794	2020-06-20
2216	45	1239	688	2020-01-03
2217	9	1745	504	2020-07-23
2218	56	879	612	2020-09-11
2219	77	373	365	2020-03-30
2220	42	1844	177	2020-09-03
2221	82	204	633	2020-05-13
2222	30	1054	910	2020-02-08
2223	69	618	529	2020-07-02
2224	22	1535	551	2020-02-05
2225	75	556	978	2020-01-10
2226	10	1957	339	2020-10-02
2227	70	2018	658	2020-01-21
2228	49	1911	411	2020-11-05
2229	25	385	731	2020-12-11
2230	23	958	672	2020-08-01
2231	37	1970	614	2020-07-01
2232	92	433	346	2020-01-11
2233	32	787	254	2020-07-22
2234	79	887	751	2020-04-30
2235	89	1140	804	2020-04-25
2236	82	1853	492	2020-03-03
2237	77	485	744	2020-11-26
2238	4	1082	41	2020-05-24
2239	97	1669	496	2020-06-07
2240	1	93	299	2020-07-26
2241	89	510	47	2020-01-09
2242	50	1643	745	2020-11-09
2243	91	693	551	2020-03-02
2244	21	1769	666	2020-07-07
2245	92	285	673	2020-04-18
2246	82	1593	650	2020-08-29
2247	46	1778	451	2020-08-01
2248	32	771	409	2020-02-14
2249	18	932	985	2020-12-03
2250	47	1771	445	2020-04-10
2251	47	851	48	2020-06-03
2252	84	1600	164	2020-11-25
2253	30	1967	350	2020-04-28
2254	14	1410	638	2020-11-04
2255	26	1984	854	2020-06-12
2256	73	1639	768	2020-09-03
2257	87	388	925	2020-05-19
2258	5	1261	371	2020-08-10
2259	2	1926	473	2020-03-24
2260	65	1769	82	2020-06-22
2261	11	604	23	2020-11-21
2262	100	1902	196	2020-03-21
2263	65	1560	394	2020-03-04
2264	76	139	915	2020-05-06
2265	15	426	492	2020-04-08
2266	5	954	783	2020-05-05
2267	84	660	203	2020-08-08
2268	13	432	126	2020-01-07
2269	80	2015	558	2020-02-22
2270	32	1035	237	2020-10-23
2271	76	697	245	2020-06-01
2272	26	2073	163	2020-06-29
2273	16	1577	857	2020-07-21
2274	86	850	457	2020-01-03
2275	2	115	148	2020-02-18
2276	91	1566	33	2020-10-29
2277	55	1691	194	2020-03-18
2278	52	102	415	2020-01-14
2279	74	453	679	2020-05-21
2280	25	1289	265	2020-07-30
2281	36	1899	352	2020-07-23
2282	4	1745	82	2020-12-16
2283	90	699	440	2020-06-26
2284	14	1564	399	2020-01-30
2285	80	146	539	2020-06-05
2286	22	804	751	2020-08-13
2287	58	1055	459	2020-09-24
2288	83	1631	487	2020-06-27
2289	11	809	775	2020-01-27
2290	27	1415	890	2020-04-09
2291	33	1854	77	2020-06-06
2292	35	34	394	2020-11-22
2293	72	541	469	2020-12-19
2294	37	910	209	2020-03-28
2295	61	1451	642	2020-08-03
2296	72	1540	139	2020-12-16
2297	70	407	137	2020-01-17
2298	51	1097	81	2020-04-21
2299	76	49	499	2020-03-26
2300	100	198	316	2020-01-16
2301	81	1375	695	2020-03-26
2302	15	1103	647	2020-11-22
2303	69	454	57	2020-11-15
2304	92	910	888	2020-09-12
2305	4	1435	159	2020-03-10
2306	20	2058	106	2020-06-30
2307	71	1362	301	2020-03-14
2308	37	305	231	2020-02-10
2309	77	901	26	2020-02-21
2310	57	355	737	2020-10-23
2311	62	40	855	2020-04-05
2312	12	1732	721	2020-05-14
2313	60	102	63	2020-12-23
2314	17	856	909	2020-09-03
2315	34	938	481	2020-01-24
2316	96	1523	18	2020-01-04
2317	18	366	760	2020-04-14
2318	47	1015	562	2020-05-31
2319	81	1458	983	2020-01-08
2320	69	1168	246	2020-01-31
2321	90	668	37	2020-05-14
2322	53	848	758	2020-03-09
2323	82	1238	652	2020-08-24
2324	38	12	962	2020-03-07
2325	7	1154	252	2020-02-03
2326	57	1578	855	2020-10-03
2327	71	741	342	2020-12-08
2328	60	178	152	2020-03-19
2329	34	492	313	2020-01-28
2330	65	1998	393	2020-12-22
2331	5	572	656	2020-12-30
2332	55	377	683	2020-09-20
2333	62	562	370	2020-03-10
2334	13	212	7	2020-06-02
2335	59	829	693	2020-02-02
2336	43	1671	21	2020-05-14
2337	49	1968	978	2020-05-14
2338	74	326	861	2020-10-12
2339	51	665	868	2020-09-15
2340	44	992	585	2020-05-06
2341	16	1709	514	2020-08-09
2342	85	369	298	2020-02-18
2343	29	1549	74	2020-04-04
2344	9	1572	355	2020-01-13
2345	81	1061	457	2020-03-09
2346	6	1151	507	2020-07-30
2347	61	2031	285	2020-09-13
2348	9	473	211	2020-09-29
2349	85	1663	869	2020-12-07
2350	33	2039	26	2020-09-08
2351	54	562	615	2020-11-22
2352	54	102	664	2020-02-15
2353	54	1051	134	2020-11-03
2354	70	1256	328	2020-06-09
2355	69	1624	177	2020-02-27
2356	65	1834	824	2020-02-11
2357	7	847	760	2020-04-04
2358	20	1652	599	2020-04-19
2359	17	959	156	2020-07-01
2360	96	212	656	2020-10-02
2361	29	1638	705	2020-08-23
2362	35	182	55	2020-12-21
2363	52	2081	683	2020-07-14
2364	80	1435	352	2020-10-22
2365	2	1917	378	2020-06-21
2366	13	598	942	2020-11-05
2367	74	1659	987	2020-05-09
2368	1	1156	117	2020-12-11
2369	16	1459	683	2020-08-31
2370	42	2115	115	2020-09-21
2371	57	13	221	2020-12-06
2372	45	434	283	2020-11-09
2373	63	582	606	2020-07-21
2374	67	90	8	2020-12-29
2375	12	1497	388	2020-12-31
2376	40	1784	857	2020-08-01
2377	23	593	935	2020-03-07
2378	17	1212	876	2020-11-15
2379	27	2056	27	2020-02-17
2380	35	1879	483	2020-11-03
2381	2	1989	377	2020-08-11
2382	29	1680	569	2020-09-14
2383	69	104	364	2020-12-13
2384	9	1594	178	2020-11-23
2385	81	1898	245	2020-06-26
2386	31	1004	388	2020-11-21
2387	66	67	419	2020-08-23
2388	99	434	963	2020-12-24
2389	49	913	808	2020-08-21
2390	47	504	907	2020-02-20
2391	61	1270	117	2020-06-12
2392	28	664	667	2020-11-14
2393	47	647	703	2020-07-07
2394	33	960	165	2020-10-07
2395	81	1156	627	2020-03-07
2396	92	407	508	2020-07-18
2397	98	2006	341	2020-07-24
2398	13	513	525	2020-07-27
2399	34	139	368	2020-10-13
2400	41	1521	791	2020-08-21
2401	38	1606	104	2020-02-14
2402	54	1212	438	2020-12-17
2403	96	1802	154	2020-07-31
2404	51	739	739	2020-09-14
2405	26	1847	251	2020-08-03
2406	33	1477	482	2020-07-05
2407	56	1899	571	2020-12-14
2408	91	2105	656	2020-06-05
2409	4	156	699	2020-11-08
2410	72	2098	697	2020-01-23
2411	58	1811	668	2020-04-01
2412	99	2111	621	2020-08-30
2413	87	1800	187	2020-10-12
2414	85	226	511	2020-11-11
2415	90	1982	457	2020-12-29
2416	54	438	523	2020-12-05
2417	89	133	321	2020-11-17
2418	77	1290	252	2020-11-02
2419	1	1316	373	2020-08-11
2420	97	1980	639	2020-08-11
2421	82	200	855	2020-07-23
2422	77	2004	649	2020-08-22
2423	35	473	84	2020-04-05
2424	14	2071	144	2020-02-16
2425	13	424	354	2020-01-04
2426	50	765	52	2020-04-17
2427	73	1223	647	2020-09-26
2428	93	1920	881	2020-03-11
2429	40	788	554	2020-01-18
2430	14	639	697	2020-06-11
2431	88	1876	777	2020-06-04
2432	41	1030	768	2020-04-22
2433	100	18	69	2020-11-13
2434	2	713	948	2020-01-05
2435	60	1768	489	2020-10-18
2436	98	1999	28	2020-06-24
2437	50	88	50	2020-04-20
2438	51	349	492	2020-07-25
2439	62	415	899	2020-08-24
2440	95	469	675	2020-10-19
2441	83	851	542	2020-11-04
2442	7	206	128	2020-01-31
2443	51	276	3	2020-05-04
2444	77	526	840	2020-04-02
2445	96	1356	187	2020-11-18
2446	74	1861	591	2020-07-05
2447	84	123	398	2020-09-10
2448	4	2082	479	2020-04-08
2449	83	1558	770	2020-11-23
2450	1	1994	522	2020-09-27
2451	7	1125	668	2020-08-24
2452	89	554	44	2020-02-08
2453	42	1174	700	2020-10-29
2454	5	689	721	2020-04-23
2455	73	586	472	2020-04-18
2456	95	354	1000	2020-09-20
2457	68	1331	613	2020-03-26
2458	16	671	529	2020-10-05
2459	37	433	670	2020-09-10
2460	97	588	685	2020-05-12
2461	81	14	946	2020-09-09
2462	48	2114	18	2020-12-27
2463	84	138	478	2020-02-20
2464	37	2055	437	2020-03-17
2465	17	1739	872	2020-07-19
2466	78	2117	578	2020-09-09
2467	38	1655	898	2020-04-13
2468	98	582	881	2020-01-26
2469	4	1331	635	2020-03-24
2470	52	670	891	2020-04-12
2471	73	224	449	2020-03-22
2472	77	129	716	2020-03-14
2473	65	1560	179	2020-10-17
2474	56	1795	636	2020-11-21
2475	39	1691	549	2020-12-07
2476	12	1029	627	2020-04-09
2477	64	1816	205	2020-05-01
2478	39	1730	88	2020-09-14
2479	57	756	161	2020-04-11
2480	60	280	365	2020-11-12
2481	97	212	332	2020-06-21
2482	64	697	5	2020-06-09
2483	3	438	423	2020-01-04
2484	9	1030	768	2020-09-24
2485	93	2023	175	2020-12-07
2486	76	345	400	2020-11-06
2487	48	1563	749	2020-01-03
2488	99	266	984	2020-02-11
2489	73	490	392	2020-01-02
2490	76	1900	426	2020-02-02
2491	52	436	131	2020-06-07
2492	57	1431	493	2020-09-10
2493	100	272	663	2020-12-16
2494	69	1009	280	2020-11-06
2495	90	2042	263	2020-09-23
2496	55	671	411	2020-02-26
2497	36	597	166	2020-01-19
2498	97	1395	770	2020-04-23
2499	24	998	426	2020-12-29
2500	46	862	747	2020-10-31
2501	79	697	292	2020-11-30
2502	80	208	512	2020-11-09
2503	44	1359	421	2020-12-06
2504	35	932	972	2020-05-01
2505	48	653	644	2020-07-20
2506	2	1225	361	2020-11-23
2507	14	1689	764	2020-12-11
2508	2	626	772	2020-07-03
2509	63	1993	836	2020-04-06
2510	76	962	34	2020-06-16
2511	52	331	31	2020-10-03
2512	43	226	785	2020-07-28
2513	27	844	613	2020-12-01
2514	18	1512	290	2020-06-14
2515	89	227	64	2020-01-26
2516	27	1898	584	2020-07-11
2517	45	769	318	2020-08-09
2518	93	840	910	2020-11-10
2519	91	1515	206	2020-04-19
2520	82	433	948	2020-05-30
2521	98	386	915	2020-12-11
2522	25	34	910	2020-07-15
2523	65	241	296	2020-11-16
2524	72	1191	551	2020-04-23
2525	58	795	752	2020-08-03
2526	40	1620	457	2020-12-14
2527	69	191	553	2020-11-12
2528	88	41	591	2020-07-10
2529	42	338	777	2020-01-12
2530	26	470	63	2020-02-28
2531	42	2038	221	2020-11-30
2532	28	227	427	2020-09-26
2533	16	967	318	2020-08-02
2534	30	1511	535	2020-03-30
2535	62	340	978	2020-12-27
2536	46	97	171	2020-01-12
2537	22	749	222	2020-10-13
2538	72	464	518	2020-11-19
2539	33	1682	92	2020-06-21
2540	96	35	98	2020-06-03
2541	82	978	617	2020-06-24
2542	49	1522	40	2020-12-15
2543	73	955	589	2020-02-23
2544	6	1923	133	2020-04-25
2545	68	1453	807	2020-04-11
2546	90	1779	490	2020-10-11
2547	46	637	596	2020-01-17
2548	57	376	48	2020-02-04
2549	15	1454	546	2020-03-27
2550	86	1873	715	2020-08-20
2551	77	1245	491	2020-07-17
2552	96	1619	995	2020-12-26
2553	14	1622	865	2020-03-26
2554	88	1717	96	2020-12-20
2555	1	2065	657	2020-01-30
2556	95	1459	38	2020-08-17
2557	80	488	468	2020-08-09
2558	3	2022	511	2020-11-29
2559	14	1580	897	2020-04-04
2560	36	45	234	2020-08-28
2561	33	1792	953	2020-10-01
2562	31	1006	106	2020-10-07
2563	70	1064	978	2020-06-03
2564	16	1854	768	2020-12-09
2565	51	1478	619	2020-12-16
2566	53	2105	831	2020-03-02
2567	45	1394	105	2020-05-08
2568	90	1331	849	2020-09-25
2569	58	1633	445	2020-07-09
2570	76	645	337	2020-10-11
2571	65	2075	348	2020-10-27
2572	17	1301	370	2020-05-02
2573	8	1083	86	2020-03-10
2574	48	205	198	2020-04-01
2575	11	1598	344	2020-03-28
2576	74	157	350	2020-11-10
2577	40	94	89	2020-04-05
2578	15	1407	635	2020-09-23
2579	56	186	836	2020-08-08
2580	56	519	418	2020-01-29
2581	86	1884	300	2020-08-31
2582	5	605	38	2020-07-18
2583	58	1547	418	2020-09-19
2584	58	1422	997	2020-11-12
2585	70	511	843	2020-07-30
2586	64	1756	438	2020-04-13
2587	68	1435	926	2020-04-22
2588	14	1246	766	2020-12-14
2589	79	1038	690	2020-05-04
2590	62	1301	539	2020-02-15
2591	23	1884	355	2020-08-10
2592	93	110	521	2020-02-21
2593	30	2110	525	2020-09-08
2594	64	119	570	2020-06-15
2595	27	1329	578	2020-09-22
2596	50	793	926	2020-04-19
2597	66	78	45	2020-08-13
2598	99	492	777	2020-12-31
2599	47	1692	986	2020-11-14
2600	92	1830	245	2020-11-29
2601	91	41	631	2020-02-17
2602	5	437	30	2020-11-07
2603	13	795	928	2020-03-28
2604	77	372	909	2020-08-03
2605	100	1953	181	2020-12-07
2606	68	22	603	2020-12-02
2607	95	623	503	2020-05-11
2608	92	1129	433	2020-09-14
2609	34	1316	186	2020-03-12
2610	22	532	233	2020-05-04
2611	31	271	95	2020-10-10
2612	81	1900	386	2020-11-05
2613	19	1614	694	2020-10-28
2614	87	1284	99	2020-07-08
2615	76	154	541	2020-03-16
2616	92	1157	998	2020-05-20
2617	1	617	618	2020-10-25
2618	28	1823	399	2020-07-09
2619	96	425	97	2020-01-15
2620	38	649	818	2020-06-01
2621	54	374	950	2020-12-07
2622	92	1051	774	2020-02-14
2623	87	703	285	2020-11-03
2624	52	1452	136	2020-06-16
2625	24	668	509	2020-06-25
2626	57	919	475	2020-09-07
2627	76	1038	448	2020-11-21
2628	58	596	697	2020-05-03
2629	81	1124	967	2020-07-23
2630	17	1962	42	2020-12-26
2631	65	357	405	2020-05-04
2632	18	2110	333	2020-01-09
2633	52	617	477	2020-03-14
2634	47	1704	298	2020-10-31
2635	34	2063	358	2020-11-02
2636	88	1036	389	2020-05-01
2637	81	631	524	2020-04-15
2638	80	1989	953	2020-03-15
2639	12	1949	394	2020-08-31
2640	87	1488	200	2020-08-16
2641	50	1035	618	2020-07-20
2642	81	1454	492	2020-10-06
2643	83	1694	825	2020-09-15
2644	24	1140	130	2020-11-05
2645	58	240	643	2020-10-04
2646	18	1730	574	2020-02-13
2647	30	1596	1	2020-09-24
2648	52	1350	998	2020-07-21
2649	48	1962	683	2020-09-17
2650	89	1732	924	2020-02-08
2651	85	1384	92	2020-06-15
2652	68	639	635	2020-09-15
2653	17	260	576	2020-10-31
2654	37	520	926	2020-08-15
2655	69	784	24	2020-01-28
2656	77	666	341	2020-07-11
2657	41	1801	623	2020-08-30
2658	23	791	425	2020-08-30
2659	49	1151	114	2020-12-11
2660	51	745	411	2020-02-15
2661	75	1951	584	2020-04-22
2662	76	1817	849	2020-04-21
2663	16	1859	662	2020-12-16
2664	77	1416	484	2020-06-26
2665	43	2095	198	2020-11-17
2666	97	561	878	2020-06-08
2667	91	926	668	2020-03-30
2668	85	788	327	2020-05-14
2669	14	1609	52	2020-10-13
2670	3	649	761	2020-02-10
2671	45	875	27	2020-06-15
2672	14	556	808	2020-05-04
2673	31	1988	123	2020-07-03
2674	23	194	694	2020-03-27
2675	21	413	720	2020-10-02
2676	30	389	178	2020-03-02
2677	37	962	981	2020-06-30
2678	55	1297	784	2020-09-27
2679	7	81	141	2020-12-11
2680	85	2014	610	2020-09-26
2681	71	130	614	2020-06-08
2682	18	1519	176	2020-10-06
2683	48	174	500	2020-11-14
2684	21	460	34	2020-02-18
2685	32	1698	452	2020-10-10
2686	79	299	378	2020-10-24
2687	20	317	957	2020-11-24
2688	19	1682	61	2020-08-11
2689	10	1263	237	2020-09-05
2690	11	1315	258	2020-10-04
2691	63	1199	476	2020-07-24
2692	81	1303	895	2020-08-20
2693	80	16	478	2020-03-01
2694	86	626	208	2020-06-28
2695	51	521	513	2020-08-28
2696	88	1068	245	2020-02-15
2697	45	1973	725	2020-02-10
2698	39	1900	616	2020-10-15
2699	64	1295	102	2020-06-13
2700	80	1485	763	2020-07-13
2701	79	465	521	2020-07-24
2702	45	1528	658	2020-12-31
2703	98	1942	305	2020-01-05
2704	86	1036	527	2020-10-15
2705	12	1324	755	2020-01-25
2706	3	1432	237	2020-01-19
2707	44	667	774	2020-05-19
2708	92	1850	591	2020-10-17
2709	48	1767	69	2020-04-17
2710	89	1746	95	2020-05-12
2711	13	664	389	2020-02-22
2712	31	765	102	2020-01-08
2713	27	461	719	2020-03-17
2714	10	620	78	2020-08-06
2715	33	1214	882	2020-08-11
2716	65	738	680	2020-07-01
2717	65	1665	882	2020-10-03
2718	34	1368	726	2020-05-10
2719	64	1329	488	2020-05-24
2720	41	2088	471	2020-02-11
2721	85	627	239	2020-09-21
2722	1	1616	599	2020-03-12
2723	71	674	273	2020-11-04
2724	86	1429	1	2020-01-08
2725	47	724	901	2020-01-27
2726	14	655	620	2020-09-08
2727	80	1278	622	2020-11-07
2728	75	376	759	2020-08-24
2729	48	906	450	2020-04-21
2730	9	659	579	2020-04-07
2731	30	1279	663	2020-05-12
2732	16	1659	639	2020-03-11
2733	96	1007	367	2020-04-16
2734	32	1598	293	2020-02-18
2735	6	405	372	2020-06-11
2736	20	1296	263	2020-07-25
2737	48	1488	150	2020-03-30
2738	20	246	833	2020-02-05
2739	69	272	793	2020-06-06
2740	81	53	968	2020-01-12
2741	53	1654	392	2020-09-22
2742	73	1158	55	2020-06-10
2743	10	658	916	2020-08-27
2744	100	2117	311	2020-11-22
2745	19	1880	504	2020-08-16
2746	66	817	124	2020-10-26
2747	13	1741	171	2020-11-17
2748	46	1068	485	2020-04-14
2749	59	1759	78	2020-06-25
2750	55	865	168	2020-08-13
2751	15	1994	400	2020-06-08
2752	62	973	584	2020-10-03
2753	34	1574	338	2020-11-17
2754	58	2	828	2020-07-12
2755	66	1754	271	2020-08-28
2756	19	1586	203	2020-05-04
2757	73	23	300	2020-07-30
2758	39	1897	757	2020-04-09
2759	81	448	42	2020-01-20
2760	14	192	313	2020-08-07
2761	89	1636	13	2020-12-13
2762	4	500	704	2020-04-05
2763	65	277	980	2020-07-28
2764	15	1564	357	2020-04-06
2765	23	1778	437	2020-10-20
2766	33	598	337	2020-09-15
2767	62	363	612	2020-01-19
2768	40	601	342	2020-12-14
2769	5	1154	481	2020-10-06
2770	25	1008	369	2020-05-27
2771	10	1100	873	2020-03-06
2772	80	1723	751	2020-08-27
2773	32	1033	640	2020-03-02
2774	84	2085	741	2020-05-18
2775	18	645	555	2020-05-07
2776	7	250	941	2020-08-24
2777	10	1685	422	2020-02-23
2778	92	264	981	2020-08-23
2779	84	454	646	2020-01-17
2780	2	1201	461	2020-09-03
2781	6	33	753	2020-10-30
2782	87	537	235	2020-08-08
2783	66	1781	113	2020-10-03
2784	8	1312	350	2020-08-11
2785	40	1741	289	2020-01-18
2786	35	444	961	2020-05-28
2787	97	1072	650	2020-01-28
2788	87	632	755	2020-03-17
2789	56	69	588	2020-05-31
2790	21	352	611	2020-04-20
2791	77	942	211	2020-12-02
2792	57	1360	503	2020-05-11
2793	15	1482	660	2020-08-14
2794	16	1006	483	2020-04-27
2795	41	1004	21	2020-10-26
2796	1	1940	41	2020-04-27
2797	26	117	75	2020-12-16
2798	43	2095	75	2020-11-02
2799	42	1495	791	2020-09-25
2800	92	1881	40	2020-02-09
2801	80	755	580	2020-11-03
2802	3	1506	923	2020-03-29
2803	6	967	324	2020-10-11
2804	13	109	369	2020-03-19
2805	5	446	780	2020-02-08
2806	51	1436	834	2020-01-31
2807	99	461	498	2020-10-17
2808	34	307	740	2020-01-13
2809	98	184	441	2020-04-16
2810	24	58	384	2020-11-08
2811	44	928	992	2020-11-29
2812	69	599	510	2020-11-09
2813	66	175	335	2020-10-10
2814	36	1330	382	2020-02-27
2815	28	1671	334	2020-04-15
2816	41	90	751	2020-07-20
2817	59	229	536	2020-03-06
2818	35	1061	929	2020-02-12
2819	66	2093	94	2020-05-26
2820	12	1654	922	2020-12-05
2821	10	1067	639	2020-03-18
2822	50	918	620	2020-04-30
2823	29	388	964	2020-02-28
2824	62	673	547	2020-08-06
2825	99	1850	629	2020-12-09
2826	81	1213	175	2020-03-31
2827	98	160	123	2020-09-02
2828	57	716	980	2020-04-06
2829	21	496	80	2020-04-12
2830	52	1200	103	2020-01-17
2831	29	969	844	2020-11-20
2832	16	1981	374	2020-11-14
2833	21	1756	737	2020-07-04
2834	43	1496	449	2020-03-29
2835	21	655	556	2020-06-20
2836	7	1389	677	2020-01-24
2837	28	145	620	2020-11-03
2838	16	381	918	2020-02-26
2839	8	926	257	2020-07-24
2840	44	914	54	2020-09-11
2841	54	1848	894	2020-12-20
2842	98	1772	799	2020-06-30
2843	14	1444	942	2020-06-07
2844	47	145	649	2020-03-06
2845	35	1022	284	2020-04-22
2846	50	310	914	2020-11-01
2847	22	2039	606	2020-04-09
2848	2	628	402	2020-07-19
2849	38	376	795	2020-04-25
2850	35	1077	781	2020-06-03
2851	54	2019	102	2020-03-30
2852	91	763	774	2020-07-04
2853	64	345	538	2020-10-18
2854	78	930	263	2020-01-18
2855	90	1885	70	2020-11-07
2856	78	244	206	2020-10-05
2857	69	1273	102	2020-12-14
2858	21	2065	63	2020-07-23
2859	19	778	867	2020-11-29
2860	80	623	771	2020-01-20
2861	55	1286	22	2020-10-21
2862	34	1875	622	2020-09-12
2863	86	104	803	2020-05-01
2864	12	1934	642	2020-09-12
2865	8	1995	677	2020-12-25
2866	31	1778	612	2020-01-26
2867	86	1984	427	2020-03-08
2868	40	274	226	2020-07-21
2869	75	922	351	2020-01-18
2870	49	1995	501	2020-02-16
2871	30	289	396	2020-03-10
2872	65	470	258	2020-10-25
2873	28	430	149	2020-07-08
2874	20	775	391	2020-04-10
2875	93	308	998	2020-05-23
2876	5	1483	189	2020-08-07
2877	90	1013	32	2020-11-12
2878	64	1075	767	2020-01-10
2879	41	551	243	2020-08-16
2880	79	636	161	2020-05-12
2881	59	652	48	2020-12-02
2882	80	431	293	2020-03-06
2883	7	873	988	2020-03-23
2884	1	269	42	2020-03-01
2885	39	639	57	2020-08-15
2886	4	1410	627	2020-04-20
2887	66	1615	788	2020-08-27
2888	67	1133	852	2020-01-25
2889	42	91	204	2020-06-04
2890	20	286	244	2020-11-19
2891	27	37	277	2020-02-16
2892	6	802	645	2020-01-07
2893	68	429	419	2020-09-01
2894	76	475	826	2020-12-01
2895	17	685	374	2020-10-09
2896	100	721	219	2020-03-21
2897	56	281	211	2020-08-05
2898	70	1837	290	2020-02-12
2899	83	2042	539	2020-12-10
2900	98	1391	843	2020-12-09
2901	71	360	591	2020-09-05
2902	68	1083	254	2020-05-07
2903	46	853	536	2020-04-05
2904	12	233	573	2020-07-26
2905	37	1172	561	2020-11-25
2906	36	1432	760	2020-01-28
2907	41	701	739	2020-07-11
2908	53	1560	343	2020-12-17
2909	100	1195	32	2020-09-15
2910	50	1259	632	2020-10-20
2911	91	1466	170	2020-02-05
2912	4	1953	239	2020-02-06
2913	100	1052	477	2020-01-07
2914	49	1628	479	2020-03-29
2915	20	674	103	2020-09-22
2916	58	1243	553	2020-10-08
2917	11	1251	875	2020-10-20
2918	83	1702	452	2020-12-03
2919	69	593	941	2020-06-01
2920	38	1397	155	2020-06-26
2921	73	304	551	2020-07-28
2922	100	259	445	2020-10-13
2923	51	1617	856	2020-01-02
2924	10	1068	491	2020-03-19
2925	66	248	284	2020-12-11
2926	90	1848	891	2020-06-20
2927	26	1029	656	2020-04-03
2928	69	892	107	2020-12-11
2929	19	275	62	2020-10-04
2930	27	562	237	2020-09-25
2931	21	1648	996	2020-08-03
2932	51	837	30	2020-06-15
2933	18	1087	405	2020-10-05
2934	12	525	980	2020-12-09
2935	99	1621	120	2020-02-27
2936	3	1209	750	2020-10-08
2937	38	1876	241	2020-08-02
2938	28	1029	969	2020-02-29
2939	32	176	205	2020-08-15
2940	14	1408	785	2020-07-28
2941	56	495	422	2020-10-26
2942	47	324	932	2020-12-19
2943	59	735	149	2020-09-08
2944	85	1677	311	2020-03-05
2945	65	500	812	2020-08-17
2946	64	11	526	2020-02-22
2947	81	1604	758	2020-03-24
2948	22	2101	716	2020-09-06
2949	18	1753	32	2020-04-09
2950	11	908	143	2020-12-11
2951	66	1525	4	2020-08-31
2952	93	1004	900	2020-03-24
2953	64	1925	849	2020-09-20
2954	55	67	389	2020-06-09
2955	25	568	948	2020-11-03
2956	61	1126	71	2020-05-16
2957	9	1404	533	2020-03-18
2958	71	1287	60	2020-02-22
2959	3	1611	504	2020-03-02
2960	37	123	738	2020-07-28
2961	80	599	371	2020-07-03
2962	18	1040	398	2020-07-03
2963	61	82	119	2020-05-19
2964	22	1880	674	2020-02-11
2965	41	433	818	2020-07-13
2966	18	486	800	2020-05-05
2967	24	213	462	2020-12-04
2968	8	796	149	2020-05-01
2969	44	661	114	2020-08-10
2970	46	1450	365	2020-07-17
2971	77	874	867	2020-01-23
2972	14	138	645	2020-08-20
2973	75	1758	796	2020-10-16
2974	65	1906	144	2020-11-09
2975	1	1592	906	2020-10-24
2976	55	1481	134	2020-02-14
2977	73	1580	608	2020-01-06
2978	63	1713	625	2020-01-29
2979	13	344	350	2020-09-30
2980	43	1936	586	2020-08-06
2981	54	161	127	2020-07-14
2982	3	287	258	2020-08-19
2983	6	727	727	2020-07-04
2984	12	234	435	2020-04-03
2985	97	1294	44	2020-05-15
2986	74	635	186	2020-10-15
2987	30	702	937	2020-10-02
2988	5	1746	922	2020-11-18
2989	62	2076	750	2020-05-14
2990	64	707	326	2020-01-24
2991	49	1328	40	2020-03-27
2992	39	1437	532	2020-06-13
2993	22	1050	375	2020-01-15
2994	16	452	391	2020-01-15
2995	39	903	617	2020-11-16
2996	16	1880	583	2020-08-28
2997	90	407	323	2020-06-12
2998	98	1172	66	2020-12-28
2999	39	609	551	2020-10-29
3000	11	523	681	2020-12-11
3001	13	874	784	2020-04-11
3002	64	1394	671	2020-12-18
3003	57	1541	679	2020-04-28
3004	66	1375	444	2020-12-09
3005	62	1139	599	2020-03-03
3006	100	739	966	2020-05-03
3007	54	487	646	2020-10-16
3008	86	1903	173	2020-10-18
3009	60	999	955	2020-03-17
3010	35	2048	227	2020-08-29
3011	44	691	204	2020-11-06
3012	1	810	988	2020-10-13
3013	16	1090	750	2020-07-21
3014	4	426	965	2020-11-18
3015	23	1660	759	2020-05-30
3016	76	1917	246	2020-04-08
3017	86	670	527	2020-03-19
3018	18	674	260	2020-07-24
3019	3	588	780	2020-02-04
3020	98	882	451	2020-05-17
3021	32	1824	826	2020-03-02
3022	83	1734	214	2020-07-07
3023	38	234	805	2020-01-23
3024	13	1819	708	2020-08-24
3025	50	806	758	2020-11-24
3026	50	205	652	2020-10-29
3027	75	1698	715	2020-09-05
3028	10	547	329	2020-03-24
3029	92	678	861	2020-07-23
3030	16	1126	490	2020-07-16
3031	32	1861	134	2020-12-27
3032	71	741	139	2020-07-04
3033	69	1549	701	2020-02-09
3034	14	1832	869	2020-02-08
3035	70	1957	714	2020-12-12
3036	26	1100	479	2020-05-30
3037	7	687	627	2020-10-30
3038	82	1625	835	2020-07-16
3039	37	704	469	2020-01-14
3040	37	1543	722	2020-06-19
3041	39	1615	105	2020-05-14
3042	71	794	193	2020-12-16
3043	82	277	617	2020-09-18
3044	32	892	213	2020-04-12
3045	77	138	654	2020-03-29
3046	82	1830	979	2020-06-16
3047	59	666	804	2020-05-27
3048	32	631	164	2020-09-21
3049	84	549	880	2020-07-26
3050	6	1945	314	2020-09-19
3051	100	170	364	2020-08-01
3052	37	1151	726	2020-05-10
3053	11	182	952	2020-01-04
3054	1	1619	158	2020-09-14
3055	8	622	58	2020-08-26
3056	37	1193	850	2020-03-04
3057	67	1285	187	2020-02-04
3058	22	340	730	2020-08-07
3059	95	1266	741	2020-07-02
3060	23	1677	915	2020-03-24
3061	55	1532	809	2020-10-02
3062	95	1830	3	2020-04-01
3063	16	853	564	2020-09-26
3064	22	2088	403	2020-10-29
3065	6	67	121	2020-05-21
3066	31	180	376	2020-05-31
3067	77	476	870	2020-06-08
3068	34	1333	139	2020-12-26
3069	34	132	145	2020-10-15
3070	57	106	292	2020-10-25
3071	42	838	173	2020-07-29
3072	7	1736	38	2020-04-08
3073	61	1541	525	2020-05-24
3074	69	1054	368	2020-05-02
3075	99	992	605	2020-11-04
3076	70	302	774	2020-07-14
3077	42	1618	165	2020-01-23
3078	37	826	460	2020-07-30
3079	86	1346	795	2020-02-13
3080	43	1303	695	2020-04-28
3081	89	1888	687	2020-09-17
3082	99	655	829	2020-10-19
3083	86	126	201	2020-08-22
3084	19	960	453	2020-05-25
3085	9	137	482	2020-06-19
3086	21	1171	976	2020-01-13
3087	28	302	715	2020-07-04
3088	2	148	723	2020-10-20
3089	81	94	514	2020-11-17
3090	2	1260	253	2020-09-30
3091	42	1217	666	2020-01-30
3092	58	1230	749	2020-11-09
3093	11	17	440	2020-05-02
3094	80	208	836	2020-11-28
3095	59	2088	922	2020-01-20
3096	68	49	27	2020-01-27
3097	77	2116	373	2020-12-08
3098	57	1172	990	2020-02-03
3099	34	341	180	2020-08-28
3100	87	203	666	2020-03-31
3101	100	321	110	2020-01-25
3102	21	1073	696	2020-05-27
3103	71	749	965	2020-04-19
3104	12	1763	970	2020-07-17
3105	61	1332	884	2020-05-26
3106	78	1474	57	2020-07-23
3107	14	392	867	2020-10-13
3108	64	485	730	2020-12-26
3109	11	1596	328	2020-03-29
3110	11	1168	398	2020-05-10
3111	79	1795	579	2020-04-22
3112	13	1572	989	2020-07-21
3113	77	501	878	2020-09-11
3114	57	1443	602	2020-09-13
3115	63	304	958	2020-06-05
3116	2	656	645	2020-05-28
3117	21	1602	154	2020-01-14
3118	8	572	949	2020-04-22
3119	64	1231	438	2020-09-10
3120	74	223	851	2020-01-20
3121	4	524	161	2020-06-27
3122	96	580	43	2020-04-02
3123	30	1598	103	2020-05-22
3124	36	1403	447	2020-11-04
3125	48	89	379	2020-07-01
3126	91	1504	315	2020-11-20
3127	58	1173	901	2020-09-05
3128	44	1939	707	2020-06-20
3129	26	1645	931	2020-07-14
3130	65	1674	135	2020-10-03
3131	16	1731	179	2020-02-25
3132	21	1075	865	2020-06-09
3133	6	658	23	2020-12-26
3134	53	1139	782	2020-05-06
3135	74	2082	546	2020-07-01
3136	74	1840	601	2020-07-23
3137	15	1688	457	2020-06-05
3138	55	1234	917	2020-09-13
3139	95	335	446	2020-06-24
3140	3	1687	85	2020-01-27
3141	13	743	296	2020-02-10
3142	73	681	958	2020-07-30
3143	20	865	634	2020-03-01
3144	65	1322	923	2020-09-04
3145	64	1432	142	2020-01-12
3146	86	287	807	2020-05-01
3147	32	1659	308	2020-02-01
3148	30	1993	484	2020-06-18
3149	4	2110	176	2020-08-26
3150	31	1672	985	2020-06-09
3151	37	1608	370	2020-06-14
3152	69	1741	340	2020-10-11
3153	62	375	174	2020-06-30
3154	26	446	904	2020-09-07
3155	36	1911	268	2020-09-20
3156	57	521	941	2020-11-21
3157	87	407	550	2020-02-25
3158	91	1576	891	2020-10-13
3159	66	736	969	2020-05-13
3160	33	794	116	2020-10-03
3161	46	1454	772	2020-07-17
3162	49	1811	884	2020-04-03
3163	79	868	875	2020-12-06
3164	44	311	240	2020-04-05
3165	40	1624	875	2020-06-22
\.


--
-- Data for Name: stores; Type: TABLE DATA; Schema: public; Owner: postgres
--

COPY public.stores (id, address) FROM stdin;
1	Pasіchna Vul., bld. 42, appt. 11, Lvov
2	Pyatnitska Vul., bld. 49, appt. 251, Chernigov
3	Vostochnaya Ul., bld. 7, appt. 35, Donetsk
4	Gazety Pravda Pr., bld. 19, appt. 128, Dnepropetrovsk
5	Vatutina Kv., bld. 24, appt. 33, Lugansk
6	Klochkovskaya Ul., bld. 186/Б, appt. 251, Kharkov
7	Boyarka / Belgorodskaya Ul., bld. 45, appt. 49, Kievo-svyatoshinskiy Rayon
8	Pravdi Pr., bld. 8/А, appt. 30, Kirovograd
9	Krasnoarmeyskaya Ul., bld. 40, Kiev
10	Litvinenka, bld. 42, appt. 135, Vinnitsa
11	Sodruzhestva Ul., bld. 89, appt. 46, Krivoy Rog
12	Malinovskogo Marshala Ul., bld. 13/А, appt. 125, Kiev
13	Silikatnaya Ul., bld. 1, Krivoy Rog
14	Fritaun Ul., bld. 80/1, appt. 49, Kherson
15	Glushko Akademika Pr., bld. 18/А, appt. 119, Odessa
16	Mira Pr., bld. 53/А, appt. 87, Donetsk
17	Zelena Vul., bld. 29, Lvov
18	Getmana Polubotka Vul., bld. 11, appt. 151, Lvov
19	Lenina Ul., bld. 1, appt. 80, Dnepropetrovsk
20	Geroїv Stalіngrada Vul., bld. 22/А, appt. 29, Kirovograd
21	Aleksandrovsk / Podgornaya Ul., bld. 140/А, Lugansk
22	Elektrometallurgov Pr., bld. 71, Nikopol
23	Vigovskogo Vul., bld. 81, appt. 70, Lvov
24	Makhachkalinskaya Ul., bld. 5, appt. 88, Odessa
25	Frunze Ul., bld. 66, appt. 201, Poltava
26	Miru Pr., bld. 56, appt. 14, Chernigov
27	Nikolaevskaya, bld. 34, appt. 29, Nikolaev
28	CHervonogvardіyska Vul., bld. 21, appt. 30, Chernigov
29	SHCHurata Vul., bld. 11, appt. 29, Lvov
30	Novoorlovskaya Ul., bld. 2, appt. 6, Dnepropetrovsk
31	Topol 1 ZH/m, bld. 18, appt. 65, Dnepropetrovsk
32	Tverskaya Ul., bld. 17, appt. 121, Dnepropetrovsk
33	Solnechnyy Kv., bld. 17/А, appt. 105, Lugansk
34	ZHukovskogo Ul., bld. 80, appt. 8, Nikopol
35	Gagarinskiy R-N / Menshikova Ul., bld. 21, appt. 88, Sevastopol
36	Kvyateka, bld. 16/А, appt. 82, Vinnitsa
37	Mira Ul., bld. 100, appt. 49, Kharkov
38	SHevchenko B-R, bld. 83, appt. 52, Donetsk
39	SHCHorsa Ul., bld. 67/А, appt. 45, Belaya Tserkov
40	Klenovaya Ul., bld. 3, appt. 25, Dnepropetrovsk
41	3 Internatsionala Ul., bld. 106, Irpen
42	Pravdy Ul., bld. 219, Krivoy Rog
43	Gamarnika Ul., bld. 31, Donetsk
44	SHevchenko Ul., bld. 110, appt. 49, Nikopol
45	Lenina Pr., bld. 53, appt. 13, Kharkov
46	Kievskaya Ul., bld. 128/А, appt. 12, Simferopol
47	Zabolotnogo Akademika Ul., bld. 21, Kiev
48	Sirka Ul., bld. 26, appt. 20, Nikopol
49	16 Liniya, bld. 7, appt. 140, Lugansk
50	Mikulinetskiy Prov., bld. 4, Ternopol
51	Fortechniy Prov., bld. 21/А, appt. 234, Kirovograd
52	Pushkina B-R, bld. 35, appt. 14, Donetsk
53	Vul. Boguna, bld. 57, Gorlovka
54	Mikhaylo-Kotsyubinske / Nova Vul., bld. 7, Chernigov
55	Sobinova Ul., bld. 133, appt. 23, Donetsk
56	Razenkova Ul., bld. 14, appt. 61, Donetsk
57	Edelshteyna, bld. 8, appt. 48, Vinnitsa
58	Vul. Marshala ZHukova, bld. 2, Gorlovka
59	Kuybysheva Ul., bld. 209, appt. 43, Donetsk
60	Filatova Ul., bld. 7/3, appt. 4, Odessa
61	Tarasovka, bld. 12, Brovar
62	Gres / Popova Bolshevika Ul., bld. 2, appt. 27, Simferopol
63	Kotsyubinskogo Vul., bld. 7, appt. 12, Zhitomir
64	16 Liniya, bld. 38, appt. 129, Lugansk
65	Mechnikova Ul., bld. 98, Irpen
66	Konovaltsya Є. Vul., Ivano-frankovsk
67	Balakina Ul., bld. 37, appt. 70, Krivoy Rog
68	Vesennyaya Ul., bld. 13, appt. 55, Yalta
69	Volkova Kv., bld. 18, appt. 12, Lugansk
70	Litvinenka, bld. 1, appt. 89, Vinnitsa
71	SHtabnoy Per., bld. 6, appt. 127, Dnepropetrovsk
72	Metallurgov, bld. 10, appt. 18, Nikolaev
73	Slovatskaya Ul., bld. 57/А, appt. 41, Donetsk
74	Mikhaylo-Kotsyubinske / Marksa K. Vul., bld. 29/А, Chernigov
75	Vatutina Ul., bld. 43, appt. 42, Krivoy Rog
76	Dimitrova Ul., bld. 36, appt. 40, Krivoy Rog
77	Kosiora Pos. / 40 Let Oktyabrya Ul., bld. 43, Lugansk
78	Pushkina B-R, bld. 35, appt. 34, Donetsk
79	Lyudviga Svobody Pr., bld. 48/А, appt. 233, Kharkov
80	Glushko Akademika Pr., bld. 30/1, appt. 87, Odessa
81	Miru Vul., bld. 10, appt. 30, Ternopol
82	Vul. Rudakova, bld. 56, Gorlovka
83	KHmelnitske SHose, bld. 12, appt. 5, Vinnitsa
84	Sedova Ul., bld. 16, Mariupol
85	YAblunіvka / Robocha Vul., bld. 20, Priluk
86	Barske  SHose, 1 Km, bld. 19, appt. 6, Vinnitsa
87	SHevchenko B-R, bld. 19/А, appt. 20, Donetsk
88	Oktyabrskiy Pr., bld. 24, appt. 54, Nikolaev
89	Schaste-1 / Mira Pl., bld. 8, appt. 7, Lugansk
90	Primorskiy / Sovetskaya Ul., bld. 16, appt. 12, Feodosiya
91	Glushko Akademika Pr., bld. 28, appt. 26, Odessa
92	Moskovskiy Pr., bld. 96, appt. 8, Kharkov
93	Kulagina Ul., bld. 23, appt. 1, Dnepropetrovsk
95	Skvirskoe SHosse, bld. 214/А, appt. 17, Belaya Tserkov
96	Sikhіvska Vul., bld. 19, appt. 55, Lvov
97	Pushkina Generala Ul., bld. 38, appt. 35, Dnepropetrovsk
98	Krylova Ul., bld. 26/А, Nikopol
99	Tyutyunnikіv Vul., bld. 51, appt. 16, Lvov
100	Stepnoy Kv., bld. 10, appt. 184, Lugansk
\.


--
-- Name: prices_id_seq; Type: SEQUENCE SET; Schema: public; Owner: postgres
--

SELECT pg_catalog.setval('public.prices_id_seq', 4033, true);


--
-- Name: products_id_seq; Type: SEQUENCE SET; Schema: public; Owner: postgres
--

SELECT pg_catalog.setval('public.products_id_seq', 2119, true);


--
-- Name: sales_id_seq; Type: SEQUENCE SET; Schema: public; Owner: postgres
--

SELECT pg_catalog.setval('public.sales_id_seq', 3165, true);


--
-- Name: stores_id_seq; Type: SEQUENCE SET; Schema: public; Owner: postgres
--

SELECT pg_catalog.setval('public.stores_id_seq', 100, true);


--
-- Name: sales amount_positive; Type: CHECK CONSTRAINT; Schema: public; Owner: postgres
--

ALTER TABLE public.sales
    ADD CONSTRAINT amount_positive CHECK ((amount > 0)) NOT VALID;


--
-- Name: prices positive_price; Type: CHECK CONSTRAINT; Schema: public; Owner: postgres
--

ALTER TABLE public.prices
    ADD CONSTRAINT positive_price CHECK ((((price)::numeric)::double precision > (0)::double precision)) NOT VALID;


--
-- Name: prices prices_pkey; Type: CONSTRAINT; Schema: public; Owner: postgres
--

ALTER TABLE ONLY public.prices
    ADD CONSTRAINT prices_pkey PRIMARY KEY (id);


--
-- Name: products products_pkey; Type: CONSTRAINT; Schema: public; Owner: postgres
--

ALTER TABLE ONLY public.products
    ADD CONSTRAINT products_pkey PRIMARY KEY (id);


--
-- Name: sales sales_pkey; Type: CONSTRAINT; Schema: public; Owner: postgres
--

ALTER TABLE ONLY public.sales
    ADD CONSTRAINT sales_pkey PRIMARY KEY (id);


--
-- Name: stores stores_address_key; Type: CONSTRAINT; Schema: public; Owner: postgres
--

ALTER TABLE ONLY public.stores
    ADD CONSTRAINT stores_address_key UNIQUE (address);


--
-- Name: stores stores_pkey; Type: CONSTRAINT; Schema: public; Owner: postgres
--

ALTER TABLE ONLY public.stores
    ADD CONSTRAINT stores_pkey PRIMARY KEY (id);


--
-- Name: prices_prod_ind; Type: INDEX; Schema: public; Owner: postgres
--

CREATE INDEX prices_prod_ind ON public.prices USING hash (product_id);


--
-- Name: sales_prod_ind; Type: INDEX; Schema: public; Owner: postgres
--

CREATE INDEX sales_prod_ind ON public.sales USING hash (product_id);


--
-- Name: prices prices_product_id_fkey; Type: FK CONSTRAINT; Schema: public; Owner: postgres
--

ALTER TABLE ONLY public.prices
    ADD CONSTRAINT prices_product_id_fkey FOREIGN KEY (product_id) REFERENCES public.products(id) ON DELETE CASCADE NOT VALID;


--
-- Name: sales sales_product_id_fkey; Type: FK CONSTRAINT; Schema: public; Owner: postgres
--

ALTER TABLE ONLY public.sales
    ADD CONSTRAINT sales_product_id_fkey FOREIGN KEY (product_id) REFERENCES public.products(id) ON DELETE CASCADE NOT VALID;


--
-- Name: sales sales_store_id_fkey; Type: FK CONSTRAINT; Schema: public; Owner: postgres
--

ALTER TABLE ONLY public.sales
    ADD CONSTRAINT sales_store_id_fkey FOREIGN KEY (store_id) REFERENCES public.stores(id) ON DELETE CASCADE NOT VALID;


--
-- PostgreSQL database dump complete
--

